{
"type": "FeatureCollection",
"name": "provinces_simple",
"crs": { "type": "name", "properties": { "name": "urn:ogc:def:crs:OGC:1.3:CRS84" } },
"features": [
{ "type": "Feature", "properties": { "ID_0": 211, "ISO": "KOR", "NAME_0": "South Korea", "ID_1": 1, "NAME_1": "Busan", "NL_NAME_1": "????? | ?????", "VARNAME_1": "Pusan|Busan Gwang'yeogsi|Pusan-gwangyoksi|Fusan", "TYPE_1": "Gwangyeoksi", "ENGTYPE_1": "Metropolitan City" }, "geometry": { "type": "MultiPolygon", "coordinates": [ [ [ [ 128.99041748046875, 34.981803894042969 ], [ 128.991806030273438, 34.97874832153326 ], [ 128.988189697265625, 34.978195190429858 ], [ 128.99041748046875, 34.981803894042969 ] ] ], [ [ [ 128.96986389160179, 35.028194427490519 ], [ 128.974029541015739, 35.025417327880859 ], [ 128.96986389160179, 35.02569580078125 ], [ 128.96986389160179, 35.028194427490519 ] ] ], [ [ [ 129.013748168945313, 35.048194885254077 ], [ 129.015975952148438, 35.047084808349723 ], [ 129.01402282714912, 35.046806335449162 ], [ 129.013748168945313, 35.048194885254077 ] ] ], [ [ [ 128.946533203125, 35.055137634277401 ], [ 128.947082519531932, 35.053749084472884 ], [ 128.942642211914517, 35.053195953369084 ], [ 128.946533203125, 35.055137634277401 ] ] ], [ [ [ 128.901535034179688, 35.058193206787109 ], [ 128.909027099609375, 35.056804656982706 ], [ 128.909027099609375, 35.055973052978743 ], [ 128.901535034179688, 35.058193206787109 ] ] ], [ [ [ 128.934585571289063, 35.059307098388615 ], [ 128.948196411132926, 35.058193206787109 ], [ 128.935409545898551, 35.054306030273438 ], [ 128.934585571289063, 35.059307098388615 ] ] ], [ [ [ 128.89653015136787, 35.060138702392805 ], [ 128.899307250976563, 35.059860229492415 ], [ 128.899307250976563, 35.059028625488452 ], [ 128.89653015136787, 35.060138702392805 ] ] ], [ [ [ 128.905136108398779, 35.061527252197322 ], [ 128.920700073242642, 35.061805725097713 ], [ 128.918472290039745, 35.056526184082145 ], [ 128.905136108398779, 35.061527252197322 ] ] ], [ [ [ 128.830413818359943, 35.067081451416129 ], [ 128.835693359375682, 35.054584503173999 ], [ 128.846527099609489, 35.057083129882926 ], [ 128.851531982422216, 35.041805267334155 ], [ 128.834304809570767, 35.012084960937614 ], [ 128.84097290039108, 34.996528625488509 ], [ 128.827911376953125, 34.988471984863281 ], [ 128.830139160156364, 34.994304656982422 ], [ 128.818466186523892, 35.00263977050804 ], [ 128.827087402343864, 35.013195037841967 ], [ 128.805419921875114, 35.020973205566634 ], [ 128.815414428711392, 35.027915954589957 ], [ 128.796524047851563, 35.054027557373047 ], [ 128.830413818359943, 35.067081451416129 ] ] ], [ [ [ 128.860687255859716, 35.071250915527344 ], [ 128.885421752930142, 35.068473815918196 ], [ 128.885971069335938, 35.066249847412337 ], [ 128.865417480468864, 35.066806793212891 ], [ 128.860687255859716, 35.071250915527344 ] ] ], [ [ [ 128.940979003906932, 35.074584960937557 ], [ 128.946533203125, 35.071529388427905 ], [ 128.944580078125114, 35.06986236572277 ], [ 128.940979003906932, 35.074584960937557 ] ] ], [ [ [ 128.838745117188182, 35.075973510742472 ], [ 128.85542297363304, 35.06958389282255 ], [ 128.85847473144554, 35.063472747802848 ], [ 128.836532592773665, 35.066253662109489 ], [ 128.838745117188182, 35.075973510742472 ] ] ], [ [ [ 128.922637939453239, 35.075416564941349 ], [ 128.918197631835938, 35.076805114746264 ], [ 128.922637939453239, 35.076248168945313 ], [ 128.922637939453239, 35.075416564941349 ] ] ], [ [ [ 128.9112548828125, 35.074859619140796 ], [ 128.904022216796875, 35.069305419921989 ], [ 128.90263366699287, 35.070137023925781 ], [ 128.910690307617188, 35.075973510742472 ], [ 128.918472290039745, 35.078193664551009 ], [ 128.922363281250227, 35.077640533447266 ], [ 128.916534423828239, 35.077083587646484 ], [ 128.9112548828125, 35.074859619140796 ] ] ], [ [ [ 129.089584350585938, 35.079303741455192 ], [ 129.095413208008267, 35.076248168945313 ], [ 129.085144042968864, 35.074584960937557 ], [ 129.089584350585938, 35.079303741455192 ] ] ], [ [ [ 128.832366943359375, 35.083751678466797 ], [ 128.834304809570767, 35.083473205566406 ], [ 128.835968017578352, 35.081806182861271 ], [ 128.832366943359375, 35.083751678466797 ] ] ], [ [ [ 129.125976562500227, 35.094028472900561 ], [ 129.128189086914063, 35.092082977295036 ], [ 129.126251220703693, 35.090415954589901 ], [ 129.125976562500227, 35.094028472900561 ] ] ], [ [ [ 129.059310913086165, 35.101806640625 ], [ 129.079025268554801, 35.087917327880803 ], [ 129.083465576172216, 35.077640533447266 ], [ 129.075973510742301, 35.073749542236612 ], [ 129.096527099609375, 35.059581756591854 ], [ 129.091247558593864, 35.050140380859432 ], [ 129.033752441406477, 35.085140228271541 ], [ 129.04606628418037, 35.086769104004134 ], [ 129.048568725586279, 35.099861145019531 ], [ 129.059310913086165, 35.101806640625 ] ] ], [ [ [ 129.064590454101904, 35.110137939453068 ], [ 129.066253662109489, 35.111804962158374 ], [ 129.06680297851608, 35.110973358154581 ], [ 129.064590454101904, 35.110137939453068 ] ] ], [ [ [ 129.297119140625, 35.393447875976619 ], [ 129.324859619140625, 35.345985412597884 ], [ 129.299301147460938, 35.318195343017578 ], [ 129.280975341796875, 35.326248168945313 ], [ 129.264022827148892, 35.317916870117244 ], [ 129.25625610351608, 35.274581909179688 ], [ 129.233749389648892, 35.262359619140625 ], [ 129.253753662109489, 35.260417938232479 ], [ 129.254028320312614, 35.246528625488281 ], [ 129.245132446289063, 35.243751525879134 ], [ 129.250137329101676, 35.240139007568359 ], [ 129.235137939453125, 35.215694427490348 ], [ 129.228744506836392, 35.224582672119368 ], [ 129.222366333007926, 35.212917327880916 ], [ 129.232086181640625, 35.20152664184576 ], [ 129.224853515625341, 35.185417175293082 ], [ 129.200134277344205, 35.179584503173885 ], [ 129.191802978515966, 35.158748626709041 ], [ 129.158187866211051, 35.158748626709041 ], [ 129.150146484375, 35.150970458984375 ], [ 129.126800537109375, 35.167362213134993 ], [ 129.114028930664176, 35.192638397216797 ], [ 129.118194580078125, 35.176250457763672 ], [ 129.135421752929915, 35.157081604003906 ], [ 129.117355346680142, 35.152084350586051 ], [ 129.110977172851676, 35.135417938232592 ], [ 129.120697021484375, 35.134029388427848 ], [ 129.129867553711506, 35.117916107177734 ], [ 129.126525878906364, 35.097084045410384 ], [ 129.105972290039404, 35.1023597717288 ], [ 129.094589233399006, 35.096527099609432 ], [ 129.092086791992188, 35.108470916748161 ], [ 129.076248168945313, 35.1023597717288 ], [ 129.06707763671875, 35.107360839843807 ], [ 129.071533203125, 35.122360229492358 ], [ 129.050689697265625, 35.122081756591797 ], [ 129.044586181640625, 35.105415344238452 ], [ 129.015579223632813, 35.100612640381087 ], [ 129.026702880859602, 35.08458328247093 ], [ 129.024307250976676, 35.075416564941349 ], [ 129.016250610351563, 35.075138092040959 ], [ 129.023468017578125, 35.062084197998274 ], [ 129.015975952148438, 35.05263900756853 ], [ 129.004302978516307, 35.083751678466797 ], [ 128.992919921875568, 35.082084655761832 ], [ 129.002639770507926, 35.048473358154297 ], [ 128.992645263671989, 35.044860839843864 ], [ 128.990966796875341, 35.057640075683707 ], [ 128.980697631835938, 35.060695648193359 ], [ 128.973190307617301, 35.054306030273438 ], [ 128.984298706054688, 35.053470611572493 ], [ 128.982910156250114, 35.046249389648608 ], [ 128.970687866211051, 35.047359466552962 ], [ 128.977920532227017, 35.039306640625057 ], [ 128.967086791992301, 35.03208160400402 ], [ 128.967910766601563, 35.046527862548771 ], [ 128.95846557617233, 35.04930496215843 ], [ 128.950134277344432, 35.079582214355582 ], [ 128.955978393554688, 35.105972290039063 ], [ 128.949859619140625, 35.106529235840014 ], [ 128.940414428711279, 35.081249237060717 ], [ 128.932357788086051, 35.090415954589901 ], [ 128.937911987304915, 35.107360839843807 ], [ 128.933197021484375, 35.109859466552905 ], [ 128.912353515625227, 35.078472137451399 ], [ 128.894866943359375, 35.078472137451399 ], [ 128.905700683594091, 35.117916107177734 ], [ 128.894577026367642, 35.121250152588004 ], [ 128.884307861328239, 35.078472137451399 ], [ 128.833084106445881, 35.087917327880803 ], [ 128.855529785156932, 35.103515625 ], [ 128.855529785156932, 35.117919921875114 ], [ 128.842620849609943, 35.126800537109602 ], [ 128.84429931640625, 35.142517089843864 ], [ 128.90191650390625, 35.150878906250057 ], [ 128.89877319335983, 35.182373046875284 ], [ 128.905883789063182, 35.190673828125171 ], [ 128.92919921875, 35.204406738281421 ], [ 128.942108154297102, 35.198211669921989 ], [ 129.000305175781591, 35.206726074218977 ], [ 129.042907714843977, 35.269287109375057 ], [ 129.082504272461392, 35.284709930420036 ], [ 129.108795166015739, 35.3140869140625 ], [ 129.138671875, 35.322509765625057 ], [ 129.1552734375, 35.349487304687784 ], [ 129.200927734375114, 35.34649658203125 ], [ 129.240295410156364, 35.38787841796875 ], [ 129.263305664062727, 35.385681152343807 ], [ 129.280517578125, 35.395080566406364 ], [ 129.297119140625, 35.393447875976619 ] ] ] ] } },
{ "type": "Feature", "properties": { "ID_0": 211, "ISO": "KOR", "NAME_0": "South Korea", "ID_1": 2, "NAME_1": "Chungcheongbuk-do", "NL_NAME_1": "???? | ????", "VARNAME_1": "Chungchongbuk-Do|Chungcheongbugdo|Ch'ungch'ong-bukto|Chusei Hoku-do|North Chungchong|Ch'ungch'ong-bukto", "TYPE_1": "Do", "ENGTYPE_1": "Province" }, "geometry": { "type": "Polygon", "coordinates": [ [ [ 128.027343750000227, 37.158233642578239 ], [ 128.087890625000341, 37.157806396484489 ], [ 128.1160888671875, 37.185577392578125 ], [ 128.155090332031705, 37.189178466796875 ], [ 128.179901123046989, 37.203796386718864 ], [ 128.213348388671875, 37.201210021972827 ], [ 128.266601562500341, 37.174804687500114 ], [ 128.312377929687841, 37.180946350097599 ], [ 128.32376098632858, 37.165161132812671 ], [ 128.262115478515739, 37.124557495117244 ], [ 128.283889770508267, 37.102775573730469 ], [ 128.302185058593864, 37.099487304687614 ], [ 128.328811645507813, 37.113960266113395 ], [ 128.38470458984375, 37.116790771484432 ], [ 128.397491455078125, 37.084899902343807 ], [ 128.425506591797102, 37.065093994140682 ], [ 128.47607421875, 37.069793701172046 ], [ 128.491882324218977, 37.078491210937614 ], [ 128.533081054687727, 37.074707031249943 ], [ 128.567199707031591, 37.046905517578296 ], [ 128.633789062500227, 37.036987304687671 ], [ 128.644683837890625, 37.01654052734375 ], [ 128.632995605468864, 37.002716064453352 ], [ 128.595886230469205, 37.004882812500114 ], [ 128.5706787109375, 36.995727539062614 ], [ 128.548706054687841, 36.95880126953125 ], [ 128.508087158203352, 36.946319580078409 ], [ 128.496704101562955, 36.928100585937557 ], [ 128.442901611328125, 36.896484375000057 ], [ 128.419143676758154, 36.852355957031421 ], [ 128.435485839843864, 36.82220458984375 ], [ 128.43212890625, 36.796875 ], [ 128.402709960937727, 36.77490234375 ], [ 128.37091064453125, 36.782073974609489 ], [ 128.34332275390625, 36.768524169921989 ], [ 128.298492431640625, 36.778015136718977 ], [ 128.284484863281591, 36.793701171875114 ], [ 128.259155273437614, 36.799102783203125 ], [ 128.248641967773438, 36.824024200439453 ], [ 128.2354736328125, 36.83270263671875 ], [ 128.205688476562955, 36.801513671875114 ], [ 128.198913574218977, 36.772796630859375 ], [ 128.134521484375114, 36.781127929687614 ], [ 128.124511718750341, 36.796386718750114 ], [ 128.097900390625114, 36.765075683593807 ], [ 128.077606201172102, 36.766601562500057 ], [ 128.057540893554688, 36.780685424804915 ], [ 128.042510986328352, 36.755187988281364 ], [ 128.0244140625, 36.743713378906307 ], [ 128.020507812500341, 36.711303710937614 ], [ 128.056549072265966, 36.684333801269531 ], [ 128.054199218750455, 36.676212310791186 ], [ 127.952499389648438, 36.697784423828239 ], [ 127.885894775390966, 36.644683837890682 ], [ 127.884704589844091, 36.637512207031364 ], [ 127.91177368164108, 36.629791259765682 ], [ 127.914123535156591, 36.594856262207031 ], [ 127.897216796875455, 36.577880859375 ], [ 127.888938903808707, 36.575428009033317 ], [ 127.862915039062614, 36.598602294921989 ], [ 127.842376708984375, 36.60589599609375 ], [ 127.824028015137173, 36.57994461059593 ], [ 127.788818359375341, 36.5751953125 ], [ 127.795783996582145, 36.547401428222713 ], [ 127.849815368652344, 36.532539367676009 ], [ 127.886512756347656, 36.476451873779411 ], [ 127.878814697265625, 36.465118408203068 ], [ 127.852096557617188, 36.457000732421932 ], [ 127.849838256836051, 36.446151733398665 ], [ 127.861083984375, 36.429107666015625 ], [ 127.84439086914108, 36.362091064453239 ], [ 127.847381591797102, 36.352630615234546 ], [ 127.860801696777457, 36.348159790039176 ], [ 127.858558654785611, 36.338573455810547 ], [ 127.869827270508154, 36.324722290039176 ], [ 127.828308105468977, 36.282287597656307 ], [ 127.82895660400402, 36.250446319580021 ], [ 127.852294921875, 36.245208740234375 ], [ 127.882293701172102, 36.25079345703125 ], [ 127.92791748046875, 36.226074218750114 ], [ 127.98028564453125, 36.230285644531364 ], [ 128.011810302734375, 36.222290039062784 ], [ 128.0166015625, 36.189788818359602 ], [ 128.035003662109716, 36.162395477294979 ], [ 128.02182006835983, 36.154998779296875 ], [ 127.986816406250227, 36.166290283203125 ], [ 127.96490478515625, 36.15289306640625 ], [ 127.96051025390625, 36.143096923828239 ], [ 127.975494384765966, 36.114501953125114 ], [ 127.971099853515966, 36.092193603515739 ], [ 127.949890136718864, 36.076110839843977 ], [ 127.9437255859375, 36.030517578125057 ], [ 127.904998779296875, 36.026214599609659 ], [ 127.880310058594091, 36.012298583984489 ], [ 127.879287719727017, 36.002128601074276 ], [ 127.849884033203125, 35.996093749999943 ], [ 127.826416015625, 36.006500244140852 ], [ 127.79449462890625, 35.99310302734375 ], [ 127.757148742676122, 35.991699218750114 ], [ 127.73480224609375, 36.004272460937614 ], [ 127.674102783203352, 36.004821777343864 ], [ 127.653945922851563, 36.024017333984432 ], [ 127.634704589844091, 36.011474609375057 ], [ 127.603317260742301, 36.044635772705021 ], [ 127.593597412109489, 36.080780029296818 ], [ 127.56668090820358, 36.104003906250114 ], [ 127.567901611328125, 36.175872802734602 ], [ 127.547790527344205, 36.19281005859375 ], [ 127.478271484375, 36.20172119140625 ], [ 127.465393066406705, 36.218200683593807 ], [ 127.478698730468977, 36.286712646484432 ], [ 127.494598388671989, 36.30169677734375 ], [ 127.513397216797216, 36.349090576171989 ], [ 127.529502868652457, 36.361400604248161 ], [ 127.523773193359489, 36.373416900634879 ], [ 127.503601074219205, 36.381927490234489 ], [ 127.484802246093977, 36.371795654296989 ], [ 127.478881835937727, 36.378692626953409 ], [ 127.479125976562955, 36.41632080078125 ], [ 127.461151123047102, 36.422943115234659 ], [ 127.454589843750341, 36.435913085937784 ], [ 127.44610595703125, 36.439086914062727 ], [ 127.429290771484602, 36.418334960937614 ], [ 127.412643432617188, 36.418243408203296 ], [ 127.380630493164176, 36.428474426269815 ], [ 127.370208740234375, 36.453979492187557 ], [ 127.33807373046875, 36.456836700439453 ], [ 127.34183502197277, 36.497112274170092 ], [ 127.354888916015966, 36.517303466796932 ], [ 127.3228759765625, 36.537902832031307 ], [ 127.30908203125, 36.558288574218977 ], [ 127.275878906250341, 36.559326171875114 ], [ 127.267364501953352, 36.586269378662223 ], [ 127.240905761719205, 36.601013183593977 ], [ 127.245788574219091, 36.617584228515682 ], [ 127.26910400390625, 36.638397216797102 ], [ 127.267303466796875, 36.660003662109489 ], [ 127.28939819335983, 36.699005126953296 ], [ 127.316284179687727, 36.706481933593807 ], [ 127.324584960937727, 36.731750488281364 ], [ 127.38031005859375, 36.728881835937784 ], [ 127.3931884765625, 36.7373046875 ], [ 127.342590332031364, 36.789489746093807 ], [ 127.328674316406364, 36.794494628906534 ], [ 127.32061767578125, 36.811004638671932 ], [ 127.296295166015625, 36.819442749023551 ], [ 127.297088623046989, 36.828277587890568 ], [ 127.268310546875227, 36.8529052734375 ], [ 127.280792236328239, 36.878601074218864 ], [ 127.298187255859716, 36.888824462890682 ], [ 127.377685546875114, 36.908325195312614 ], [ 127.402191162109716, 36.948883056640625 ], [ 127.449218750000114, 36.964508056640796 ], [ 127.472961425781591, 36.992889404296875 ], [ 127.48388671875, 36.998107910156307 ], [ 127.556976318359489, 36.985595703125114 ], [ 127.564559936523438, 36.989501953125 ], [ 127.570312500000114, 37.012512207031364 ], [ 127.60821533203125, 37.016723632812443 ], [ 127.628295898437614, 37.04730224609375 ], [ 127.638084411621435, 37.099205017089901 ], [ 127.66018676757858, 37.089996337890625 ], [ 127.67510986328125, 37.096752166748047 ], [ 127.7349853515625, 37.163513183593807 ], [ 127.756500244140852, 37.205902099609489 ], [ 127.7655029296875, 37.210083007812614 ], [ 127.776222229004247, 37.21256256103527 ], [ 127.805908203125455, 37.1248779296875 ], [ 127.819488525390625, 37.115905761718693 ], [ 127.928802490234489, 37.125640869140625 ], [ 127.94052124023483, 37.153900146484375 ], [ 127.918701171875341, 37.191192626953239 ], [ 127.964477539062841, 37.213073730468807 ], [ 128.01422119140625, 37.201499938964957 ], [ 128.027343750000227, 37.158233642578239 ] ] ] } },
{ "type": "Feature", "properties": { "ID_0": 211, "ISO": "KOR", "NAME_0": "South Korea", "ID_1": 3, "NAME_1": "Chungcheongnam-do", "NL_NAME_1": "???? | ????", "VARNAME_1": "Chungchongnam-Do|Ch'ungch'ong-namdo|Chusei Nan-do|South Chungchong|Ch'ungch'ong-namdo", "TYPE_1": "Do", "ENGTYPE_1": "Province" }, "geometry": { "type": "MultiPolygon", "coordinates": [ [ [ [ 126.522918701172102, 36.036251068115178 ], [ 126.524864196777344, 36.034027099609489 ], [ 126.521804809570313, 36.034027099609489 ], [ 126.522918701172102, 36.036251068115178 ] ] ], [ [ [ 126.629585266113281, 36.037082672119368 ], [ 126.631805419921989, 36.034862518310831 ], [ 126.629302978515625, 36.035415649414063 ], [ 126.629585266113281, 36.037082672119368 ] ] ], [ [ [ 126.52513885498081, 36.037918090820483 ], [ 126.531806945801463, 36.036251068115178 ], [ 126.529304504394645, 36.035137176513672 ], [ 126.52513885498081, 36.037918090820483 ] ] ], [ [ [ 126.554031372070313, 36.047084808349723 ], [ 126.556808471680029, 36.031806945800781 ], [ 126.539863586425781, 36.035972595215014 ], [ 126.544860839843977, 36.044029235839844 ], [ 126.554031372070313, 36.047084808349723 ] ] ], [ [ [ 126.538749694824446, 36.044860839843807 ], [ 126.541526794434276, 36.046249389648551 ], [ 126.541809082031477, 36.044860839843807 ], [ 126.538749694824446, 36.044860839843807 ] ] ], [ [ [ 126.613471984863281, 36.066528320312671 ], [ 126.616249084473111, 36.064861297607365 ], [ 126.613471984863281, 36.064304351806811 ], [ 126.613471984863281, 36.066528320312671 ] ] ], [ [ [ 126.436248779297557, 36.087917327881144 ], [ 126.446525573730582, 36.081527709961222 ], [ 126.445419311523779, 36.07541656494152 ], [ 126.429862976074219, 36.080417633056868 ], [ 126.436248779297557, 36.087917327881144 ] ] ], [ [ [ 126.575973510742188, 36.126251220703352 ], [ 126.578475952148892, 36.125972747802962 ], [ 126.575973510742188, 36.125694274902401 ], [ 126.575973510742188, 36.126251220703352 ] ] ], [ [ [ 125.966529846191975, 36.124862670898608 ], [ 125.99430847168037, 36.123195648193473 ], [ 125.992919921875455, 36.11069488525402 ], [ 125.985137939453239, 36.120971679687784 ], [ 125.987640380860057, 36.113471984863509 ], [ 125.972915649414176, 36.111526489257813 ], [ 125.966529846191975, 36.124862670898608 ] ] ], [ [ [ 126.549308776855582, 36.12791824340826 ], [ 126.553192138671875, 36.12541580200218 ], [ 126.550697326660497, 36.124305725097656 ], [ 126.549308776855582, 36.12791824340826 ] ] ], [ [ [ 126.484306335449901, 36.1370849609375 ], [ 126.485969543457486, 36.137638092041243 ], [ 126.485969543457486, 36.136528015136889 ], [ 126.484306335449901, 36.1370849609375 ] ] ], [ [ [ 126.057640075684276, 36.209861755371378 ], [ 126.061531066894759, 36.200695037841797 ], [ 126.053474426269531, 36.198192596435717 ], [ 126.047920227051122, 36.206527709961108 ], [ 126.057640075684276, 36.209861755371378 ] ] ], [ [ [ 126.040695190429688, 36.211250305175724 ], [ 126.042083740234602, 36.209304809570426 ], [ 126.040138244628906, 36.209861755371378 ], [ 126.040695190429688, 36.211250305175724 ] ] ], [ [ [ 126.504028320313068, 36.212360382080078 ], [ 126.506248474121776, 36.210693359375171 ], [ 126.505142211914063, 36.210140228271769 ], [ 126.504028320313068, 36.212360382080078 ] ] ], [ [ [ 126.516807556152912, 36.216804504394531 ], [ 126.519584655761946, 36.214584350586165 ], [ 126.516807556152912, 36.215137481689737 ], [ 126.516807556152912, 36.216804504394531 ] ] ], [ [ [ 126.107360839844205, 36.217361450195483 ], [ 126.111251831055029, 36.217361450195483 ], [ 126.111526489257813, 36.215694427490348 ], [ 126.107360839844205, 36.217361450195483 ] ] ], [ [ [ 126.065139770508381, 36.219306945800952 ], [ 126.068191528320881, 36.217639923095646 ], [ 126.06485748291027, 36.218193054199446 ], [ 126.065139770508381, 36.219306945800952 ] ] ], [ [ [ 126.526252746582145, 36.21958160400419 ], [ 126.528472900390625, 36.218471527099837 ], [ 126.526527404785725, 36.21875 ], [ 126.526252746582145, 36.21958160400419 ] ] ], [ [ [ 126.103752136230582, 36.22208404541027 ], [ 126.105140686035497, 36.220417022705305 ], [ 126.103469848632926, 36.220695495605696 ], [ 126.103752136230582, 36.22208404541027 ] ] ], [ [ [ 126.025413513183935, 36.225971221924112 ], [ 126.035697937012401, 36.219306945800952 ], [ 126.030975341796875, 36.216526031494141 ], [ 126.037918090820313, 36.210414886474609 ], [ 126.024307250976563, 36.21875 ], [ 126.025413513183935, 36.225971221924112 ] ] ], [ [ [ 126.078193664550895, 36.235694885253906 ], [ 126.08985900878929, 36.234859466552734 ], [ 126.096527099609489, 36.226249694824276 ], [ 126.068473815918082, 36.221527099609659 ], [ 126.078193664550895, 36.235694885253906 ] ] ], [ [ [ 125.956802368164631, 36.237915039062614 ], [ 125.95819091796875, 36.23652648925804 ], [ 125.956802368164631, 36.235973358154297 ], [ 125.956802368164631, 36.237915039062614 ] ] ], [ [ [ 126.063751220703466, 36.237640380859602 ], [ 126.06764221191429, 36.238193511963004 ], [ 126.067916870117301, 36.237083435058651 ], [ 126.063751220703466, 36.237640380859602 ] ] ], [ [ [ 125.966529846191975, 36.240417480468864 ], [ 125.966804504394645, 36.226528167724666 ], [ 125.957641601562955, 36.228473663330192 ], [ 125.958473205566747, 36.235137939453296 ], [ 125.966529846191975, 36.240417480468864 ] ] ], [ [ [ 126.056526184082031, 36.240970611572266 ], [ 126.06097412109375, 36.237640380859602 ], [ 126.047637939453125, 36.240695953369425 ], [ 126.056526184082031, 36.240970611572266 ] ] ], [ [ [ 126.517639160156705, 36.244304656982536 ], [ 126.523475646973225, 36.244304656982536 ], [ 126.517364501953239, 36.240970611572266 ], [ 126.517639160156705, 36.244304656982536 ] ] ], [ [ [ 126.276802062988622, 36.250137329101847 ], [ 126.285972595214844, 36.249584197998274 ], [ 126.283470153809276, 36.244026184082145 ], [ 126.276802062988622, 36.250137329101847 ] ] ], [ [ [ 126.103469848632926, 36.254859924316463 ], [ 126.106529235840412, 36.253749847412109 ], [ 126.103195190429801, 36.252082824707202 ], [ 126.103469848632926, 36.254859924316463 ] ] ], [ [ [ 125.992637634277344, 36.258750915527514 ], [ 125.995971679687955, 36.257915496826172 ], [ 125.995697021484375, 36.25736236572277 ], [ 125.992637634277344, 36.258750915527514 ] ] ], [ [ [ 126.288192749023551, 36.260139465332031 ], [ 126.292083740234375, 36.259582519531477 ], [ 126.290412902832259, 36.255973815918196 ], [ 126.288192749023551, 36.260139465332031 ] ] ], [ [ [ 126.385139465332372, 36.260971069336222 ], [ 126.387641906738281, 36.259304046630916 ], [ 126.386253356933707, 36.258750915527514 ], [ 126.385139465332372, 36.260971069336222 ] ] ], [ [ [ 126.272087097168537, 36.266803741455192 ], [ 126.274307250977245, 36.267639160156307 ], [ 126.274581909179915, 36.266803741455192 ], [ 126.272087097168537, 36.266803741455192 ] ] ], [ [ [ 126.253471374512173, 36.272914886474723 ], [ 126.256248474121207, 36.271251678466967 ], [ 126.253471374512173, 36.272640228271712 ], [ 126.253471374512173, 36.272914886474723 ] ] ], [ [ [ 126.271804809570426, 36.280418395996151 ], [ 126.266525268554688, 36.265140533447436 ], [ 126.260414123535156, 36.266529083251953 ], [ 126.260696411132813, 36.275970458984375 ], [ 126.271804809570426, 36.280418395996151 ] ] ], [ [ [ 126.222640991211279, 36.28097152709978 ], [ 126.225692749023779, 36.281528472900334 ], [ 126.225418090820313, 36.280139923095987 ], [ 126.222640991211279, 36.28097152709978 ] ] ], [ [ [ 126.209304809570313, 36.282638549804688 ], [ 126.214027404785384, 36.282917022705249 ], [ 126.214584350586051, 36.281806945800895 ], [ 126.209304809570313, 36.282638549804688 ] ] ], [ [ [ 126.195968627929688, 36.287082672119311 ], [ 126.20124816894554, 36.282917022705249 ], [ 126.192916870117188, 36.282081604004134 ], [ 126.195968627929688, 36.287082672119311 ] ] ], [ [ [ 126.204582214355696, 36.28680419921875 ], [ 126.207641601562727, 36.285137176513956 ], [ 126.204307556153026, 36.285694122314567 ], [ 126.204582214355696, 36.28680419921875 ] ] ], [ [ [ 126.294586181640739, 36.294860839843977 ], [ 126.295692443847997, 36.292083740234489 ], [ 126.29347229003929, 36.291526794433878 ], [ 126.294586181640739, 36.294860839843977 ] ] ], [ [ [ 126.244308471680142, 36.296806335449446 ], [ 126.247360229492642, 36.295139312744141 ], [ 126.24375152587902, 36.295696258545092 ], [ 126.244308471680142, 36.296806335449446 ] ] ], [ [ [ 126.318748474121776, 36.298751831054801 ], [ 126.320137023925781, 36.299583435058594 ], [ 126.31986236572277, 36.29819488525402 ], [ 126.318748474121776, 36.298751831054801 ] ] ], [ [ [ 126.260139465332486, 36.304027557373161 ], [ 126.269859313964844, 36.301807403564453 ], [ 126.256805419921875, 36.286529541015909 ], [ 126.25152587890625, 36.294303894043026 ], [ 126.258193969726563, 36.294029235839787 ], [ 126.260139465332486, 36.304027557373161 ] ] ], [ [ [ 126.327362060546875, 36.306526184082259 ], [ 126.329864501953125, 36.305137634277514 ], [ 126.3256912231451, 36.304862976074332 ], [ 126.327362060546875, 36.306526184082259 ] ] ], [ [ [ 126.24958038330135, 36.309581756591967 ], [ 126.255416870117415, 36.308471679687784 ], [ 126.254859924317088, 36.307083129882869 ], [ 126.24958038330135, 36.309581756591967 ] ] ], [ [ [ 126.244857788085938, 36.310695648193644 ], [ 126.247642517089844, 36.310695648193644 ], [ 126.247360229492642, 36.309581756591967 ], [ 126.244857788085938, 36.310695648193644 ] ] ], [ [ [ 126.347640991211165, 36.311805725097656 ], [ 126.356803894042969, 36.309307098388729 ], [ 126.346527099609375, 36.309028625488338 ], [ 126.347640991211165, 36.311805725097656 ] ] ], [ [ [ 126.343475341796875, 36.313751220703352 ], [ 126.34625244140625, 36.313472747802791 ], [ 126.345970153809048, 36.312084197998047 ], [ 126.343475341796875, 36.313751220703352 ] ] ], [ [ [ 126.394859313965526, 36.338470458984318 ], [ 126.397636413574219, 36.338470458984318 ], [ 126.397361755371094, 36.337081909179972 ], [ 126.394859313965526, 36.338470458984318 ] ] ], [ [ [ 126.271247863769759, 36.347637176513899 ], [ 126.274024963378906, 36.345695495605753 ], [ 126.270416259765625, 36.345695495605753 ], [ 126.271247863769759, 36.347637176513899 ] ] ], [ [ [ 126.355697631836392, 36.356803894042969 ], [ 126.370971679687614, 36.334861755371264 ], [ 126.361526489257813, 36.326248168945426 ], [ 126.347640991211165, 36.331527709960994 ], [ 126.342636108398438, 36.325695037842024 ], [ 126.340141296386719, 36.337638854980526 ], [ 126.355697631836392, 36.356803894042969 ] ] ], [ [ [ 126.330413818359375, 36.361251831054744 ], [ 126.329864501953125, 36.357917785644474 ], [ 126.327919006347997, 36.357917785644474 ], [ 126.330413818359375, 36.361251831054744 ] ] ], [ [ [ 126.504859924316861, 36.371528625488281 ], [ 126.509025573730469, 36.369026184082031 ], [ 126.504302978515739, 36.369583129882813 ], [ 126.504859924316861, 36.371528625488281 ] ] ], [ [ [ 126.332641601562614, 36.380973815918082 ], [ 126.334861755371321, 36.378749847412394 ], [ 126.332916259765625, 36.37763977050804 ], [ 126.332641601562614, 36.380973815918082 ] ] ], [ [ [ 126.405136108398551, 36.381248474121094 ], [ 126.408195495605696, 36.379581451416186 ], [ 126.40458679199287, 36.380416870117301 ], [ 126.405136108398551, 36.381248474121094 ] ] ], [ [ [ 126.430694580078239, 36.385417938232479 ], [ 126.439582824707031, 36.374862670898551 ], [ 126.431808471680142, 36.368194580078239 ], [ 126.459030151367415, 36.3629150390625 ], [ 126.459030151367415, 36.35374832153326 ], [ 126.383468627929801, 36.367362976074446 ], [ 126.385139465332372, 36.380416870117301 ], [ 126.397087097168423, 36.381805419921875 ], [ 126.417640686035384, 36.369304656982422 ], [ 126.412086486816975, 36.381526947021655 ], [ 126.430694580078239, 36.385417938232479 ] ] ], [ [ [ 126.409858703613281, 36.388748168945369 ], [ 126.412086486816975, 36.386528015136662 ], [ 126.409301757812955, 36.387359619140625 ], [ 126.409858703613281, 36.388748168945369 ] ] ], [ [ [ 126.445693969726563, 36.390140533447493 ], [ 126.44736480712902, 36.383750915527571 ], [ 126.456527709961506, 36.379028320312557 ], [ 126.439582824707031, 36.379028320312557 ], [ 126.438468933105469, 36.387638092041016 ], [ 126.445693969726563, 36.390140533447493 ] ] ], [ [ [ 126.391525268554688, 36.388473510742188 ], [ 126.394027709960938, 36.390140533447493 ], [ 126.394584655761719, 36.388748168945369 ], [ 126.391525268554688, 36.388473510742188 ] ] ], [ [ [ 126.365135192871094, 36.393749237060547 ], [ 126.371246337890625, 36.389862060546932 ], [ 126.366531372070313, 36.378471374512003 ], [ 126.361808776855923, 36.379581451416186 ], [ 126.365135192871094, 36.393749237060547 ] ] ], [ [ [ 126.399864196777344, 36.397914886474609 ], [ 126.405693054199332, 36.397083282470817 ], [ 126.406524658203125, 36.394859313964901 ], [ 126.399864196777344, 36.397914886474609 ] ] ], [ [ [ 126.411247253418196, 36.396804809570426 ], [ 126.411804199218864, 36.397361755371207 ], [ 126.415138244629475, 36.396526336670206 ], [ 126.411247253418196, 36.396804809570426 ] ] ], [ [ [ 126.430969238281818, 36.400138854980469 ], [ 126.437919616699332, 36.398750305175952 ], [ 126.429306030273438, 36.396804809570426 ], [ 126.430969238281818, 36.400138854980469 ] ] ], [ [ [ 126.334304809570313, 36.402084350586165 ], [ 126.337913513183821, 36.404304504394531 ], [ 126.338752746582145, 36.403194427490348 ], [ 126.334304809570313, 36.402084350586165 ] ] ], [ [ [ 126.34930419921875, 36.405693054199276 ], [ 126.355972290039063, 36.399581909179915 ], [ 126.339302062988736, 36.395416259765852 ], [ 126.33597564697277, 36.384029388427962 ], [ 126.33597564697277, 36.399581909179915 ], [ 126.34930419921875, 36.405693054199276 ] ] ], [ [ [ 126.454025268554688, 36.404582977294922 ], [ 126.458747863770213, 36.404026031494141 ], [ 126.458747863770213, 36.401805877685774 ], [ 126.454025268554688, 36.404582977294922 ] ] ], [ [ [ 126.435417175292969, 36.404861450195483 ], [ 126.440971374511832, 36.405418395996037 ], [ 126.439582824707031, 36.403751373291129 ], [ 126.435417175292969, 36.404861450195483 ] ] ], [ [ [ 126.465698242187727, 36.409862518310661 ], [ 126.470970153808935, 36.409027099609489 ], [ 126.465972900390739, 36.408195495605696 ], [ 126.465698242187727, 36.409862518310661 ] ] ], [ [ [ 126.454864501953125, 36.40958404541027 ], [ 126.457916259765625, 36.411529541015796 ], [ 126.459304809570426, 36.407917022705135 ], [ 126.454864501953125, 36.40958404541027 ] ] ], [ [ [ 126.391525268554688, 36.40958404541027 ], [ 126.389030456543196, 36.40930557251005 ], [ 126.394027709960938, 36.412082672119197 ], [ 126.391525268554688, 36.40958404541027 ] ] ], [ [ [ 126.464584350585938, 36.414028167724666 ], [ 126.46652984619152, 36.411251068115405 ], [ 126.465141296386719, 36.410694122314453 ], [ 126.464584350585938, 36.414028167724666 ] ] ], [ [ [ 126.461807250977245, 36.419029235840071 ], [ 126.465141296386719, 36.417640686035327 ], [ 126.464584350585938, 36.415695190429972 ], [ 126.461807250977245, 36.419029235840071 ] ] ], [ [ [ 126.211807250976676, 36.431251525878963 ], [ 126.214584350586051, 36.428195953369254 ], [ 126.208747863769531, 36.427639007568303 ], [ 126.211807250976676, 36.431251525878963 ] ] ], [ [ [ 126.426528930664404, 36.452640533447436 ], [ 126.428474426269531, 36.450695037842081 ], [ 126.426246643066406, 36.45041656494152 ], [ 126.426528930664404, 36.452640533447436 ] ] ], [ [ [ 126.232360839844091, 36.455696105957088 ], [ 126.236526489257926, 36.450138092040959 ], [ 126.231529235840298, 36.45402908325218 ], [ 126.232360839844091, 36.455696105957088 ] ] ], [ [ [ 126.303474426269645, 36.449306488037166 ], [ 126.30958557128929, 36.454582214355582 ], [ 126.304862976074219, 36.449306488037166 ], [ 126.303474426269645, 36.449306488037166 ] ] ], [ [ [ 126.222084045410156, 36.45930480957054 ], [ 126.225692749023779, 36.45930480957054 ], [ 126.221801757812955, 36.458194732666016 ], [ 126.222084045410156, 36.45930480957054 ] ] ], [ [ [ 126.432357788085938, 36.464584350585938 ], [ 126.435417175292969, 36.463470458984602 ], [ 126.432083129882813, 36.463470458984602 ], [ 126.432357788085938, 36.464584350585938 ] ] ], [ [ [ 126.419303894042969, 36.464305877685717 ], [ 126.423469543457713, 36.46513748168951 ], [ 126.423469543457713, 36.464305877685717 ], [ 126.419303894042969, 36.464305877685717 ] ] ], [ [ [ 126.558197021484943, 36.471248626709041 ], [ 126.557914733886832, 36.45930480957054 ], [ 126.552360534668082, 36.455417633056697 ], [ 126.549308776855582, 36.46513748168951 ], [ 126.558197021484943, 36.471248626709041 ] ] ], [ [ [ 126.415695190429688, 36.472915649414347 ], [ 126.418746948242188, 36.472915649414347 ], [ 126.415138244629475, 36.470138549804688 ], [ 126.415695190429688, 36.472915649414347 ] ] ], [ [ [ 126.074302673340412, 36.482917785644531 ], [ 126.071250915527912, 36.480972290039063 ], [ 126.07069396972679, 36.482360839843977 ], [ 126.074302673340412, 36.482917785644531 ] ] ], [ [ [ 126.15569305419956, 36.511528015136719 ], [ 126.162918090820995, 36.510417938232365 ], [ 126.158195495605469, 36.508472442627067 ], [ 126.15569305419956, 36.511528015136719 ] ] ], [ [ [ 126.482635498046875, 36.521251678466911 ], [ 126.487640380859602, 36.519584655761946 ], [ 126.482635498046875, 36.516529083252124 ], [ 126.482635498046875, 36.521251678466911 ] ] ], [ [ [ 126.438751220703125, 36.515693664550781 ], [ 126.44291687011787, 36.520137786865178 ], [ 126.444030761718864, 36.515693664550781 ], [ 126.438751220703125, 36.515693664550781 ] ] ], [ [ [ 126.426246643066406, 36.524860382080362 ], [ 126.429031372070313, 36.524307250976563 ], [ 126.426528930664404, 36.523471832275447 ], [ 126.426246643066406, 36.524860382080362 ] ] ], [ [ [ 126.429862976074219, 36.526248931884709 ], [ 126.432914733886719, 36.525417327880916 ], [ 126.430419921875227, 36.525138854980753 ], [ 126.429862976074219, 36.526248931884709 ] ] ], [ [ [ 126.188751220703352, 36.571529388427962 ], [ 126.193748474121094, 36.567359924316577 ], [ 126.188751220703352, 36.57097244262718 ], [ 126.188751220703352, 36.571529388427962 ] ] ], [ [ [ 126.175697326660838, 36.57097244262718 ], [ 126.17624664306652, 36.569862365722656 ], [ 126.174026489257813, 36.570415496826399 ], [ 126.175697326660838, 36.57097244262718 ] ] ], [ [ [ 126.195419311524006, 36.582916259765682 ], [ 126.199028015136832, 36.577362060547102 ], [ 126.194862365722884, 36.578193664550895 ], [ 126.195419311524006, 36.582916259765682 ] ] ], [ [ [ 126.20263671875, 36.585414886474609 ], [ 126.206253051757813, 36.584583282470817 ], [ 126.202079772949332, 36.583194732666243 ], [ 126.20263671875, 36.585414886474609 ] ] ], [ [ [ 126.200416564941406, 36.590972900390739 ], [ 126.201530456543196, 36.592082977294922 ], [ 126.204307556153026, 36.590972900390739 ], [ 126.200416564941406, 36.590972900390739 ] ] ], [ [ [ 126.383193969726676, 36.607917785644815 ], [ 126.386253356933707, 36.601249694824503 ], [ 126.379859924316975, 36.590972900390739 ], [ 126.374862670898438, 36.59708404541044 ], [ 126.383193969726676, 36.607917785644815 ] ] ], [ [ [ 126.24375152587902, 36.608749389648608 ], [ 126.246246337890739, 36.600139617920149 ], [ 126.241806030273438, 36.587917327880859 ], [ 126.234024047851676, 36.596805572509879 ], [ 126.235420227051122, 36.606529235840071 ], [ 126.24375152587902, 36.608749389648608 ] ] ], [ [ [ 125.540969848632813, 36.612640380859432 ], [ 125.547363281250455, 36.609584808349723 ], [ 125.546524047851676, 36.608470916748217 ], [ 125.540969848632813, 36.612640380859432 ] ] ], [ [ [ 126.356529235840185, 36.617362976074219 ], [ 126.376525878906364, 36.588470458984659 ], [ 126.375968933106151, 36.578750610351676 ], [ 126.35986328125, 36.570415496826399 ], [ 126.37541961669956, 36.564582824707259 ], [ 126.376525878906364, 36.536804199218864 ], [ 126.38735961914108, 36.525138854980753 ], [ 126.378753662109375, 36.517639160156477 ], [ 126.402359008789631, 36.507083892822493 ], [ 126.398750305176009, 36.489860534668253 ], [ 126.410415649414063, 36.492637634277344 ], [ 126.408752441406364, 36.477085113525561 ], [ 126.417915344238395, 36.464862823486328 ], [ 126.407363891601563, 36.452640533447436 ], [ 126.432357788085938, 36.437637329101676 ], [ 126.427917480469318, 36.432361602783317 ], [ 126.435142517089844, 36.419303894043082 ], [ 126.421524047851676, 36.410694122314453 ], [ 126.427635192871207, 36.399028778076115 ], [ 126.412086486816975, 36.403194427490348 ], [ 126.410415649414063, 36.413192749023551 ], [ 126.397636413574219, 36.413192749023551 ], [ 126.401527404785838, 36.419582366943473 ], [ 126.381248474121094, 36.419860839844034 ], [ 126.371803283691406, 36.410465240478459 ], [ 126.361251831054801, 36.415138244628849 ], [ 126.35986328125, 36.423751831054688 ], [ 126.350418090820995, 36.424861907959041 ], [ 126.361251831054801, 36.440692901611385 ], [ 126.33180236816429, 36.437084197998274 ], [ 126.339302062988736, 36.471527099609432 ], [ 126.324859619141307, 36.468193054199219 ], [ 126.336250305176236, 36.492916107177905 ], [ 126.3256912231451, 36.519584655761946 ], [ 126.33180236816429, 36.555973052978629 ], [ 126.312080383301463, 36.570415496826399 ], [ 126.312362670898438, 36.585971832275391 ], [ 126.319305419921989, 36.587081909179744 ], [ 126.339302062988736, 36.61180496215843 ], [ 126.356529235840185, 36.617362976074219 ] ] ], [ [ [ 126.373748779297443, 36.618473052978743 ], [ 126.377082824707145, 36.618194580078352 ], [ 126.374580383301236, 36.616527557373047 ], [ 126.373748779297443, 36.618473052978743 ] ] ], [ [ [ 125.573753356933935, 36.621807098388615 ], [ 125.581253051758381, 36.614028930664347 ], [ 125.581527709961051, 36.611251831054688 ], [ 125.571525573731037, 36.616249084472884 ], [ 125.573753356933935, 36.621807098388615 ] ] ], [ [ [ 125.557083129882813, 36.625415802002067 ], [ 125.563194274902798, 36.626804351806641 ], [ 125.561531066895213, 36.622360229492415 ], [ 125.557083129882813, 36.625415802002067 ] ] ], [ [ [ 125.719306945800781, 36.63208389282255 ], [ 125.712364196777457, 36.627082824707031 ], [ 125.709587097167969, 36.629028320312727 ], [ 125.71013641357456, 36.633472442626953 ], [ 125.719306945800781, 36.63208389282255 ] ] ], [ [ [ 126.084030151367756, 36.635692596435661 ], [ 126.087364196777457, 36.635417938232649 ], [ 126.084861755371548, 36.634029388427905 ], [ 126.084030151367756, 36.635692596435661 ] ] ], [ [ [ 126.12347412109375, 36.642639160156534 ], [ 126.12652587890625, 36.640140533447266 ], [ 126.122917175292969, 36.64152908325218 ], [ 126.12347412109375, 36.642639160156534 ] ] ], [ [ [ 125.6915283203125, 36.647361755371321 ], [ 125.693473815918423, 36.640972137451399 ], [ 125.702362060547443, 36.637638092040959 ], [ 125.68930816650402, 36.639583587646484 ], [ 125.6915283203125, 36.647361755371321 ] ] ], [ [ [ 126.005416870117188, 36.647914886474894 ], [ 126.009582519531591, 36.646526336669979 ], [ 126.005416870117188, 36.646526336669979 ], [ 126.005416870117188, 36.647914886474894 ] ] ], [ [ [ 125.84764099121162, 36.654582977295036 ], [ 125.85069274902412, 36.652362823486328 ], [ 125.848747253418082, 36.652084350586108 ], [ 125.84764099121162, 36.654582977295036 ] ] ], [ [ [ 125.820968627929688, 36.660137176513615 ], [ 125.8245849609375, 36.658195495605469 ], [ 125.820968627929688, 36.658748626709269 ], [ 125.820968627929688, 36.660137176513615 ] ] ], [ [ [ 125.743469238281364, 36.664028167724837 ], [ 125.748474121094091, 36.663749694824446 ], [ 125.746803283691975, 36.660972595214957 ], [ 125.743469238281364, 36.664028167724837 ] ] ], [ [ [ 125.85680389404331, 36.664028167724837 ], [ 125.863471984863963, 36.663471221923885 ], [ 125.862358093261719, 36.661529541015739 ], [ 125.85680389404331, 36.664028167724837 ] ] ], [ [ [ 126.031806945800781, 36.666526794433537 ], [ 126.036529541016193, 36.667362213134879 ], [ 126.036804199218864, 36.665973663330305 ], [ 126.031806945800781, 36.666526794433537 ] ] ], [ [ [ 126.261528015137401, 36.668193817138672 ], [ 126.265975952148551, 36.669029235840014 ], [ 126.265975952148551, 36.666805267334098 ], [ 126.261528015137401, 36.668193817138672 ] ] ], [ [ [ 126.260414123535156, 36.675693511963118 ], [ 126.261802673340071, 36.673473358154581 ], [ 126.260139465332486, 36.674026489257813 ], [ 126.260414123535156, 36.675693511963118 ] ] ], [ [ [ 126.13541412353527, 36.688751220703352 ], [ 126.149307250976563, 36.684860229492358 ], [ 126.144302368164631, 36.679862976074503 ], [ 126.151527404785156, 36.678749084472827 ], [ 126.153198242188182, 36.671249389648722 ], [ 126.12930297851608, 36.669303894043196 ], [ 126.12652587890625, 36.675971984863509 ], [ 126.137359619141307, 36.679862976074503 ], [ 126.133750915527685, 36.684860229492358 ], [ 126.12625122070358, 36.67652893066429 ], [ 126.12347412109375, 36.679584503173942 ], [ 126.13541412353527, 36.688751220703352 ] ] ], [ [ [ 126.084304809570426, 36.691806793212834 ], [ 126.090141296386946, 36.68236160278343 ], [ 126.081527709960938, 36.671806335449276 ], [ 126.046806335449219, 36.670696258544922 ], [ 126.076248168945313, 36.679584503173942 ], [ 126.084304809570426, 36.691806793212834 ] ] ], [ [ [ 126.092086791992188, 36.704860687255916 ], [ 126.094024658203239, 36.703193664550781 ], [ 126.092918395996776, 36.702640533447379 ], [ 126.092086791992188, 36.704860687255916 ] ] ], [ [ [ 126.112358093261832, 36.706806182861385 ], [ 126.115692138672443, 36.704029083252124 ], [ 126.110420227051236, 36.702362060546989 ], [ 126.112358093261832, 36.706806182861385 ] ] ], [ [ [ 125.948471069335938, 36.725418090820597 ], [ 125.945137023925781, 36.720417022705021 ], [ 125.94180297851608, 36.72319412231468 ], [ 125.942359924316406, 36.725692749023438 ], [ 125.948471069335938, 36.725418090820597 ] ] ], [ [ [ 126.156806945801009, 36.748195648193416 ], [ 126.161247253417969, 36.749027252197209 ], [ 126.159301757813182, 36.746528625488509 ], [ 126.156806945801009, 36.748195648193416 ] ] ], [ [ [ 126.142082214355923, 36.794582366943473 ], [ 126.145973205566406, 36.794860839843864 ], [ 126.145973205566406, 36.794029235839901 ], [ 126.142082214355923, 36.794582366943473 ] ] ], [ [ [ 126.141525268554801, 36.799583435058821 ], [ 126.145416259765625, 36.801528930664176 ], [ 126.145973205566406, 36.800140380859602 ], [ 126.141525268554801, 36.799583435058821 ] ] ], [ [ [ 126.307357788085938, 36.865417480469034 ], [ 126.314857482910156, 36.862915039062557 ], [ 126.307357788085938, 36.862915039062557 ], [ 126.307357788085938, 36.865417480469034 ] ] ], [ [ [ 126.361251831054801, 36.86986160278343 ], [ 126.36374664306652, 36.871250152588004 ], [ 126.362640380859716, 36.869304656982479 ], [ 126.361251831054801, 36.86986160278343 ] ] ], [ [ [ 126.382080078125682, 36.88791656494169 ], [ 126.386802673339957, 36.892360687256087 ], [ 126.3870849609375, 36.888748168945483 ], [ 126.382080078125682, 36.88791656494169 ] ] ], [ [ [ 126.150970458984943, 36.895416259765568 ], [ 126.152915954589844, 36.894027709961222 ], [ 126.149864196777344, 36.894306182861612 ], [ 126.150970458984943, 36.895416259765568 ] ] ], [ [ [ 126.148750305176236, 36.897914886474666 ], [ 126.151527404785156, 36.898193359375227 ], [ 126.151527404785156, 36.897083282470874 ], [ 126.148750305176236, 36.897914886474666 ] ] ], [ [ [ 126.198471069336506, 36.901248931884936 ], [ 126.200973510742188, 36.900138854980582 ], [ 126.196807861328125, 36.899860382080192 ], [ 126.198471069336506, 36.901248931884936 ] ] ], [ [ [ 126.32763671875, 36.915416717529524 ], [ 126.338195800781477, 36.913471221923828 ], [ 126.345695495605469, 36.901248931884936 ], [ 126.333190917969205, 36.902915954589844 ], [ 126.32763671875, 36.915416717529524 ] ] ], [ [ [ 126.350692749023665, 36.918750762939567 ], [ 126.354583740234489, 36.917083740234432 ], [ 126.350692749023665, 36.918193817138786 ], [ 126.350692749023665, 36.918750762939567 ] ] ], [ [ [ 126.16180419921875, 36.924861907959269 ], [ 126.164024353027457, 36.923751831054915 ], [ 126.160972595214957, 36.923473358154354 ], [ 126.16180419921875, 36.924861907959269 ] ] ], [ [ [ 126.388748168945995, 36.928195953369368 ], [ 126.389862060546989, 36.926807403564624 ], [ 126.387916564941406, 36.926528930664063 ], [ 126.388748168945995, 36.928195953369368 ] ] ], [ [ [ 126.370140075683821, 36.926528930664063 ], [ 126.380416870117301, 36.925971984863281 ], [ 126.390419006348111, 36.924026489257756 ], [ 126.390693664550781, 36.922084808349609 ], [ 126.370971679687614, 36.917362213134993 ], [ 126.370140075683821, 36.926528930664063 ] ] ], [ [ [ 126.166809082031818, 36.92874908447277 ], [ 126.171524047851904, 36.927639007568416 ], [ 126.167083740234489, 36.925140380859489 ], [ 126.166809082031818, 36.92874908447277 ] ] ], [ [ [ 126.354026794433821, 36.932640075683594 ], [ 126.356803894042969, 36.929862976074276 ], [ 126.352363586425781, 36.929584503173885 ], [ 126.354026794433821, 36.932640075683594 ] ] ], [ [ [ 126.158195495605469, 36.931804656982422 ], [ 126.161247253417969, 36.932918548583984 ], [ 126.161247253417969, 36.932361602783203 ], [ 126.158195495605469, 36.931804656982422 ] ] ], [ [ [ 126.304862976074219, 36.929584503173885 ], [ 126.309303283691634, 36.929584503173885 ], [ 126.309028625488963, 36.928195953369368 ], [ 126.304862976074219, 36.929584503173885 ] ] ], [ [ [ 126.336250305176236, 36.94041824340826 ], [ 126.345413208007926, 36.923194885253963 ], [ 126.345413208007926, 36.921527862549055 ], [ 126.336250305176236, 36.933193206787337 ], [ 126.336250305176236, 36.94041824340826 ] ] ], [ [ [ 126.309028625488963, 36.941806793213175 ], [ 126.31402587890625, 36.939304351806697 ], [ 126.307914733886719, 36.935974121093807 ], [ 126.309028625488963, 36.941806793213175 ] ] ], [ [ [ 126.805969238281477, 36.940971374511832 ], [ 126.812080383301009, 36.944862365722827 ], [ 126.811248779297216, 36.941806793213175 ], [ 126.805969238281477, 36.940971374511832 ] ] ], [ [ [ 126.797920227050781, 36.948471069335938 ], [ 126.799308776855469, 36.950138092041243 ], [ 126.799583435058821, 36.948192596435547 ], [ 126.797920227050781, 36.948471069335938 ] ] ], [ [ [ 126.334304809570313, 36.970417022705362 ], [ 126.336524963378906, 36.970417022705362 ], [ 126.336250305176236, 36.969306945801009 ], [ 126.334304809570313, 36.970417022705362 ] ] ], [ [ [ 126.446807861328693, 37.024581909179688 ], [ 126.454307556152798, 37.017639160156364 ], [ 126.452636718750227, 37.01374816894554 ], [ 126.446807861328693, 37.024581909179688 ] ] ], [ [ [ 126.422080993652798, 37.024028778076286 ], [ 126.431808471680142, 37.022914886474553 ], [ 126.43402862548885, 37.020137786865462 ], [ 126.422080993652798, 37.024028778076286 ] ] ], [ [ [ 126.385696411133495, 37.026248931884822 ], [ 126.388748168945995, 37.023471832275675 ], [ 126.383750915527457, 37.021251678466967 ], [ 126.385696411133495, 37.026248931884822 ] ] ], [ [ [ 126.43708038330135, 37.032360076904524 ], [ 126.446250915527571, 37.033473968505859 ], [ 126.448471069336279, 37.030693054199389 ], [ 126.43708038330135, 37.032360076904524 ] ] ], [ [ [ 126.453193664550895, 37.04264068603544 ], [ 126.453750610351676, 37.032081604004134 ], [ 126.44013977050804, 37.035415649414006 ], [ 126.440696716309162, 37.038749694824446 ], [ 126.453193664550895, 37.04264068603544 ] ] ], [ [ [ 126.409858703613281, 37.052917480468864 ], [ 126.412361145019645, 37.052639007568473 ], [ 126.410415649414063, 37.052082061767862 ], [ 126.409858703613281, 37.052917480468864 ] ] ], [ [ [ 126.417915344238395, 37.062915802002237 ], [ 126.445137023925781, 37.061527252197493 ], [ 126.450691223144986, 37.044029235839844 ], [ 126.420692443847884, 37.041248321533374 ], [ 126.417915344238395, 37.062915802002237 ] ] ], [ [ [ 126.51041412353527, 37.065692901611499 ], [ 126.535972595214957, 37.04013824462902 ], [ 126.559303283691406, 37.037082672119311 ], [ 126.631248474121662, 37.002639770507813 ], [ 126.698471069336051, 37.000694274902287 ], [ 126.704582214355582, 36.991806030273665 ], [ 126.781806945801236, 36.976806640625284 ], [ 126.780975341797443, 36.965137481689624 ], [ 126.800971984863281, 36.926250457763672 ], [ 126.810691833496094, 36.92874908447277 ], [ 126.826530456542969, 36.886249542236385 ], [ 126.864303588867188, 36.880695343017578 ], [ 126.908470153808707, 36.888473510742244 ], [ 126.92132568359375, 36.89947509765625 ], [ 126.978088378906364, 36.906677246093921 ], [ 127.033203125000114, 36.900604248046875 ], [ 127.079101562500227, 36.909149169921818 ], [ 127.093597412109602, 36.92291259765625 ], [ 127.119972229004361, 36.925109863281364 ], [ 127.241485595703239, 36.8739013671875 ], [ 127.292602539062614, 36.833587646484489 ], [ 127.296295166015625, 36.819442749023551 ], [ 127.32061767578125, 36.811004638671932 ], [ 127.328674316406364, 36.794494628906534 ], [ 127.342590332031364, 36.789489746093807 ], [ 127.3931884765625, 36.7373046875 ], [ 127.38031005859375, 36.728881835937784 ], [ 127.324584960937727, 36.731750488281364 ], [ 127.316284179687727, 36.706481933593807 ], [ 127.28939819335983, 36.699005126953296 ], [ 127.267303466796875, 36.660003662109489 ], [ 127.26910400390625, 36.638397216797102 ], [ 127.241699218750114, 36.60687255859375 ], [ 127.245277404785156, 36.596092224121207 ], [ 127.2711181640625, 36.580810546875227 ], [ 127.26937866210983, 36.564392089843977 ], [ 127.30908203125, 36.558288574218977 ], [ 127.3228759765625, 36.537902832031307 ], [ 127.354888916015966, 36.517303466796932 ], [ 127.34183502197277, 36.497112274170092 ], [ 127.330810546875341, 36.420501708984375 ], [ 127.30450439453125, 36.401489257812557 ], [ 127.263351440429915, 36.392059326171818 ], [ 127.257507324218864, 36.372497558593807 ], [ 127.265808105468864, 36.355987548828239 ], [ 127.254112243652798, 36.345642089843807 ], [ 127.256591796875455, 36.32098388671875 ], [ 127.239318847656477, 36.290313720703352 ], [ 127.242149353027344, 36.275585174560661 ], [ 127.265716552734489, 36.25152587890625 ], [ 127.27227783203125, 36.226318359374943 ], [ 127.308563232422102, 36.199478149414063 ], [ 127.332611083984375, 36.218994140625057 ], [ 127.343635559082372, 36.258541107177791 ], [ 127.362976074219205, 36.25018310546875 ], [ 127.364501953125455, 36.218078613281364 ], [ 127.41400146484375, 36.180206298828296 ], [ 127.42333984375, 36.180465698242244 ], [ 127.441146850585938, 36.199142456054915 ], [ 127.471580505371094, 36.204895019531364 ], [ 127.552673339843864, 36.18951416015625 ], [ 127.567901611328125, 36.175872802734602 ], [ 127.56668090820358, 36.104003906250114 ], [ 127.593597412109489, 36.080780029296818 ], [ 127.61358642578125, 36.029815673828239 ], [ 127.634704589844091, 36.011474609375057 ], [ 127.648918151855582, 36.01969146728527 ], [ 127.643463134765739, 35.9888916015625 ], [ 127.614875793457259, 35.973602294921875 ], [ 127.562500000000114, 35.97308349609375 ], [ 127.550292968750114, 35.975692749023381 ], [ 127.537384033203125, 36.001586914062614 ], [ 127.455902099609602, 35.991424560547102 ], [ 127.389801025390966, 36.020843505859489 ], [ 127.367492675781477, 36.06707763671875 ], [ 127.306488037109375, 36.128074645996207 ], [ 127.240509033203125, 36.1044921875 ], [ 127.226989746093864, 36.089202880859375 ], [ 127.193481445312841, 36.096496582031307 ], [ 127.145385742187727, 36.077484130859489 ], [ 127.132080078125, 36.080204010009822 ], [ 127.126182556152344, 36.067276000976563 ], [ 127.087585449218864, 36.06842041015625 ], [ 127.05072021484375, 36.07891845703125 ], [ 127.025695800781477, 36.133880615234432 ], [ 126.941284179687614, 36.159698486328239 ], [ 126.886947631836392, 36.141181945800838 ], [ 126.8726806640625, 36.117309570312727 ], [ 126.865180969238395, 36.087547302246151 ], [ 126.873474121094318, 36.085876464844034 ], [ 126.8634033203125, 36.068389892578068 ], [ 126.823394775390739, 36.049041748047102 ], [ 126.814208984375, 36.037109374999943 ], [ 126.78228759765625, 36.036682128906364 ], [ 126.752403259277344, 36.025779724121151 ], [ 126.727912902832031, 36.000694274902514 ], [ 126.679862976074219, 36.009304046631144 ], [ 126.667640686035156, 36.004028320312727 ], [ 126.660140991211051, 36.010417938232649 ], [ 126.659584045410384, 36.027915954589957 ], [ 126.667640686035156, 36.032917022705305 ], [ 126.64375305175804, 36.055137634277571 ], [ 126.632637023925781, 36.054306030273438 ], [ 126.629585266113281, 36.078472137451399 ], [ 126.618469238281818, 36.076805114746094 ], [ 126.625694274902344, 36.085693359375284 ], [ 126.642913818359375, 36.087081909179631 ], [ 126.644302368164176, 36.093471527099553 ], [ 126.631805419921989, 36.090721130371264 ], [ 126.632080078125455, 36.097915649414176 ], [ 126.6209716796875, 36.102085113525391 ], [ 126.612358093262287, 36.095973968505859 ], [ 126.590972900390625, 36.128471374511662 ], [ 126.569580078125341, 36.14014053344755 ], [ 126.556526184082031, 36.128192901611499 ], [ 126.537635803222656, 36.149028778076172 ], [ 126.509307861328466, 36.151248931884879 ], [ 126.501808166504361, 36.142082214355696 ], [ 126.503753662109602, 36.129028320312614 ], [ 126.494026184082259, 36.133193969726676 ], [ 126.491806030273551, 36.160137176513899 ], [ 126.520141601562614, 36.159862518310717 ], [ 126.527084350585938, 36.174861907959269 ], [ 126.523475646973225, 36.186248779296989 ], [ 126.539306640625568, 36.200138092041186 ], [ 126.525695800781932, 36.234027862548942 ], [ 126.548194885254134, 36.263195037841911 ], [ 126.540695190429688, 36.277362823486328 ], [ 126.534309387207031, 36.276527404785327 ], [ 126.539581298828239, 36.279304504394645 ], [ 126.527084350585938, 36.298473358154411 ], [ 126.517364501953239, 36.297359466552678 ], [ 126.499862670898438, 36.324859619140682 ], [ 126.558746337890625, 36.350418090820369 ], [ 126.580413818359489, 36.349029541015852 ], [ 126.585975646973338, 36.34486007690424 ], [ 126.586807250977131, 36.345417022705192 ], [ 126.57791900634777, 36.350971221923999 ], [ 126.54569244384777, 36.354026794433821 ], [ 126.510696411133381, 36.380416870117301 ], [ 126.480697631836279, 36.382083892822266 ], [ 126.485137939453693, 36.40958404541027 ], [ 126.499305725097656, 36.420970916748217 ], [ 126.494857788086051, 36.425971984863395 ], [ 126.516807556152912, 36.438751220703239 ], [ 126.533470153809048, 36.440139770507983 ], [ 126.540412902832031, 36.45041656494152 ], [ 126.565414428710938, 36.452083587646484 ], [ 126.572639465332372, 36.475692749023494 ], [ 126.591804504394531, 36.469581604004134 ], [ 126.612640380859489, 36.483196258544922 ], [ 126.58819580078125, 36.475692749023494 ], [ 126.562362670898438, 36.484306335449276 ], [ 126.527359008789517, 36.455696105957088 ], [ 126.524024963378906, 36.443748474121037 ], [ 126.495140075683707, 36.432918548584269 ], [ 126.499031066894531, 36.443195343017805 ], [ 126.483474731445313, 36.452362060546875 ], [ 126.489585876464844, 36.469028472900334 ], [ 126.480140686035156, 36.477638244628963 ], [ 126.482635498046875, 36.506805419922102 ], [ 126.504028320313068, 36.524860382080362 ], [ 126.542358398438068, 36.504028320312443 ], [ 126.559303283691406, 36.505695343017749 ], [ 126.560974121093977, 36.510692596435604 ], [ 126.5454177856451, 36.507362365722884 ], [ 126.504585266113395, 36.531250000000284 ], [ 126.488746643066406, 36.520416259765739 ], [ 126.463752746582031, 36.545139312744311 ], [ 126.470695495605469, 36.559581756591911 ], [ 126.455413818359375, 36.594860076904581 ], [ 126.412635803222656, 36.604583740234375 ], [ 126.414024353027344, 36.614307403564737 ], [ 126.403198242187955, 36.617362976074219 ], [ 126.360420227051009, 36.624862670898665 ], [ 126.357086181641307, 36.618473052978743 ], [ 126.339584350585938, 36.614307403564737 ], [ 126.322082519531477, 36.600692749023551 ], [ 126.316802978515739, 36.587917327880859 ], [ 126.304031372070426, 36.594028472900618 ], [ 126.304862976074219, 36.585140228271598 ], [ 126.29319763183662, 36.577083587646712 ], [ 126.282913208008154, 36.591804504394531 ], [ 126.290138244629588, 36.605693817138899 ], [ 126.281806945800895, 36.622360229492415 ], [ 126.291809082031705, 36.621528625488452 ], [ 126.288192749023551, 36.619583129882926 ], [ 126.289863586425781, 36.616527557373047 ], [ 126.299858093261946, 36.623195648193359 ], [ 126.297080993652912, 36.65847396850603 ], [ 126.281250000000568, 36.673473358154581 ], [ 126.265693664550895, 36.670696258544922 ], [ 126.260696411132813, 36.690692901611328 ], [ 126.27291870117233, 36.703193664550781 ], [ 126.270690917969432, 36.72652816772478 ], [ 126.278472900390739, 36.720138549804858 ], [ 126.280975341797102, 36.727085113525334 ], [ 126.270690917969432, 36.730693817138956 ], [ 126.252082824707259, 36.713748931884936 ], [ 126.235969543457713, 36.717918395996321 ], [ 126.239303588867415, 36.702362060546989 ], [ 126.229026794433594, 36.692085266113224 ], [ 126.208190917969318, 36.693473815918139 ], [ 126.209587097167969, 36.68791580200201 ], [ 126.197639465332713, 36.685695648193303 ], [ 126.196807861328125, 36.673751831054801 ], [ 126.155418395996094, 36.677082061767692 ], [ 126.146530151367529, 36.703193664550781 ], [ 126.162086486816406, 36.707637786865178 ], [ 126.167915344238281, 36.71763992309576 ], [ 126.19819641113304, 36.705139160156477 ], [ 126.215415954589844, 36.709026336669922 ], [ 126.223197937012401, 36.720973968505973 ], [ 126.20263671875, 36.724582672119254 ], [ 126.215972900390625, 36.740970611572379 ], [ 126.202919006348111, 36.735973358154524 ], [ 126.182640075684162, 36.745140075683594 ], [ 126.192642211914176, 36.756805419921875 ], [ 126.155975341796875, 36.754306793213175 ], [ 126.139579772949219, 36.761528015136889 ], [ 126.151802062988736, 36.730140686035384 ], [ 126.119026184082145, 36.707359313965014 ], [ 126.133468627929688, 36.749305725097599 ], [ 126.124305725097656, 36.749305725097599 ], [ 126.111526489257813, 36.773193359375 ], [ 126.129028320312614, 36.772361755371207 ], [ 126.130416870117188, 36.787082672119368 ], [ 126.13486480712902, 36.782638549804972 ], [ 126.145973205566406, 36.789859771728686 ], [ 126.150413513183821, 36.803195953369084 ], [ 126.14263916015625, 36.808750152587891 ], [ 126.154861450195767, 36.81152725219755 ], [ 126.149024963378906, 36.815971374511946 ], [ 126.160972595214957, 36.827362060546875 ], [ 126.144859313964957, 36.838195800781193 ], [ 126.154029846191975, 36.837360382080078 ], [ 126.148193359375114, 36.846527099609659 ], [ 126.159584045410156, 36.850692749023665 ], [ 126.161247253417969, 36.840972900390852 ], [ 126.171806335449219, 36.840972900390852 ], [ 126.166526794433707, 36.829860687255973 ], [ 126.174583435058594, 36.825416564941349 ], [ 126.171249389648438, 36.809307098388842 ], [ 126.178474426269531, 36.813751220703239 ], [ 126.198753356933707, 36.782360076904411 ], [ 126.181526184082031, 36.819305419921818 ], [ 126.193191528320767, 36.820137023925781 ], [ 126.178192138672216, 36.833473205566577 ], [ 126.200141906738281, 36.856803894043196 ], [ 126.189582824707145, 36.856250762939453 ], [ 126.190139770508267, 36.866527557373217 ], [ 126.182357788086051, 36.870693206787394 ], [ 126.191802978515852, 36.876525878906193 ], [ 126.176528930664631, 36.884860992431641 ], [ 126.197364807128906, 36.885692596435774 ], [ 126.20263671875, 36.90486145019554 ], [ 126.212364196777344, 36.898193359375227 ], [ 126.237358093261719, 36.914306640625171 ], [ 126.252914428711051, 36.915138244629134 ], [ 126.248191833496435, 36.909305572509766 ], [ 126.27569580078125, 36.898193359375227 ], [ 126.287361145019759, 36.900138854980582 ], [ 126.283470153809276, 36.909305572509766 ], [ 126.29347229003929, 36.929306030273722 ], [ 126.280693054199446, 36.963470458984489 ], [ 126.304862976074219, 36.979862213134936 ], [ 126.305137634277344, 36.967082977295092 ], [ 126.29319763183662, 36.963748931884879 ], [ 126.312362670898438, 36.955696105957202 ], [ 126.30236053466831, 36.944583892822266 ], [ 126.29930877685581, 36.920417785644702 ], [ 126.31986236572277, 36.904582977295149 ], [ 126.320968627929688, 36.891529083251953 ], [ 126.332084655761832, 36.890972137451172 ], [ 126.315414428710938, 36.884860992431641 ], [ 126.303192138672102, 36.866249084472827 ], [ 126.294303894043082, 36.842918395996207 ], [ 126.316802978515739, 36.834304809570369 ], [ 126.282913208008154, 36.823749542236442 ], [ 126.285972595214844, 36.803195953369084 ], [ 126.29347229003929, 36.797916412353516 ], [ 126.305694580078125, 36.815692901611555 ], [ 126.336807250976563, 36.816249847412166 ], [ 126.3256912231451, 36.824584960937557 ], [ 126.32875061035179, 36.83458328247093 ], [ 126.315696716309276, 36.841804504394645 ], [ 126.330413818359375, 36.863750457763899 ], [ 126.347358703613963, 36.861251831054972 ], [ 126.342918395996548, 36.846805572509822 ], [ 126.364860534668423, 36.831249237060717 ], [ 126.35514068603527, 36.847637176513615 ], [ 126.370697021484943, 36.857639312744197 ], [ 126.364303588867301, 36.876525878906193 ], [ 126.397918701172216, 36.880416870117415 ], [ 126.396247863769645, 36.89347076416027 ], [ 126.43125152587902, 36.90180587768549 ], [ 126.409584045410156, 36.907638549804858 ], [ 126.404304504394531, 36.919029235839957 ], [ 126.418746948242188, 36.923751831054915 ], [ 126.418472290039176, 36.936527252197436 ], [ 126.408752441406364, 36.94013977050804 ], [ 126.409027099609489, 36.932361602783203 ], [ 126.390975952148438, 36.92874908447277 ], [ 126.381248474121094, 36.944862365722827 ], [ 126.371803283691406, 36.946529388427962 ], [ 126.359024047851563, 36.937362670898551 ], [ 126.361251831054801, 36.950138092041243 ], [ 126.351524353027457, 36.951526641845987 ], [ 126.349586486816406, 36.961250305175781 ], [ 126.334304809570313, 36.959861755371378 ], [ 126.336524963378906, 36.969028472900447 ], [ 126.362640380859716, 36.969028472900447 ], [ 126.368194580078125, 36.96402740478544 ], [ 126.368751525878906, 36.959861755371378 ], [ 126.370140075683821, 36.959583282470817 ], [ 126.387641906738281, 36.970973968505916 ], [ 126.377082824707145, 36.972362518310661 ], [ 126.379585266113509, 36.980140686035156 ], [ 126.372360229492529, 36.982917785644645 ], [ 126.330413818359375, 36.984859466552791 ], [ 126.327079772949219, 37.000415802001896 ], [ 126.33902740478527, 36.998748779296989 ], [ 126.338470458984943, 37.006248474121264 ], [ 126.343750000000341, 37.008750915527344 ], [ 126.344306945801463, 37.002082824707202 ], [ 126.35208129882858, 37.00485992431652 ], [ 126.3579177856451, 37.012084960937784 ], [ 126.350135803222656, 37.020137786865462 ], [ 126.355697631836392, 37.023193359375114 ], [ 126.364028930664631, 37.007083892822209 ], [ 126.386253356933707, 37.015972137451399 ], [ 126.408195495605696, 37.012359619140625 ], [ 126.403198242187955, 37.024307250976676 ], [ 126.414863586425895, 37.018749237060547 ], [ 126.413475036621094, 37.012359619140625 ], [ 126.458190917969091, 37.001251220703409 ], [ 126.469863891601563, 37.00736236572277 ], [ 126.457084655761719, 37.025970458984602 ], [ 126.463752746582031, 37.02208328247076 ], [ 126.48680877685581, 37.043472290039233 ], [ 126.481246948242415, 37.048194885253849 ], [ 126.488746643066406, 37.059860229492188 ], [ 126.51041412353527, 37.065692901611499 ] ] ], [ [ [ 126.55458068847679, 37.072082519531421 ], [ 126.558746337890625, 37.060974121093693 ], [ 126.549308776855582, 37.05152893066429 ], [ 126.555137634277912, 37.063751220703352 ], [ 126.55458068847679, 37.072082519531421 ] ] ], [ [ [ 126.484306335449901, 37.075138092041129 ], [ 126.487640380859602, 37.076805114746037 ], [ 126.48680877685581, 37.074306488037337 ], [ 126.484306335449901, 37.075138092041129 ] ] ], [ [ [ 126.462638854981037, 37.081527709961051 ], [ 126.465972900390739, 37.081806182861612 ], [ 126.465141296386719, 37.080139160156477 ], [ 126.462638854981037, 37.081527709961051 ] ] ], [ [ [ 126.454582214355469, 37.09013748168968 ], [ 126.460975646972656, 37.090972900390625 ], [ 126.462081909179915, 37.087638854980582 ], [ 126.454582214355469, 37.09013748168968 ] ] ], [ [ [ 126.450141906738395, 37.105140686035384 ], [ 126.454025268554688, 37.097084045410156 ], [ 126.449302673340071, 37.094860076904297 ], [ 126.446250915527571, 37.100139617920036 ], [ 126.450141906738395, 37.105140686035384 ] ] ], [ [ [ 126.451530456542969, 37.111251831054744 ], [ 126.455139160156591, 37.110973358154354 ], [ 126.452079772949901, 37.109306335449446 ], [ 126.451530456542969, 37.111251831054744 ] ] ], [ [ [ 126.535697937011946, 37.115417480468807 ], [ 126.54264068603527, 37.109584808349837 ], [ 126.541252136230469, 37.093471527099894 ], [ 126.537361145019531, 37.093750000000114 ], [ 126.535697937011946, 37.115417480468807 ] ] ], [ [ [ 126.378753662109375, 37.112361907959098 ], [ 126.394584655761719, 37.113193511962891 ], [ 126.392364501953352, 37.098472595214901 ], [ 126.379859924316975, 37.102916717529524 ], [ 126.378753662109375, 37.112361907959098 ] ] ], [ [ [ 126.452362060546875, 37.117362976074276 ], [ 126.455139160156591, 37.115970611572379 ], [ 126.452362060546875, 37.115139007568587 ], [ 126.452362060546875, 37.117362976074276 ] ] ] ] } },
{ "type": "Feature", "properties": { "ID_0": 211, "ISO": "KOR", "NAME_0": "South Korea", "ID_1": 4, "NAME_1": "Daegu", "NL_NAME_1": "????? | ?????", "VARNAME_1": "Taegu|Daegu Gwang'yeogsi|Taegu-gwangyoksi|Taikyu", "TYPE_1": "Gwangyeoksi", "ENGTYPE_1": "Metropolitan City" }, "geometry": { "type": "Polygon", "coordinates": [ [ [ 128.69171142578125, 35.965698242187557 ], [ 128.720703125, 35.955810546875114 ], [ 128.738922119140625, 35.93897628784174 ], [ 128.732421875, 35.894409179687614 ], [ 128.72320556640625, 35.889099121093693 ], [ 128.752410888672216, 35.867401123047046 ], [ 128.762847900390966, 35.832504272460938 ], [ 128.754394531250114, 35.798797607422102 ], [ 128.732986450195313, 35.793106079101676 ], [ 128.723999023437727, 35.769805908203352 ], [ 128.688903808593977, 35.729888916015625 ], [ 128.698425292969318, 35.70849609375 ], [ 128.687942504883381, 35.681648254394759 ], [ 128.660934448242301, 35.663696289062671 ], [ 128.623291015625227, 35.664493560791129 ], [ 128.62677001953125, 35.685291290283146 ], [ 128.608398437500568, 35.691505432129077 ], [ 128.557632446289063, 35.669906616211051 ], [ 128.546096801758267, 35.632308959961222 ], [ 128.556060791015852, 35.609352111816406 ], [ 128.544494628906364, 35.598876953125227 ], [ 128.483306884765625, 35.566314697265909 ], [ 128.42449951171875, 35.56927490234375 ], [ 128.417236328125341, 35.574985504150447 ], [ 128.435745239257813, 35.586860656738509 ], [ 128.44110107421875, 35.607696533203182 ], [ 128.392776489257926, 35.663986206054801 ], [ 128.4102783203125, 35.667480468750171 ], [ 128.44110107421875, 35.658691406249943 ], [ 128.457489013671875, 35.665908813476676 ], [ 128.461135864257813, 35.683479309081974 ], [ 128.426406860351563, 35.70274734497093 ], [ 128.420715332031818, 35.72967529296875 ], [ 128.444305419922557, 35.771697998047102 ], [ 128.489135742187841, 35.775115966797102 ], [ 128.487487792968977, 35.788879394531477 ], [ 128.466888427734602, 35.801910400390909 ], [ 128.414123535156364, 35.817871093750227 ], [ 128.408081054687841, 35.830505371093864 ], [ 128.412063598633495, 35.855602264404581 ], [ 128.434204101562841, 35.872985839843977 ], [ 128.475006103516307, 35.88360595703125 ], [ 128.479705810546875, 35.857513427734602 ], [ 128.50469970703125, 35.844718933105469 ], [ 128.533294677734375, 35.872894287109375 ], [ 128.54339599609375, 35.911712646484602 ], [ 128.581695556640966, 35.927276611328125 ], [ 128.617004394531477, 35.962295532226676 ], [ 128.69171142578125, 35.965698242187557 ] ] ] } },
{ "type": "Feature", "properties": { "ID_0": 211, "ISO": "KOR", "NAME_0": "South Korea", "ID_1": 5, "NAME_1": "Daejeon", "NL_NAME_1": "????? | ?????", "VARNAME_1": "Daejeon Gwang'yeogsi|Taejon-gwangyoksi|Taiden", "TYPE_1": "Gwangyeoksi", "ENGTYPE_1": "Metropolitan City" }, "geometry": { "type": "Polygon", "coordinates": [ [ [ 127.33807373046875, 36.456836700439453 ], [ 127.370208740234375, 36.453979492187557 ], [ 127.380630493164176, 36.428474426269815 ], [ 127.412643432617188, 36.418243408203296 ], [ 127.429290771484602, 36.418334960937614 ], [ 127.44610595703125, 36.439086914062727 ], [ 127.454589843750341, 36.435913085937784 ], [ 127.461151123047102, 36.422943115234659 ], [ 127.479125976562955, 36.41632080078125 ], [ 127.478881835937727, 36.378692626953409 ], [ 127.484802246093977, 36.371795654296989 ], [ 127.510749816894531, 36.38140869140625 ], [ 127.529502868652457, 36.361400604248161 ], [ 127.513397216797216, 36.349090576171989 ], [ 127.494598388671989, 36.30169677734375 ], [ 127.478698730468977, 36.286712646484432 ], [ 127.46597290039108, 36.2279052734375 ], [ 127.471580505371094, 36.204895019531364 ], [ 127.441146850585938, 36.199142456054915 ], [ 127.42333984375, 36.180465698242244 ], [ 127.407470703125455, 36.18267822265625 ], [ 127.364501953125455, 36.218078613281364 ], [ 127.362976074219205, 36.25018310546875 ], [ 127.343635559082372, 36.258541107177791 ], [ 127.332611083984375, 36.218994140625057 ], [ 127.308563232422102, 36.199478149414063 ], [ 127.27227783203125, 36.226318359374943 ], [ 127.265716552734489, 36.25152587890625 ], [ 127.242149353027344, 36.275585174560661 ], [ 127.239318847656477, 36.290313720703352 ], [ 127.256591796875455, 36.32098388671875 ], [ 127.254112243652798, 36.345642089843807 ], [ 127.265808105468864, 36.355987548828239 ], [ 127.257507324218864, 36.372497558593807 ], [ 127.263351440429915, 36.392059326171818 ], [ 127.298004150390966, 36.39898681640625 ], [ 127.32449340820358, 36.414703369140739 ], [ 127.337005615234375, 36.431884765625114 ], [ 127.33807373046875, 36.456836700439453 ] ] ] } },
{ "type": "Feature", "properties": { "ID_0": 211, "ISO": "KOR", "NAME_0": "South Korea", "ID_1": 6, "NAME_1": "Gangwon-do", "NL_NAME_1": "??? | ???", "VARNAME_1": "Kang-Won-Do|Gang'weondo|Kangwon-do|Kogen-do|South Kangwon", "TYPE_1": "Do", "ENGTYPE_1": "Province" }, "geometry": { "type": "MultiPolygon", "coordinates": [ [ [ [ 129.324859619140625, 37.284584045410384 ], [ 129.328201293945313, 37.283748626709212 ], [ 129.327911376953125, 37.282360076904297 ], [ 129.324859619140625, 37.284584045410384 ] ] ], [ [ [ 128.741806030273551, 38.007637023925952 ], [ 128.744583129883381, 38.006805419922159 ], [ 128.742080688476563, 38.005416870117244 ], [ 128.741806030273551, 38.007637023925952 ] ] ], [ [ [ 128.612075805664063, 38.198749542236612 ], [ 128.6148681640625, 38.196529388427905 ], [ 128.611801147460938, 38.197360992431697 ], [ 128.612075805664063, 38.198749542236612 ] ] ], [ [ [ 128.578201293945995, 38.254306793212834 ], [ 128.580978393554688, 38.254028320312671 ], [ 128.579299926757926, 38.253192901611328 ], [ 128.578201293945995, 38.254306793212834 ] ] ], [ [ [ 128.544311523438068, 38.314025878906307 ], [ 128.54652404785179, 38.312915802001953 ], [ 128.54486083984375, 38.312084197998161 ], [ 128.544311523438068, 38.314025878906307 ] ] ], [ [ [ 128.53013610839912, 38.334861755371207 ], [ 128.537078857422102, 38.33541488647478 ], [ 128.536804199219432, 38.333751678467024 ], [ 128.53013610839912, 38.334861755371207 ] ] ], [ [ [ 128.443466186523438, 38.4879150390625 ], [ 128.44514465332054, 38.4854164123538 ], [ 128.442916870117642, 38.484859466552848 ], [ 128.443466186523438, 38.4879150390625 ] ] ], [ [ [ 128.408477783203125, 38.562362670898494 ], [ 128.410690307617301, 38.560138702392635 ], [ 128.40875244140625, 38.559307098388842 ], [ 128.408477783203125, 38.562362670898494 ] ] ], [ [ [ 128.359863281250114, 38.611804962158203 ], [ 128.372909545898892, 38.589584350585938 ], [ 128.41180419921875, 38.556251525879134 ], [ 128.40625, 38.542083740234375 ], [ 128.417633056640625, 38.523750305175781 ], [ 128.424575805664063, 38.524307250976733 ], [ 128.41874694824287, 38.51180648803728 ], [ 128.430694580078125, 38.504859924316406 ], [ 128.429306030274006, 38.49124908447277 ], [ 128.46847534179733, 38.450695037841854 ], [ 128.456527709961279, 38.446529388427848 ], [ 128.45402526855537, 38.437362670898608 ], [ 128.476531982422557, 38.405693054199219 ], [ 128.472640991210938, 38.399307250976847 ], [ 128.480697631836051, 38.400970458984432 ], [ 128.512924194336051, 38.372638702392805 ], [ 128.50653076171875, 38.36180496215826 ], [ 128.531250000000114, 38.327640533447493 ], [ 128.52708435058662, 38.32069396972679 ], [ 128.551528930664063, 38.304027557373331 ], [ 128.545135498046875, 38.300693511962891 ], [ 128.552078247070654, 38.296249389648665 ], [ 128.548751831054688, 38.285972595215071 ], [ 128.569854736328125, 38.246528625488565 ], [ 128.55958557128929, 38.239582061767692 ], [ 128.571533203125341, 38.24458312988304 ], [ 128.602645874023438, 38.213748931884993 ], [ 128.602920532226563, 38.204860687255973 ], [ 128.594863891602131, 38.210414886474894 ], [ 128.595138549804801, 38.200695037841911 ], [ 128.61541748046875, 38.181526184082145 ], [ 128.605697631835938, 38.173194885254077 ], [ 128.612640380859375, 38.154582977294922 ], [ 128.607910156250114, 38.151527404785213 ], [ 128.642639160156364, 38.108470916748274 ], [ 128.64152526855537, 38.088470458984546 ], [ 128.633193969727131, 38.079860687256087 ], [ 128.642364501953352, 38.086250305176009 ], [ 128.648468017578352, 38.10374832153326 ], [ 128.680145263671875, 38.079303741455305 ], [ 128.673187255860057, 38.079303741455305 ], [ 128.67707824707054, 38.064861297607536 ], [ 128.689590454102245, 38.050693511963118 ], [ 128.716522216796875, 38.02763748168951 ], [ 128.736526489258154, 38.02208328247093 ], [ 128.731246948242415, 38.006248474121037 ], [ 128.76458740234375, 37.980140686035327 ], [ 128.759307861328125, 37.975139617920149 ], [ 128.76625061035179, 37.97180557251005 ], [ 128.76930236816429, 37.949028015136662 ], [ 128.786529541015625, 37.947360992431925 ], [ 128.794586181640625, 37.92847061157255 ], [ 128.830978393554801, 37.906528472900447 ], [ 128.830413818359943, 37.883472442627067 ], [ 128.849029541015852, 37.868194580078125 ], [ 128.847640991210938, 37.861804962158203 ], [ 128.922912597656364, 37.791526794433594 ], [ 128.95513916015625, 37.773193359375171 ], [ 128.951812744140739, 37.766803741455249 ], [ 128.98902893066429, 37.739307403564567 ], [ 129.019027709960938, 37.70264053344755 ], [ 129.054031372070767, 37.679306030273551 ], [ 129.05792236328125, 37.658195495605469 ], [ 129.044311523437614, 37.642639160156307 ], [ 129.047637939453125, 37.631248474121378 ], [ 129.064865112304688, 37.623195648193359 ], [ 129.054580688476563, 37.625694274902457 ], [ 129.07763671875, 37.600971221923885 ], [ 129.114028930664176, 37.582916259765852 ], [ 129.122909545898551, 37.558193206787166 ], [ 129.11958312988304, 37.540695190429688 ], [ 129.114578247070313, 37.551250457763615 ], [ 129.11264038085983, 37.540138244628906 ], [ 129.129302978515966, 37.511806488037109 ], [ 129.14764404296875, 37.499584197998047 ], [ 129.134857177734375, 37.503192901611271 ], [ 129.135971069336279, 37.495418548584155 ], [ 129.125137329101563, 37.489860534668026 ], [ 129.14486694335983, 37.495971679687557 ], [ 129.190689086914063, 37.451805114746264 ], [ 129.194305419921875, 37.431251525878906 ], [ 129.1915283203125, 37.433471679687443 ], [ 129.18096923828125, 37.431804656982706 ], [ 129.173187255859602, 37.435695648193359 ], [ 129.172637939453125, 37.434581756591797 ], [ 129.180694580078239, 37.430694580078352 ], [ 129.19207763671875, 37.432083129883097 ], [ 129.199584960937614, 37.413749694824446 ], [ 129.235687255859375, 37.38902664184576 ], [ 129.234588623047443, 37.382362365722599 ], [ 129.238479614257926, 37.390140533447266 ], [ 129.259857177734489, 37.380973815918253 ], [ 129.25152587890625, 37.363193511962834 ], [ 129.26763916015625, 37.34458160400402 ], [ 129.26763916015625, 37.323192596435547 ], [ 129.299026489257813, 37.311248779296875 ], [ 129.30291748046875, 37.290416717529354 ], [ 129.320968627929688, 37.289859771728743 ], [ 129.320968627929688, 37.283748626709212 ], [ 129.330139160156818, 37.28013992309593 ], [ 129.327362060546989, 37.264862060546818 ], [ 129.357086181640625, 37.23597335815424 ], [ 129.340972900390625, 37.223751068115348 ], [ 129.349029541016193, 37.211528778076286 ], [ 129.341522216797557, 37.177360534667969 ], [ 129.352386474610057, 37.155792236328125 ], [ 129.300811767578125, 37.1123046875 ], [ 129.273406982421989, 37.104187011718977 ], [ 129.246704101562614, 37.07550048828125 ], [ 129.242309570312614, 37.015289306640852 ], [ 129.181182861328693, 37.018280029296875 ], [ 129.117675781250227, 37.056884765625227 ], [ 129.097900390625455, 37.048187255859318 ], [ 129.073303222656364, 37.019104003906477 ], [ 129.031494140625, 37.033081054687614 ], [ 128.9722900390625, 37.0360107421875 ], [ 128.936492919921875, 37.050064086914176 ], [ 128.928527832031705, 37.030883789062671 ], [ 128.8955078125, 37.031311035156477 ], [ 128.82550048828125, 37.060302734375227 ], [ 128.764389038085938, 37.075031280517578 ], [ 128.75711059570358, 37.071197509765682 ], [ 128.78009033203125, 37.041870117187614 ], [ 128.779739379882813, 37.028564453125 ], [ 128.746673583984489, 37.025207519531477 ], [ 128.736297607421989, 37.008880615234659 ], [ 128.688720703125227, 37.022705078125057 ], [ 128.651000976562955, 37.014678955078125 ], [ 128.633789062500227, 37.036987304687671 ], [ 128.567199707031591, 37.046905517578296 ], [ 128.533081054687727, 37.074707031249943 ], [ 128.491882324218977, 37.078491210937614 ], [ 128.47607421875, 37.069793701172046 ], [ 128.425506591797102, 37.065093994140682 ], [ 128.397491455078125, 37.084899902343807 ], [ 128.38470458984375, 37.116790771484432 ], [ 128.328811645507813, 37.113960266113395 ], [ 128.302185058593864, 37.099487304687614 ], [ 128.283889770508267, 37.102775573730469 ], [ 128.262115478515739, 37.124557495117244 ], [ 128.318481445312841, 37.160278320312557 ], [ 128.319702148437955, 37.174896240234375 ], [ 128.312377929687841, 37.180946350097599 ], [ 128.266601562500341, 37.174804687500114 ], [ 128.207092285156591, 37.203002929687557 ], [ 128.179901123046989, 37.203796386718864 ], [ 128.155090332031705, 37.189178466796875 ], [ 128.1160888671875, 37.185577392578125 ], [ 128.087890625000341, 37.157806396484489 ], [ 128.034881591797102, 37.154998779296818 ], [ 128.027343750000227, 37.158233642578239 ], [ 128.01422119140625, 37.201499938964957 ], [ 127.964477539062841, 37.213073730468807 ], [ 127.918701171875341, 37.191192626953239 ], [ 127.94052124023483, 37.153900146484375 ], [ 127.928802490234489, 37.125640869140625 ], [ 127.863098144531364, 37.11669921875 ], [ 127.810394287109375, 37.119293212890739 ], [ 127.776222229004247, 37.21256256103527 ], [ 127.78640747070358, 37.225097656250227 ], [ 127.780838012695313, 37.310440063476676 ], [ 127.803260803222997, 37.35526275634777 ], [ 127.807464599609375, 37.408908843994254 ], [ 127.775039672851563, 37.450454711914006 ], [ 127.825927734375227, 37.49969482421875 ], [ 127.827880859375, 37.5120849609375 ], [ 127.817329406738395, 37.526863098144588 ], [ 127.771850585937727, 37.523864746094034 ], [ 127.746047973632813, 37.53944396972679 ], [ 127.718025207519531, 37.543254852294922 ], [ 127.614624023437841, 37.594081878662337 ], [ 127.575630187988281, 37.588535308837947 ], [ 127.554000854492188, 37.596874237060547 ], [ 127.542297363281364, 37.60992431640625 ], [ 127.550842285156705, 37.623718261718807 ], [ 127.5496826171875, 37.662475585937557 ], [ 127.519081115722656, 37.674034118652344 ], [ 127.541839599609375, 37.704467773437614 ], [ 127.534301757812955, 37.748474121093977 ], [ 127.53964233398483, 37.788040161132926 ], [ 127.57611083984375, 37.803283691406364 ], [ 127.608268737793082, 37.831726074218693 ], [ 127.613510131835938, 37.901519775390909 ], [ 127.568115234375, 37.904449462890796 ], [ 127.556175231933594, 37.945110321045036 ], [ 127.495437622070313, 37.950428009033317 ], [ 127.47528076171875, 37.994094848632983 ], [ 127.461235046386832, 38.069198608398381 ], [ 127.455268859863281, 38.071506500244197 ], [ 127.433288574219091, 38.050292968750284 ], [ 127.39228820800804, 38.069839477539119 ], [ 127.360107421875455, 38.042053222656364 ], [ 127.350891113281591, 38.064453125 ], [ 127.321220397949332, 38.071514129638729 ], [ 127.283081054687614, 38.0552978515625 ], [ 127.27088928222679, 38.074844360351619 ], [ 127.311279296875455, 38.128097534179801 ], [ 127.296081542969205, 38.134704589843807 ], [ 127.228881835937955, 38.089294433593807 ], [ 127.19732666015625, 38.076721191406307 ], [ 127.176986694335938, 38.072570800781364 ], [ 127.101501464843864, 38.082519531250114 ], [ 127.088912963867301, 38.092239379882926 ], [ 127.091308593750227, 38.098327636718864 ], [ 127.113861083984375, 38.11182785034174 ], [ 127.092720031738395, 38.119255065918026 ], [ 127.09649658203125, 38.153930664062671 ], [ 127.02032470703125, 38.151241302490291 ], [ 126.985031127929688, 38.200431823730469 ], [ 127.016586303710938, 38.237419128417912 ], [ 127.132347106933594, 38.304943084717024 ], [ 127.167953491210938, 38.301769256591911 ], [ 127.238739013672216, 38.3272705078125 ], [ 127.274871826171989, 38.322902679443416 ], [ 127.29180908203125, 38.312953948974837 ], [ 127.401252746582259, 38.331138610839844 ], [ 127.49891662597679, 38.297821044921932 ], [ 127.586067199707372, 38.333114624023551 ], [ 127.613616943359489, 38.321147918701229 ], [ 127.681846618652344, 38.318969726562727 ], [ 127.702552795410497, 38.329929351806868 ], [ 127.763786315917969, 38.327499389648608 ], [ 127.790657043457486, 38.339134216308764 ], [ 127.829429626464957, 38.300796508789233 ], [ 127.870986938476563, 38.310039520263672 ], [ 127.893333435058935, 38.328704833984602 ], [ 127.959899902344091, 38.313365936279354 ], [ 127.978736877441747, 38.317008972168139 ], [ 128.046951293945767, 38.304996490478629 ], [ 128.07830810546875, 38.308834075928019 ], [ 128.109832763672102, 38.329162597656193 ], [ 128.14517211914108, 38.331451416015568 ], [ 128.217025756836165, 38.376544952392862 ], [ 128.23066711425804, 38.39411926269554 ], [ 128.289184570312955, 38.434429168701399 ], [ 128.312072753906705, 38.472717285156307 ], [ 128.309661865234716, 38.484745025634766 ], [ 128.32069396972679, 38.510898590087891 ], [ 128.315109252929688, 38.586349487304915 ], [ 128.359863281250114, 38.611804962158203 ] ] ] ] } },
{ "type": "Feature", "properties": { "ID_0": 211, "ISO": "KOR", "NAME_0": "South Korea", "ID_1": 7, "NAME_1": "Gwangju", "NL_NAME_1": "????? | ?????", "VARNAME_1": "Kwangju|Kwangju-gwangyoksi", "TYPE_1": "Gwangyeoksi", "ENGTYPE_1": "Metropolitan City" }, "geometry": { "type": "Polygon", "coordinates": [ [ [ 126.963912963867188, 35.205642700195426 ], [ 126.970703125000341, 35.170074462890796 ], [ 127.02850341796875, 35.152656555175895 ], [ 127.030456542969091, 35.139846801757926 ], [ 127.016693115234375, 35.106292724609489 ], [ 126.999649047851676, 35.08430480957054 ], [ 126.919136047363736, 35.072906494140739 ], [ 126.897842407226904, 35.043010711670149 ], [ 126.859329223632813, 35.054698944091911 ], [ 126.799659729004247, 35.047473907470646 ], [ 126.778709411621094, 35.082050323486499 ], [ 126.677421569824446, 35.103145599365348 ], [ 126.673706054687955, 35.109497070312557 ], [ 126.67512512207054, 35.136661529541243 ], [ 126.702514648437955, 35.175109863281307 ], [ 126.74285888671875, 35.187026977539063 ], [ 126.766456604003906, 35.216602325439567 ], [ 126.77642822265625, 35.218330383300952 ], [ 126.81684875488304, 35.193527221679688 ], [ 126.840087890625114, 35.191101074218977 ], [ 126.856109619140739, 35.195644378662223 ], [ 126.867080688476676, 35.215873718261776 ], [ 126.915626525879247, 35.221824645996321 ], [ 126.963912963867188, 35.205642700195426 ] ] ] } },
{ "type": "Feature", "properties": { "ID_0": 211, "ISO": "KOR", "NAME_0": "South Korea", "ID_1": 8, "NAME_1": "Gyeonggi-do", "NL_NAME_1": "??? | ???", "VARNAME_1": "Kyonggi-do|Keiki-do|Kyunggi", "TYPE_1": "Do", "ENGTYPE_1": "Province" }, "geometry": { "type": "MultiPolygon", "coordinates": [ [ [ [ 126.727081298828239, 37.011528015136832 ], [ 126.729583740234602, 37.012638092041186 ], [ 126.728469848633154, 37.011249542236442 ], [ 126.727081298828239, 37.011528015136832 ] ] ], [ [ [ 126.739303588867301, 37.015140533447266 ], [ 126.741531372070313, 37.013473510742131 ], [ 126.73902893066429, 37.014305114746094 ], [ 126.739303588867301, 37.015140533447266 ] ] ], [ [ [ 126.736526489258381, 37.039306640625227 ], [ 126.741531372070313, 37.039028167724666 ], [ 126.74180603027412, 37.038471221924055 ], [ 126.736526489258381, 37.039306640625227 ] ] ], [ [ [ 126.72930908203125, 37.047084808349894 ], [ 126.73236083984375, 37.044860839843977 ], [ 126.727638244629361, 37.045417785644588 ], [ 126.72930908203125, 37.047084808349894 ] ] ], [ [ [ 126.719306945801122, 37.045970916748161 ], [ 126.720413208007926, 37.045970916748161 ], [ 126.725692749023438, 37.044303894043026 ], [ 126.7218017578125, 37.043750762939453 ], [ 126.719306945801122, 37.045970916748161 ] ] ], [ [ [ 126.73014068603527, 37.110973358154354 ], [ 126.735137939453466, 37.113193511962891 ], [ 126.736808776855582, 37.111804962158146 ], [ 126.73014068603527, 37.110973358154354 ] ] ], [ [ [ 126.615135192871207, 37.125694274902344 ], [ 126.621246337890852, 37.120140075683594 ], [ 126.626808166504247, 37.119304656982422 ], [ 126.61013793945358, 37.117362976074276 ], [ 126.615135192871207, 37.125694274902344 ] ] ], [ [ [ 126.615692138671989, 37.173751831054688 ], [ 126.632362365722656, 37.175693511962834 ], [ 126.61875152587902, 37.159027099609546 ], [ 126.615692138671989, 37.173751831054688 ] ] ], [ [ [ 126.631530761718864, 37.187362670898494 ], [ 126.632919311523438, 37.186248779296989 ], [ 126.630973815918196, 37.186248779296989 ], [ 126.631530761718864, 37.187362670898494 ] ] ], [ [ [ 126.573471069336165, 37.203193664550838 ], [ 126.576805114746321, 37.202083587646484 ], [ 126.573471069336165, 37.202362060546875 ], [ 126.573471069336165, 37.203193664550838 ] ] ], [ [ [ 126.627914428711051, 37.249584197998274 ], [ 126.631530761718864, 37.249584197998274 ], [ 126.627914428711051, 37.24819564819353 ], [ 126.627914428711051, 37.249584197998274 ] ] ], [ [ [ 126.649024963378906, 37.244026184082315 ], [ 126.655693054199219, 37.248748779297102 ], [ 126.653198242187727, 37.239582061767692 ], [ 126.649024963378906, 37.244026184082315 ] ] ], [ [ [ 126.675971984863395, 37.258472442626896 ], [ 126.679306030274006, 37.257637023925952 ], [ 126.677635192871094, 37.256805419922159 ], [ 126.675971984863395, 37.258472442626896 ] ] ], [ [ [ 126.764305114746776, 37.261806488037166 ], [ 126.766807556152685, 37.259029388428019 ], [ 126.762359619140739, 37.260139465332031 ], [ 126.764305114746776, 37.261806488037166 ] ] ], [ [ [ 126.517913818359375, 37.262084960937727 ], [ 126.534027099609375, 37.247917175292969 ], [ 126.532913208007926, 37.22763824462902 ], [ 126.524024963378906, 37.235137939453125 ], [ 126.510971069336051, 37.228473663330362 ], [ 126.525695800781932, 37.237640380859546 ], [ 126.525695800781932, 37.245693206787053 ], [ 126.511528015137173, 37.254581451416243 ], [ 126.517913818359375, 37.262084960937727 ] ] ], [ [ [ 126.507080078125568, 37.276248931884766 ], [ 126.508468627929688, 37.270137786865234 ], [ 126.506248474121776, 37.266250610351733 ], [ 126.507080078125568, 37.276248931884766 ] ] ], [ [ [ 126.680419921875, 37.283195495605639 ], [ 126.679862976074219, 37.274581909179801 ], [ 126.667358398437955, 37.274581909179801 ], [ 126.672920227050895, 37.282638549804688 ], [ 126.680419921875, 37.283195495605639 ] ] ], [ [ [ 126.738471984863281, 37.289306640625 ], [ 126.745971679687614, 37.282638549804688 ], [ 126.73319244384777, 37.28347396850603 ], [ 126.738471984863281, 37.289306640625 ] ] ], [ [ [ 126.605697631836165, 37.317359924316406 ], [ 126.606529235839957, 37.314304351806925 ], [ 126.604583740234375, 37.31513977050804 ], [ 126.605697631836165, 37.317359924316406 ] ] ], [ [ [ 126.530136108398438, 37.777915954589957 ], [ 126.538475036621776, 37.777362823486385 ], [ 126.539581298828239, 37.774860382080078 ], [ 126.530136108398438, 37.777915954589957 ] ] ], [ [ [ 126.987152099609943, 38.206905364990462 ], [ 126.985031127929688, 38.200431823730639 ], [ 127.02032470703125, 38.151241302490291 ], [ 127.09649658203125, 38.153930664062671 ], [ 127.092720031738395, 38.119255065918026 ], [ 127.113861083984375, 38.11182785034174 ], [ 127.091308593750227, 38.098327636719034 ], [ 127.088912963867301, 38.092239379882926 ], [ 127.101501464843864, 38.082519531250114 ], [ 127.176986694335938, 38.072570800781534 ], [ 127.19732666015625, 38.076721191406307 ], [ 127.228881835937955, 38.089294433593807 ], [ 127.296081542969205, 38.134704589843807 ], [ 127.311279296875455, 38.128097534179801 ], [ 127.27088928222679, 38.074844360351619 ], [ 127.283081054687614, 38.0552978515625 ], [ 127.321220397949332, 38.071514129638729 ], [ 127.350891113281591, 38.064453125 ], [ 127.360107421875455, 38.042053222656364 ], [ 127.39228820800804, 38.069839477539119 ], [ 127.433288574219091, 38.050292968750284 ], [ 127.455268859863281, 38.071506500244197 ], [ 127.461235046386832, 38.069198608398381 ], [ 127.47528076171875, 37.994094848632983 ], [ 127.495437622070313, 37.950428009033317 ], [ 127.556175231933594, 37.945110321045036 ], [ 127.568115234375, 37.904449462890796 ], [ 127.604843139648551, 37.9044189453125 ], [ 127.615310668945767, 37.893245697021428 ], [ 127.608268737793082, 37.831726074218693 ], [ 127.57611083984375, 37.803283691406364 ], [ 127.53964233398483, 37.788040161132926 ], [ 127.534301757812955, 37.748474121093977 ], [ 127.541839599609375, 37.704467773437614 ], [ 127.519081115722656, 37.674034118652344 ], [ 127.5496826171875, 37.662475585937557 ], [ 127.545089721679688, 37.602844238281193 ], [ 127.575630187988281, 37.588535308837947 ], [ 127.614624023437841, 37.594081878662337 ], [ 127.718025207519531, 37.543254852294922 ], [ 127.746047973632813, 37.53944396972679 ], [ 127.771850585937727, 37.523864746094034 ], [ 127.817329406738395, 37.526863098144588 ], [ 127.827880859375, 37.5120849609375 ], [ 127.825927734375227, 37.49969482421875 ], [ 127.775039672851563, 37.450454711914006 ], [ 127.807464599609375, 37.408908843994254 ], [ 127.803260803222997, 37.35526275634777 ], [ 127.780838012695313, 37.310440063476676 ], [ 127.783111572265852, 37.215911865234375 ], [ 127.756500244140852, 37.205902099609489 ], [ 127.7349853515625, 37.163513183593807 ], [ 127.67510986328125, 37.096752166748047 ], [ 127.66018676757858, 37.089996337890625 ], [ 127.638084411621435, 37.099205017089901 ], [ 127.628295898437614, 37.04730224609375 ], [ 127.60821533203125, 37.016723632812443 ], [ 127.570312500000114, 37.012512207031364 ], [ 127.564559936523438, 36.989501953125 ], [ 127.556976318359489, 36.985595703125114 ], [ 127.48388671875, 36.998107910156307 ], [ 127.472961425781591, 36.992889404296875 ], [ 127.449218750000114, 36.964508056640796 ], [ 127.402191162109716, 36.948883056640625 ], [ 127.377685546875114, 36.908325195312614 ], [ 127.298187255859716, 36.888824462890682 ], [ 127.280792236328239, 36.878601074218864 ], [ 127.268310546875227, 36.8529052734375 ], [ 127.205314636230469, 36.892490386962891 ], [ 127.119972229004361, 36.925109863281364 ], [ 127.093597412109602, 36.92291259765625 ], [ 127.079101562500227, 36.909149169921818 ], [ 127.033203125000114, 36.900604248046875 ], [ 126.978088378906364, 36.90667724609375 ], [ 126.910697937011719, 36.894859313964844 ], [ 126.905136108398779, 36.924583435058707 ], [ 126.892082214355582, 36.935138702392692 ], [ 126.835693359375, 36.927917480468807 ], [ 126.867080688476676, 36.933471679687727 ], [ 126.86235809326206, 36.949306488037109 ], [ 126.842086791992301, 36.955970764160384 ], [ 126.824859619140852, 36.991249084472713 ], [ 126.789306640625341, 36.993751525879134 ], [ 126.773750305175781, 37.003471374511946 ], [ 126.797080993652457, 37.008750915527344 ], [ 126.794029235839957, 37.026527404785384 ], [ 126.748474121094432, 37.029304504394474 ], [ 126.74485778808662, 37.042915344238281 ], [ 126.754859924316634, 37.055137634277571 ], [ 126.700691223144759, 37.098472595214901 ], [ 126.757362365722656, 37.055416107177962 ], [ 126.766250610351563, 37.096248626709041 ], [ 126.760696411133154, 37.119304656982422 ], [ 126.782081604003906, 37.135692596435717 ], [ 126.793197631836165, 37.129581451416016 ], [ 126.807640075683594, 37.140693664550724 ], [ 126.816253662109943, 37.137638092041072 ], [ 126.8065261840826, 37.146251678466854 ], [ 126.828475952148665, 37.151248931884879 ], [ 126.779029846191406, 37.151805877685831 ], [ 126.801803588867188, 37.16291809082054 ], [ 126.79180908203125, 37.183193206787109 ], [ 126.77708435058662, 37.165138244628906 ], [ 126.750137329102017, 37.167083740234375 ], [ 126.728195190429688, 37.138195037842024 ], [ 126.692642211914063, 37.122081756592081 ], [ 126.688468933106037, 37.108470916748274 ], [ 126.679580688476676, 37.115139007568587 ], [ 126.681526184082713, 37.130138397216797 ], [ 126.667915344238281, 37.137084960937671 ], [ 126.691528320312727, 37.155139923095703 ], [ 126.66569519043037, 37.159305572509936 ], [ 126.650138854980696, 37.153751373291129 ], [ 126.661247253417969, 37.163471221924112 ], [ 126.648193359375, 37.182361602783317 ], [ 126.660972595214844, 37.196529388427734 ], [ 126.675971984863395, 37.196804046630916 ], [ 126.66569519043037, 37.209861755371151 ], [ 126.675697326660384, 37.224582672119141 ], [ 126.66596984863304, 37.229583740234318 ], [ 126.66180419921875, 37.244304656982706 ], [ 126.679862976074219, 37.247360229492188 ], [ 126.688194274902571, 37.263195037842081 ], [ 126.725418090820654, 37.256526947021598 ], [ 126.729026794434276, 37.247360229492188 ], [ 126.757080078125341, 37.254581451416243 ], [ 126.763473510742188, 37.229026794433764 ], [ 126.757362365722656, 37.223194122314396 ], [ 126.768753051757926, 37.215694427490519 ], [ 126.79486083984375, 37.244026184082315 ], [ 126.787918090820426, 37.245693206787053 ], [ 126.79763793945358, 37.252918243408317 ], [ 126.789863586426463, 37.267639160156477 ], [ 126.810142517089957, 37.266803741455135 ], [ 126.800140380859489, 37.27763748168951 ], [ 126.80374908447277, 37.284305572509993 ], [ 126.813194274902457, 37.287082672119084 ], [ 126.811531066894531, 37.279304504394815 ], [ 126.831802368164176, 37.275138854980582 ], [ 126.84930419921875, 37.258472442626896 ], [ 126.859024047851563, 37.273193359375057 ], [ 126.845695495605923, 37.269584655762003 ], [ 126.816528320312614, 37.297359466552848 ], [ 126.783752441406477, 37.294029235840128 ], [ 126.758750915527457, 37.301250457763842 ], [ 126.693748474121435, 37.3331947326663 ], [ 126.615974426269645, 37.313472747802734 ], [ 126.582084655761719, 37.294582366943359 ], [ 126.570419311523665, 37.275695800781364 ], [ 126.617080688476904, 37.259029388428019 ], [ 126.623748779297216, 37.236251831054631 ], [ 126.651527404785611, 37.224861145019702 ], [ 126.648750305175781, 37.211807250976676 ], [ 126.655136108398438, 37.210971832275504 ], [ 126.645973205566406, 37.205696105957145 ], [ 126.647636413574332, 37.192085266113509 ], [ 126.640693664550895, 37.196529388427734 ], [ 126.646247863770213, 37.210971832275504 ], [ 126.628471374511832, 37.217361450195426 ], [ 126.622360229492301, 37.235416412353686 ], [ 126.611808776855696, 37.217918395996207 ], [ 126.614028930664404, 37.207359313965071 ], [ 126.582084655761719, 37.220417022705135 ], [ 126.562637329101563, 37.191806793212947 ], [ 126.551803588867301, 37.205139160156364 ], [ 126.534309387207031, 37.199306488037223 ], [ 126.54569244384777, 37.208473205566406 ], [ 126.54264068603527, 37.215694427490519 ], [ 126.555419921875114, 37.215694427490519 ], [ 126.540138244629361, 37.228195190429972 ], [ 126.563194274902344, 37.239582061767692 ], [ 126.557640075683821, 37.24819564819353 ], [ 126.564025878906477, 37.256526947021598 ], [ 126.53236389160179, 37.289306640625 ], [ 126.562919616699219, 37.27763748168951 ], [ 126.576530456542969, 37.289306640625 ], [ 126.571525573730469, 37.297637939453239 ], [ 126.578193664550781, 37.294029235840128 ], [ 126.612358093262287, 37.314304351806925 ], [ 126.691528320312727, 37.335971832275391 ], [ 126.688468933106037, 37.348751068115234 ], [ 126.738197326660497, 37.3709716796875 ], [ 126.742362976074446, 37.383750915527344 ], [ 126.733749389648551, 37.38902664184576 ], [ 126.743194580078239, 37.39791488647478 ], [ 126.785697937011719, 37.392082214355412 ], [ 126.767639160156477, 37.396526336670036 ], [ 126.771530151367301, 37.402637481689567 ], [ 126.749862670898438, 37.403472900390909 ], [ 126.769714355469318, 37.43487548828125 ], [ 126.769859313965185, 37.515422821044922 ], [ 126.793792724609375, 37.510772705078296 ], [ 126.81529998779331, 37.519996643066463 ], [ 126.82373046875, 37.507080078125284 ], [ 126.821044921875227, 37.469890594482649 ], [ 126.869697570800781, 37.45543289184576 ], [ 126.896186828613509, 37.438327789306754 ], [ 126.939689636230469, 37.434913635254134 ], [ 126.970878601074673, 37.445648193359489 ], [ 127.020782470703125, 37.448516845703239 ], [ 127.031677246093864, 37.4462890625 ], [ 127.043701171875114, 37.422119140625057 ], [ 127.07391357421875, 37.415527343750284 ], [ 127.094177246093977, 37.428813934326172 ], [ 127.137481689453125, 37.434410095215128 ], [ 127.156135559082145, 37.456264495849553 ], [ 127.145034790039404, 37.494617462158203 ], [ 127.170890808105469, 37.517303466797102 ], [ 127.168525695800781, 37.52482986450201 ], [ 127.157104492187841, 37.535018920898494 ], [ 127.125694274902798, 37.536865234375 ], [ 127.117919921875227, 37.621093750000057 ], [ 127.100364685058707, 37.650184631347656 ], [ 127.080291748046875, 37.659118652343693 ], [ 127.06170654296875, 37.654094696044922 ], [ 127.01611328125, 37.663085937500114 ], [ 126.965904235840071, 37.632122039794865 ], [ 126.938720703125227, 37.633117675781364 ], [ 126.903930664062955, 37.622070312500114 ], [ 126.877113342285384, 37.573162078857536 ], [ 126.851074218750114, 37.568481445312614 ], [ 126.823486328125, 37.580688476562614 ], [ 126.793273925781364, 37.560302734375114 ], [ 126.69891357421875, 37.588684082031534 ], [ 126.627929687500682, 37.575683593750227 ], [ 126.58097076416027, 37.579860687255803 ], [ 126.559585571289063, 37.600692749023722 ], [ 126.531524658203125, 37.654026031494254 ], [ 126.544029235840185, 37.662918090820426 ], [ 126.527359008789517, 37.672916412353629 ], [ 126.532638549805256, 37.699028015136889 ], [ 126.521247863769531, 37.715694427490234 ], [ 126.530418395996548, 37.749584197998161 ], [ 126.518753051757813, 37.764305114746321 ], [ 126.540969848633154, 37.770416259765852 ], [ 126.543746948242188, 37.780830383300781 ], [ 126.565132141113736, 37.767333984375227 ], [ 126.602821350098225, 37.762897491455135 ], [ 126.635337829589957, 37.783588409423999 ], [ 126.667114257812727, 37.785064697265625 ], [ 126.689239501953352, 37.858951568603516 ], [ 126.695266723633267, 37.911289215087947 ], [ 126.685783386230582, 37.952365875244084 ], [ 126.78399658203125, 37.967960357666129 ], [ 126.85652160644554, 38.034667968749943 ], [ 126.88201904296875, 38.091239929199446 ], [ 126.971160888671875, 38.143184661865462 ], [ 126.96199035644554, 38.157901763916243 ], [ 126.964508056640625, 38.180522918701172 ], [ 126.987152099609943, 38.206905364990462 ] ] ], [ [ [ 126.987152099609943, 38.206905364990462 ], [ 126.988479614257926, 38.208461761474666 ], [ 127.005981445312841, 38.222148895263899 ], [ 126.987152099609943, 38.206905364990462 ] ] ] ] } },
{ "type": "Feature", "properties": { "ID_0": 211, "ISO": "KOR", "NAME_0": "South Korea", "ID_1": 9, "NAME_1": "Gyeongsangbuk-do", "NL_NAME_1": "???? | ????", "VARNAME_1": "Kyongsangbuk-Do|Gyeongsangbugdo|Kyongsang-bukto|Keisho Hoku-do|North Kyongsang", "TYPE_1": "Do", "ENGTYPE_1": "Province" }, "geometry": { "type": "MultiPolygon", "coordinates": [ [ [ [ 129.421798706054801, 36.018749237060717 ], [ 129.424026489257813, 36.017917633056925 ], [ 129.422363281250114, 36.015693664551065 ], [ 129.421798706054801, 36.018749237060717 ] ] ], [ [ [ 129.402359008789745, 36.155139923095703 ], [ 129.404586791992188, 36.15486145019554 ], [ 129.404312133789063, 36.153751373291186 ], [ 129.402359008789745, 36.155139923095703 ] ] ], [ [ [ 129.351531982421875, 37.164783477783317 ], [ 129.374862670898551, 37.135971069335938 ], [ 129.376251220703466, 37.101806640625 ], [ 129.431808471680029, 37.05736160278343 ], [ 129.41485595703125, 37.054306030273438 ], [ 129.417922973632813, 37.034862518310604 ], [ 129.409866333008154, 37.022640228271712 ], [ 129.419860839844205, 36.992916107177848 ], [ 129.400146484375341, 36.964862823486385 ], [ 129.413192749023551, 36.969028472900447 ], [ 129.420135498046875, 36.951248168945426 ], [ 129.41542053222679, 36.907360076904297 ], [ 129.420974731445313, 36.89597320556652 ], [ 129.415145874023892, 36.889026641845646 ], [ 129.42152404785179, 36.863193511963118 ], [ 129.45263671875, 36.824584960937557 ], [ 129.445693969726563, 36.826805114746094 ], [ 129.478744506836165, 36.767917633056641 ], [ 129.467636108398438, 36.757637023925838 ], [ 129.470687866210938, 36.734306335449219 ], [ 129.47735595703125, 36.733470916748104 ], [ 129.471801757812841, 36.721248626709041 ], [ 129.477645874023892, 36.699306488037109 ], [ 129.457641601562614, 36.672084808349666 ], [ 129.458755493164063, 36.681251525878906 ], [ 129.437911987305029, 36.670970916748161 ], [ 129.412643432617301, 36.622638702392635 ], [ 129.416809082031705, 36.601249694824332 ], [ 129.409576416015739, 36.593471527099666 ], [ 129.424026489257813, 36.567081451416016 ], [ 129.42041015625, 36.562915802002124 ], [ 129.42041015625, 36.556804656982422 ], [ 129.429855346679688, 36.564861297607479 ], [ 129.440979003906477, 36.552360534668026 ], [ 129.444030761718977, 36.512916564941463 ], [ 129.453475952148892, 36.509029388427848 ], [ 129.445693969726563, 36.489028930664119 ], [ 129.433471679687841, 36.481803894043196 ], [ 129.436798095703125, 36.42680740356451 ], [ 129.391525268554688, 36.358470916748104 ], [ 129.381530761718864, 36.358749389648438 ], [ 129.384307861328466, 36.373195648193587 ], [ 129.376251220703466, 36.379859924316349 ], [ 129.380691528320654, 36.358196258545036 ], [ 129.389312744140625, 36.357082366943359 ], [ 129.37957763671875, 36.332084655761946 ], [ 129.374588012695654, 36.285972595214957 ], [ 129.381805419921875, 36.274307250976619 ], [ 129.373199462890966, 36.252918243408146 ], [ 129.386245727539063, 36.240417480468864 ], [ 129.381530761718864, 36.229862213134936 ], [ 129.387359619141193, 36.222637176513672 ], [ 129.371520996093864, 36.20152664184593 ], [ 129.380416870117415, 36.187915802001953 ], [ 129.3951416015625, 36.182640075683537 ], [ 129.400146484375568, 36.130973815917969 ], [ 129.43597412109375, 36.113471984863509 ], [ 129.430145263671875, 36.096248626709212 ], [ 129.4173583984375, 36.087081909179631 ], [ 129.419311523437614, 36.074584960937727 ], [ 129.382644653320313, 36.062915802002067 ], [ 129.382080078125, 36.04902648925804 ], [ 129.377914428711051, 36.050971984863565 ], [ 129.373199462890966, 36.050415039062614 ], [ 129.370697021485057, 36.038749694824276 ], [ 129.3759765625, 36.050140380859375 ], [ 129.386245727539063, 36.0287513732913 ], [ 129.40402221679733, 36.038749694824276 ], [ 129.43153381347679, 36.030693054199446 ], [ 129.407638549804688, 36.029026031494141 ], [ 129.393188476562614, 36.012638092041016 ], [ 129.408187866210938, 36.009860992431697 ], [ 129.417922973632813, 36.017917633056925 ], [ 129.423751831054688, 36.013473510742358 ], [ 129.416244506836051, 36.006248474121094 ], [ 129.420700073242188, 35.999584197998161 ], [ 129.450134277343977, 35.990970611572322 ], [ 129.458755493164063, 36.003749847412166 ], [ 129.502914428710938, 36.025138854980639 ], [ 129.50347900390625, 36.036529541015568 ], [ 129.524032592773551, 36.058471679687443 ], [ 129.533477783203352, 36.057918548584041 ], [ 129.547088623046989, 36.085693359375284 ], [ 129.558746337890739, 36.087360382080021 ], [ 129.561523437500227, 36.078750610351563 ], [ 129.57124328613304, 36.078193664551009 ], [ 129.584030151367415, 36.04597091674799 ], [ 129.577362060546875, 36.024581909179688 ], [ 129.584579467774006, 36.01652908325201 ], [ 129.566528320312955, 35.997081756591854 ], [ 129.568466186523551, 35.989582061767578 ], [ 129.552642822265739, 35.986251831054915 ], [ 129.559020996094318, 35.983470916748047 ], [ 129.55207824707054, 35.979026794433821 ], [ 129.555969238281818, 35.967639923095703 ], [ 129.547637939453125, 35.964305877685661 ], [ 129.549575805664176, 35.951805114746207 ], [ 129.539581298828352, 35.949028015136719 ], [ 129.530975341796989, 35.931251525878849 ], [ 129.518478393554801, 35.929027557373161 ], [ 129.534576416015625, 35.901248931884766 ], [ 129.525421142578125, 35.894859313964844 ], [ 129.52874755859375, 35.875415802002067 ], [ 129.523193359375, 35.881526947021598 ], [ 129.518478393554801, 35.874305725097713 ], [ 129.535415649414063, 35.870418548584212 ], [ 129.519302368164404, 35.848751068115178 ], [ 129.522354125976904, 35.836807250976676 ], [ 129.50930786132858, 35.824028015136832 ], [ 129.513198852539404, 35.806804656982592 ], [ 129.504867553711165, 35.808193206787109 ], [ 129.501800537109716, 35.792915344238395 ], [ 129.491806030273665, 35.78791809082054 ], [ 129.498474121093864, 35.771526336669922 ], [ 129.495422363281364, 35.752082824707088 ], [ 129.484298706054688, 35.743473052978459 ], [ 129.482635498046989, 35.709026336669979 ], [ 129.472640991211165, 35.703750610351733 ], [ 129.478195190429688, 35.690692901611328 ], [ 129.465972900390625, 35.679584503173828 ], [ 129.465972900390625, 35.665695190429801 ], [ 129.453201293945313, 35.664585113525447 ], [ 129.4495849609375, 35.647640228271712 ], [ 129.441528320312841, 35.644306182861328 ], [ 129.444030761718977, 35.62430572509777 ], [ 129.454589843750114, 35.616806030273494 ], [ 129.447708129883267, 35.605163574218807 ], [ 129.337646484375455, 35.6314697265625 ], [ 129.318908691406477, 35.606323242187557 ], [ 129.275695800781364, 35.6094970703125 ], [ 129.248291015625, 35.625671386719034 ], [ 129.249847412109716, 35.656600952148438 ], [ 129.17366027832054, 35.677856445312727 ], [ 129.132080078125227, 35.6796875 ], [ 129.069091796875455, 35.65167236328125 ], [ 129.065124511718864, 35.645080566406307 ], [ 129.076477050781477, 35.617919921875171 ], [ 129.072509765625, 35.602294921875 ], [ 129.039306640625, 35.606704711914119 ], [ 129.025680541992529, 35.589309692382983 ], [ 128.983276367187614, 35.5687255859375 ], [ 128.921081542969205, 35.589111328125 ], [ 128.894714355468977, 35.590087890625 ], [ 128.847717285156591, 35.550903320312784 ], [ 128.81072998046875, 35.5399169921875 ], [ 128.785888671875114, 35.522888183593693 ], [ 128.690124511718864, 35.549316406250227 ], [ 128.648681640625, 35.536499023437557 ], [ 128.621887207031591, 35.537475585937727 ], [ 128.588500976562955, 35.558898925781364 ], [ 128.57391357421875, 35.575683593750114 ], [ 128.569290161132926, 35.598506927490178 ], [ 128.547714233398438, 35.616653442382869 ], [ 128.554321289062614, 35.664672851562557 ], [ 128.608398437500341, 35.691505432128906 ], [ 128.62677001953125, 35.685291290283146 ], [ 128.623291015625227, 35.664493560791129 ], [ 128.653656005859375, 35.662292480469034 ], [ 128.675430297851676, 35.671707153320483 ], [ 128.693298339843977, 35.689697265625227 ], [ 128.698425292969091, 35.70849609375 ], [ 128.688903808593977, 35.729888916015625 ], [ 128.723999023437727, 35.769805908203352 ], [ 128.732986450195313, 35.793106079101676 ], [ 128.754394531250114, 35.798797607422102 ], [ 128.76168823242233, 35.818695068359659 ], [ 128.752410888672216, 35.867401123047046 ], [ 128.72320556640625, 35.889099121093693 ], [ 128.732421875, 35.894409179687614 ], [ 128.738922119140625, 35.93897628784174 ], [ 128.720703125, 35.955810546875114 ], [ 128.682708740234602, 35.968200683593864 ], [ 128.617004394531477, 35.962295532226676 ], [ 128.581695556640966, 35.927276611328125 ], [ 128.54339599609375, 35.911712646484602 ], [ 128.533294677734375, 35.872894287109375 ], [ 128.50469970703125, 35.844718933105469 ], [ 128.479705810546875, 35.857513427734432 ], [ 128.47500610351608, 35.88360595703125 ], [ 128.434204101562841, 35.872985839843977 ], [ 128.412063598633267, 35.855602264404581 ], [ 128.408081054687841, 35.830505371093864 ], [ 128.414123535156364, 35.817871093750227 ], [ 128.466888427734602, 35.801910400390909 ], [ 128.487487792968977, 35.788879394531477 ], [ 128.489135742187841, 35.775115966796932 ], [ 128.44430541992233, 35.771697998047102 ], [ 128.420715332031591, 35.72967529296875 ], [ 128.426406860351563, 35.70274734497093 ], [ 128.461135864257813, 35.683479309081974 ], [ 128.457489013671875, 35.665908813476676 ], [ 128.44110107421875, 35.658691406249943 ], [ 128.4102783203125, 35.66748046875 ], [ 128.392776489257926, 35.663986206054801 ], [ 128.44110107421875, 35.607696533203182 ], [ 128.435745239257813, 35.586860656738338 ], [ 128.417236328125341, 35.574985504150447 ], [ 128.390075683594205, 35.5972900390625 ], [ 128.332183837890625, 35.615875244140852 ], [ 128.255676269531591, 35.599487304687557 ], [ 128.230712890625, 35.6094970703125 ], [ 128.196884155273551, 35.63669586181652 ], [ 128.21517944335983, 35.67681884765625 ], [ 128.211425781250341, 35.700527191162223 ], [ 128.144104003906591, 35.757873535156193 ], [ 128.132812500000114, 35.787200927734489 ], [ 128.05828857421875, 35.822082519531307 ], [ 127.975097656250455, 35.82373046875 ], [ 127.950927734375114, 35.847106933593864 ], [ 127.925384521484716, 35.854888916015682 ], [ 127.9114990234375, 35.89752197265625 ], [ 127.918518066406591, 35.941101074218807 ], [ 127.879287719727017, 36.002128601074276 ], [ 127.880310058594091, 36.012298583984489 ], [ 127.904998779296875, 36.026214599609659 ], [ 127.9437255859375, 36.030517578125057 ], [ 127.949890136718864, 36.076110839843977 ], [ 127.971099853515966, 36.092193603515739 ], [ 127.975494384765966, 36.114501953125114 ], [ 127.96051025390625, 36.143096923828239 ], [ 127.96490478515625, 36.15289306640625 ], [ 127.986816406250227, 36.166290283203125 ], [ 128.02182006835983, 36.154998779296875 ], [ 128.035705566406364, 36.169677734375 ], [ 128.0166015625, 36.189788818359602 ], [ 128.011810302734375, 36.222290039062784 ], [ 127.98028564453125, 36.230285644531364 ], [ 127.92791748046875, 36.226074218750114 ], [ 127.882293701172102, 36.25079345703125 ], [ 127.852294921875, 36.245208740234375 ], [ 127.82895660400402, 36.250446319580021 ], [ 127.828308105468977, 36.282287597656307 ], [ 127.869827270508154, 36.324722290039176 ], [ 127.858558654785611, 36.338573455810547 ], [ 127.860801696777457, 36.348159790039176 ], [ 127.847381591797102, 36.352630615234546 ], [ 127.84439086914108, 36.362091064453239 ], [ 127.861083984375, 36.429107666015625 ], [ 127.849838256836051, 36.446151733398665 ], [ 127.852096557617188, 36.457000732421932 ], [ 127.878814697265625, 36.465118408203068 ], [ 127.886512756347656, 36.476451873779411 ], [ 127.849815368652344, 36.532539367676009 ], [ 127.795783996582145, 36.547401428222713 ], [ 127.788818359375341, 36.5751953125 ], [ 127.824028015137173, 36.57994461059593 ], [ 127.842376708984375, 36.60589599609375 ], [ 127.862915039062614, 36.598602294921989 ], [ 127.888938903808707, 36.575428009033317 ], [ 127.897216796875455, 36.577880859375 ], [ 127.914123535156591, 36.594856262207031 ], [ 127.91177368164108, 36.629791259765682 ], [ 127.884704589844091, 36.637512207031364 ], [ 127.885894775390966, 36.644683837890682 ], [ 127.952499389648438, 36.697784423828239 ], [ 128.054199218750455, 36.676212310791186 ], [ 128.056549072265966, 36.684333801269531 ], [ 128.020507812500341, 36.711303710937614 ], [ 128.0244140625, 36.743713378906307 ], [ 128.042510986328352, 36.755187988281364 ], [ 128.057540893554688, 36.780685424804915 ], [ 128.077606201172102, 36.766601562500057 ], [ 128.097900390625114, 36.765075683593807 ], [ 128.124511718750341, 36.796386718750114 ], [ 128.134521484375114, 36.781127929687614 ], [ 128.198913574218977, 36.772796630859375 ], [ 128.205688476562955, 36.801513671875114 ], [ 128.2354736328125, 36.83270263671875 ], [ 128.248641967773438, 36.824024200439453 ], [ 128.259155273437614, 36.799102783203125 ], [ 128.284484863281591, 36.793701171875114 ], [ 128.298492431640625, 36.778015136718977 ], [ 128.34332275390625, 36.768524169921989 ], [ 128.37091064453125, 36.782073974609489 ], [ 128.402709960937727, 36.77490234375 ], [ 128.43212890625, 36.796875 ], [ 128.435485839843864, 36.82220458984375 ], [ 128.419143676758154, 36.852355957031421 ], [ 128.453475952148779, 36.906414031982422 ], [ 128.496704101562955, 36.928100585937557 ], [ 128.508087158203352, 36.946319580078409 ], [ 128.548706054687841, 36.95880126953125 ], [ 128.576110839844091, 36.998901367187727 ], [ 128.632995605468864, 37.002716064453352 ], [ 128.644683837890625, 37.01654052734375 ], [ 128.688720703125227, 37.022705078125057 ], [ 128.736297607421989, 37.008880615234659 ], [ 128.746673583984489, 37.025207519531477 ], [ 128.779739379882813, 37.028564453125 ], [ 128.78009033203125, 37.041870117187614 ], [ 128.75711059570358, 37.071197509765682 ], [ 128.764389038085938, 37.075031280517578 ], [ 128.82550048828125, 37.060302734375227 ], [ 128.883911132812614, 37.032806396484375 ], [ 128.928527832031705, 37.030883789062671 ], [ 128.936492919921875, 37.050064086914176 ], [ 128.9722900390625, 37.0360107421875 ], [ 129.031494140625, 37.033081054687614 ], [ 129.073303222656364, 37.019104003906477 ], [ 129.097900390625455, 37.048187255859318 ], [ 129.117675781250227, 37.056884765625227 ], [ 129.181182861328466, 37.018280029296875 ], [ 129.235809326171989, 37.013000488281477 ], [ 129.24560546875, 37.021392822265852 ], [ 129.246704101562614, 37.07550048828125 ], [ 129.273406982421989, 37.104187011718977 ], [ 129.312591552734716, 37.121215820312614 ], [ 129.35238647460983, 37.155792236328125 ], [ 129.351531982421875, 37.164783477783317 ] ] ], [ [ [ 130.934585571289063, 37.527915954589844 ], [ 130.940414428711051, 37.531806945801009 ], [ 130.939300537110057, 37.524028778076342 ], [ 130.934585571289063, 37.527915954589844 ] ] ], [ [ [ 130.923187255859375, 37.545139312744254 ], [ 130.921249389649006, 37.54124832153343 ], [ 130.917922973632926, 37.54375076293951 ], [ 130.923187255859375, 37.545139312744254 ] ] ], [ [ [ 130.892089843750227, 37.547359466552962 ], [ 130.893753051757813, 37.546527862548828 ], [ 130.892089843750227, 37.546249389648608 ], [ 130.892089843750227, 37.547359466552962 ] ] ], [ [ [ 130.908752441406364, 37.549026489257926 ], [ 130.919586181640625, 37.540695190429688 ], [ 130.908187866211051, 37.527637481689453 ], [ 130.917633056641193, 37.515140533447322 ], [ 130.913467407226563, 37.488471984863281 ], [ 130.920700073242415, 37.485137939453239 ], [ 130.885131835938182, 37.471527099609602 ], [ 130.874862670898438, 37.452915191650618 ], [ 130.81069946289108, 37.473751068115291 ], [ 130.801803588867529, 37.483470916748104 ], [ 130.804580688476563, 37.503749847412223 ], [ 130.7923583984375, 37.513473510742415 ], [ 130.792922973632813, 37.523471832275391 ], [ 130.802078247070313, 37.518749237060774 ], [ 130.823196411132813, 37.530139923095703 ], [ 130.908752441406364, 37.549026489257926 ] ] ] ] } },
{ "type": "Feature", "properties": { "ID_0": 211, "ISO": "KOR", "NAME_0": "South Korea", "ID_1": 10, "NAME_1": "Gyeongsangnam-do", "NL_NAME_1": "???? | ????", "VARNAME_1": "Kyongsangnam-Do|Kyongsang-namdo|Keisho Nan-do|South Kyongsang", "TYPE_1": "Do", "ENGTYPE_1": "Province" }, "geometry": { "type": "MultiPolygon", "coordinates": [ [ [ [ 128.731811523438068, 34.534862518310774 ], [ 128.735137939453239, 34.538192749023665 ], [ 128.73568725585983, 34.536804199218921 ], [ 128.731811523438068, 34.534862518310774 ] ] ], [ [ [ 128.44792175293037, 34.548473358154411 ], [ 128.447631835937727, 34.54236221313505 ], [ 128.434860229492188, 34.537082672119311 ], [ 128.439300537109489, 34.54486083984375 ], [ 128.44792175293037, 34.548473358154411 ] ] ], [ [ [ 128.344863891601563, 34.564025878906364 ], [ 128.348190307617529, 34.557918548583984 ], [ 128.342086791992529, 34.556251525879077 ], [ 128.340972900390625, 34.557918548583984 ], [ 128.344863891601563, 34.564025878906364 ] ] ], [ [ [ 128.185409545898438, 34.572639465331974 ], [ 128.18902587890625, 34.563751220703352 ], [ 128.177078247070995, 34.557918548583984 ], [ 128.1834716796875, 34.562362670898608 ], [ 128.185409545898438, 34.572639465331974 ] ] ], [ [ [ 128.348464965820313, 34.575695037842024 ], [ 128.349029541015625, 34.565971374511662 ], [ 128.345413208007813, 34.565139770507869 ], [ 128.347640991210938, 34.569026947021712 ], [ 128.348464965820313, 34.575695037842024 ] ] ], [ [ [ 128.317367553710938, 34.619304656982422 ], [ 128.323196411133154, 34.622360229492244 ], [ 128.325698852539063, 34.620140075683537 ], [ 128.317367553710938, 34.619304656982422 ] ] ], [ [ [ 128.298751831054801, 34.617916107177848 ], [ 128.307083129882813, 34.622081756592081 ], [ 128.309585571289517, 34.615139007568359 ], [ 128.298751831054801, 34.617916107177848 ] ] ], [ [ [ 128.554855346679688, 34.631526947021484 ], [ 128.550979614257926, 34.617916107177848 ], [ 128.545700073242188, 34.61875152587919 ], [ 128.54486083984375, 34.629028320312557 ], [ 128.554855346679688, 34.631526947021484 ] ] ], [ [ [ 128.467361450195426, 34.638473510742188 ], [ 128.46847534179733, 34.64152908325201 ], [ 128.472076416015625, 34.642917633056754 ], [ 128.473190307617415, 34.642360687255803 ], [ 128.467361450195426, 34.638473510742188 ] ] ], [ [ [ 128.579589843750114, 34.650970458984432 ], [ 128.585693359375114, 34.640140533447493 ], [ 128.571807861328125, 34.632915496826399 ], [ 128.557357788086392, 34.635139465332088 ], [ 128.579589843750114, 34.650970458984432 ] ] ], [ [ [ 128.35403442382858, 34.651805877685774 ], [ 128.371810913086165, 34.639305114746321 ], [ 128.378753662109943, 34.644859313964901 ], [ 128.379028320312614, 34.63347244262718 ], [ 128.362640380859489, 34.642639160156193 ], [ 128.344589233398438, 34.641250610351847 ], [ 128.343750000000114, 34.649028778076115 ], [ 128.35403442382858, 34.651805877685774 ] ] ], [ [ [ 128.245422363281364, 34.652915954589957 ], [ 128.275695800781932, 34.639305114746321 ], [ 128.26513671875, 34.633193969726619 ], [ 128.275146484375, 34.624862670898551 ], [ 128.285140991210938, 34.639305114746321 ], [ 128.299575805664063, 34.638195037841797 ], [ 128.287918090820654, 34.627639770507813 ], [ 128.289581298828239, 34.619583129882983 ], [ 128.263198852539063, 34.627082824707259 ], [ 128.235412597656364, 34.611251831054915 ], [ 128.230697631836279, 34.617362976074276 ], [ 128.24264526367233, 34.623470306396428 ], [ 128.23429870605537, 34.628471374512003 ], [ 128.237075805664063, 34.635139465332088 ], [ 128.227920532226563, 34.630695343017692 ], [ 128.223190307617642, 34.637084960937614 ], [ 128.234863281250227, 34.640415191650504 ], [ 128.227645874023779, 34.649028778076115 ], [ 128.245422363281364, 34.652915954589957 ] ] ], [ [ [ 128.571807861328125, 34.655693054199446 ], [ 128.579025268555256, 34.657360076904354 ], [ 128.572921752930256, 34.653194427490348 ], [ 128.571807861328125, 34.655693054199446 ] ] ], [ [ [ 128.258193969726563, 34.660972595215014 ], [ 128.260696411133381, 34.659305572509879 ], [ 128.257919311523551, 34.660415649414063 ], [ 128.258193969726563, 34.660972595215014 ] ] ], [ [ [ 128.34291076660179, 34.662918090820313 ], [ 128.348754882812841, 34.662082672119368 ], [ 128.352645874023665, 34.65625 ], [ 128.344589233398438, 34.655418395996037 ], [ 128.34291076660179, 34.662918090820313 ] ] ], [ [ [ 128.31459045410179, 34.659027099609659 ], [ 128.316528320312841, 34.659305572509879 ], [ 128.316253662109375, 34.658195495605696 ], [ 128.31459045410179, 34.659027099609659 ] ] ], [ [ [ 128.255416870117642, 34.667915344238509 ], [ 128.25347900390625, 34.661804199218807 ], [ 128.243469238281591, 34.664306640625227 ], [ 128.243469238281591, 34.666805267333984 ], [ 128.255416870117642, 34.667915344238509 ] ] ], [ [ [ 128.265411376953466, 34.666805267333984 ], [ 128.267913818359375, 34.665973663330192 ], [ 128.267639160156364, 34.664859771728459 ], [ 128.265411376953466, 34.666805267333984 ] ] ], [ [ [ 128.308471679687614, 34.672637939453296 ], [ 128.30763244628929, 34.66513824462902 ], [ 128.302917480469205, 34.664585113525618 ], [ 128.303756713867188, 34.66875076293968 ], [ 128.308471679687614, 34.672637939453296 ] ] ], [ [ [ 127.948196411133495, 34.676528930664119 ], [ 127.950691223144872, 34.676250457763956 ], [ 127.947914123535156, 34.674583435058651 ], [ 127.948196411133495, 34.676528930664119 ] ] ], [ [ [ 128.21820068359375, 34.678749084472656 ], [ 128.221527099610057, 34.679584503173828 ], [ 128.22236633300804, 34.673473358154297 ], [ 128.21820068359375, 34.678749084472656 ] ] ], [ [ [ 128.251525878906364, 34.680416107177962 ], [ 128.25958251953125, 34.673194885253906 ], [ 128.229583740234375, 34.672084808349723 ], [ 128.232086181641193, 34.677082061767749 ], [ 128.251525878906364, 34.680416107177962 ] ] ], [ [ [ 128.260696411133381, 34.680694580078352 ], [ 128.267089843750114, 34.679862976074219 ], [ 128.267639160156364, 34.678470611572266 ], [ 128.260696411133381, 34.680694580078352 ] ] ], [ [ [ 128.05819702148483, 34.681251525879134 ], [ 128.062911987304915, 34.682083129882926 ], [ 128.063751220703239, 34.679306030273438 ], [ 128.05819702148483, 34.681251525879134 ] ] ], [ [ [ 128.624588012695313, 34.684581756592024 ], [ 128.619308471679688, 34.681526184082145 ], [ 128.614578247070767, 34.684028625488224 ], [ 128.618743896484375, 34.683471679687671 ], [ 128.624588012695313, 34.684581756592024 ] ] ], [ [ [ 128.055419921875, 34.687084197998274 ], [ 128.057357788086051, 34.684860229492188 ], [ 128.056243896484602, 34.684581756592024 ], [ 128.055419921875, 34.687084197998274 ] ] ], [ [ [ 128.574020385742529, 34.682083129882926 ], [ 128.582641601562614, 34.684307098388786 ], [ 128.583755493164063, 34.680973052978572 ], [ 128.574020385742529, 34.682083129882926 ] ] ], [ [ [ 128.28070068359375, 34.68902587890625 ], [ 128.287643432617188, 34.687637329101847 ], [ 128.279586791992415, 34.687084197998274 ], [ 128.28070068359375, 34.68902587890625 ] ] ], [ [ [ 128.049301147461279, 34.6915283203125 ], [ 128.052078247070313, 34.681251525879134 ], [ 128.045135498046875, 34.680973052978572 ], [ 128.043746948242415, 34.688194274902457 ], [ 128.049301147461279, 34.6915283203125 ] ] ], [ [ [ 128.053756713867415, 34.690139770507756 ], [ 128.060134887695426, 34.689304351806641 ], [ 128.060134887695426, 34.687915802002067 ], [ 128.053756713867415, 34.690139770507756 ] ] ], [ [ [ 128.032638549805142, 34.693473815918196 ], [ 128.037078857422557, 34.692359924316463 ], [ 128.03375244140625, 34.690418243408146 ], [ 128.032638549805142, 34.693473815918196 ] ] ], [ [ [ 128.05819702148483, 34.694305419921989 ], [ 128.06097412109375, 34.694583892822379 ], [ 128.060699462890739, 34.693473815918196 ], [ 128.05819702148483, 34.694305419921989 ] ] ], [ [ [ 128.597915649414631, 34.695415496826172 ], [ 128.599578857422216, 34.692916870117415 ], [ 128.598464965820313, 34.692638397216854 ], [ 128.597915649414631, 34.695415496826172 ] ] ], [ [ [ 128.394577026367301, 34.696804046630916 ], [ 128.398193359375, 34.693473815918196 ], [ 128.39263916015625, 34.695415496826172 ], [ 128.394577026367301, 34.696804046630916 ] ] ], [ [ [ 128.022644042968864, 34.697360992431868 ], [ 128.025146484375227, 34.695415496826172 ], [ 128.020965576171875, 34.695693969726563 ], [ 128.022644042968864, 34.697360992431868 ] ] ], [ [ [ 128.605422973633267, 34.695415496826172 ], [ 128.606811523438182, 34.695972442627124 ], [ 128.608749389648438, 34.694583892822379 ], [ 128.605422973633267, 34.695415496826172 ] ] ], [ [ [ 128.031799316406364, 34.697360992431868 ], [ 128.034576416015739, 34.695693969726563 ], [ 128.02902221679733, 34.697082519531477 ], [ 128.031799316406364, 34.697360992431868 ] ] ], [ [ [ 128.06402587890625, 34.700695037841911 ], [ 128.054855346679688, 34.693748474121207 ], [ 128.047088623047102, 34.69486236572277 ], [ 128.049865722656932, 34.699584960937727 ], [ 128.06402587890625, 34.700695037841911 ] ] ], [ [ [ 128.54180908203125, 34.70041656494169 ], [ 128.549301147460938, 34.696250915527514 ], [ 128.541534423828239, 34.699584960937727 ], [ 128.54180908203125, 34.70041656494169 ] ] ], [ [ [ 128.556243896484489, 34.705139160156307 ], [ 128.55931091308662, 34.703193664550838 ], [ 128.555419921875, 34.704029083251953 ], [ 128.556243896484489, 34.705139160156307 ] ] ], [ [ [ 127.995414733886719, 34.704029083251953 ], [ 127.99847412109375, 34.703472137451399 ], [ 127.995971679687727, 34.702915191650618 ], [ 127.995414733886719, 34.704029083251953 ] ] ], [ [ [ 127.982917785645213, 34.704303741455192 ], [ 127.985137939453125, 34.705139160156307 ], [ 127.985694885253906, 34.704303741455192 ], [ 127.982917785645213, 34.704303741455192 ] ] ], [ [ [ 128.177917480469318, 34.711250305176065 ], [ 128.199859619140852, 34.70624923706049 ], [ 128.202911376953352, 34.690418243408146 ], [ 128.194305419921989, 34.685695648193359 ], [ 128.195144653320767, 34.6920814514163 ], [ 128.17236328125, 34.695972442627124 ], [ 128.167633056640852, 34.70624923706049 ], [ 128.177917480469318, 34.711250305176065 ] ] ], [ [ [ 128.392913818359375, 34.710140228271712 ], [ 128.39846801757858, 34.707637786865405 ], [ 128.393478393554688, 34.706527709961051 ], [ 128.392913818359375, 34.710140228271712 ] ] ], [ [ [ 128.644027709960938, 34.70958328247076 ], [ 128.647918701171875, 34.710971832275675 ], [ 128.648742675781364, 34.70930480957054 ], [ 128.644027709960938, 34.70958328247076 ] ] ], [ [ [ 128.460693359375227, 34.717082977295036 ], [ 128.467910766601676, 34.707084655761832 ], [ 128.450424194336279, 34.704303741455192 ], [ 128.45013427734375, 34.712917327880973 ], [ 128.460693359375227, 34.717082977295036 ] ] ], [ [ [ 128.555145263671875, 34.71847152709978 ], [ 128.560699462890625, 34.715415954590071 ], [ 128.566528320312614, 34.706527709961051 ], [ 128.560134887695426, 34.707637786865405 ], [ 128.555145263671875, 34.71847152709978 ] ] ], [ [ [ 128.051254272461051, 34.719581604004134 ], [ 128.05514526367233, 34.720138549804688 ], [ 128.054580688477017, 34.71875 ], [ 128.051254272461051, 34.719581604004134 ] ] ], [ [ [ 128.452362060546875, 34.722637176513956 ], [ 128.453750610351563, 34.720695495605469 ], [ 128.452087402343864, 34.719860076904297 ], [ 128.452362060546875, 34.722637176513956 ] ] ], [ [ [ 127.936531066894645, 34.730693817138672 ], [ 127.942916870117301, 34.723194122314567 ], [ 127.932914733886832, 34.727359771728572 ], [ 127.936531066894645, 34.730693817138672 ] ] ], [ [ [ 128.428466796875682, 34.734306335449446 ], [ 128.429306030274006, 34.720973968505859 ], [ 128.426803588867188, 34.719306945800895 ], [ 128.422912597656364, 34.728473663330305 ], [ 128.428466796875682, 34.734306335449446 ] ] ], [ [ [ 128.532363891602017, 34.735137939453239 ], [ 128.535964965820313, 34.729026794433878 ], [ 128.519866943359375, 34.728748321533317 ], [ 128.522079467773551, 34.732360839843977 ], [ 128.532363891602017, 34.735137939453239 ] ] ], [ [ [ 128.681808471679688, 34.7354164123538 ], [ 128.685409545898779, 34.731803894043026 ], [ 128.683746337891193, 34.729583740234489 ], [ 128.681808471679688, 34.7354164123538 ] ] ], [ [ [ 128.4656982421875, 34.735973358154411 ], [ 128.472076416015625, 34.728473663330305 ], [ 128.460418701171875, 34.719581604004134 ], [ 128.454589843750227, 34.727359771728572 ], [ 128.4656982421875, 34.735973358154411 ] ] ], [ [ [ 128.39236450195358, 34.736251831054801 ], [ 128.406799316406818, 34.734306335449446 ], [ 128.40570068359375, 34.728473663330305 ], [ 128.39236450195358, 34.736251831054801 ] ] ], [ [ [ 128.378479003906364, 34.738193511962947 ], [ 128.389022827148438, 34.740970611572209 ], [ 128.39208984375, 34.736804962158203 ], [ 128.378479003906364, 34.738193511962947 ] ] ], [ [ [ 128.059585571289745, 34.740695953369368 ], [ 128.065414428710938, 34.739307403564453 ], [ 128.059310913085938, 34.739582061767862 ], [ 128.059585571289745, 34.740695953369368 ] ] ], [ [ [ 128.495422363281932, 34.75013732910179 ], [ 128.514862060547102, 34.734859466552678 ], [ 128.50070190429733, 34.737640380859546 ], [ 128.496246337891193, 34.730693817138672 ], [ 128.465972900390625, 34.739860534668253 ], [ 128.495422363281932, 34.75013732910179 ] ] ], [ [ [ 128.418472290039063, 34.745418548583984 ], [ 128.426528930664176, 34.754028320312443 ], [ 128.420974731445767, 34.744304656982649 ], [ 128.399307250976904, 34.746250152588175 ], [ 128.40986633300804, 34.755416870117358 ], [ 128.418472290039063, 34.745418548583984 ] ] ], [ [ [ 128.399032592773438, 34.753192901611499 ], [ 128.400421142578352, 34.750694274902571 ], [ 128.39208984375, 34.753749847412053 ], [ 128.399032592773438, 34.753192901611499 ] ] ], [ [ [ 128.070144653320881, 34.754306793213004 ], [ 128.073745727539063, 34.750694274902571 ], [ 128.070693969726563, 34.75013732910179 ], [ 128.070144653320881, 34.754306793213004 ] ] ], [ [ [ 127.835693359375, 34.761528015136719 ], [ 127.839302062988622, 34.760139465331974 ], [ 127.834861755371207, 34.760692596435774 ], [ 127.835693359375, 34.761528015136719 ] ] ], [ [ [ 128.296524047851563, 34.763195037842024 ], [ 128.309020996094205, 34.756526947021712 ], [ 128.299301147461051, 34.751804351806754 ], [ 128.303192138671875, 34.74486160278343 ], [ 128.282913208007926, 34.754859924316406 ], [ 128.296524047851563, 34.763195037842024 ] ] ], [ [ [ 128.389862060546875, 34.765972137451342 ], [ 128.39208984375, 34.763748168945426 ], [ 128.390975952148665, 34.763473510742415 ], [ 128.389862060546875, 34.765972137451342 ] ] ], [ [ [ 128.511810302734602, 34.766529083251896 ], [ 128.534027099609602, 34.764862060546989 ], [ 128.529861450195313, 34.757637023926065 ], [ 128.560134887695426, 34.760139465331974 ], [ 128.554031372070426, 34.75291824340826 ], [ 128.561248779296875, 34.749584197998047 ], [ 128.508468627929915, 34.757915496826286 ], [ 128.511810302734602, 34.766529083251896 ] ] ], [ [ [ 128.366531372070313, 34.770694732666129 ], [ 128.369033813477131, 34.769584655761946 ], [ 128.366256713867301, 34.769584655761946 ], [ 128.366531372070313, 34.770694732666129 ] ] ], [ [ [ 128.710144042968864, 34.767360687256087 ], [ 128.718200683594432, 34.770137786865348 ], [ 128.719024658203693, 34.766250610351733 ], [ 128.710144042968864, 34.767360687256087 ] ] ], [ [ [ 127.839584350585938, 34.77652740478527 ], [ 127.842636108398438, 34.774860382080362 ], [ 127.83819580078125, 34.774860382080362 ], [ 127.839584350585938, 34.77652740478527 ] ] ], [ [ [ 128.460693359375227, 34.77986145019554 ], [ 128.463745117187727, 34.778751373291186 ], [ 128.460418701171875, 34.774860382080362 ], [ 128.460693359375227, 34.77986145019554 ] ] ], [ [ [ 128.377639770507813, 34.779582977294979 ], [ 128.37957763671875, 34.777915954589844 ], [ 128.377365112305029, 34.778472900390625 ], [ 128.377639770507813, 34.779582977294979 ] ] ], [ [ [ 128.495422363281932, 34.786804199218864 ], [ 128.497360229492188, 34.78541564941429 ], [ 128.495132446289063, 34.78569412231468 ], [ 128.495422363281932, 34.786804199218864 ] ] ], [ [ [ 127.831253051757926, 34.786804199218864 ], [ 127.833190917969432, 34.784584045410156 ], [ 127.831802368164517, 34.784027099609546 ], [ 127.831253051757926, 34.786804199218864 ] ] ], [ [ [ 128.362365722656477, 34.787361145019815 ], [ 128.373748779297216, 34.784027099609546 ], [ 128.371810913086165, 34.775970458984318 ], [ 128.35736083984375, 34.775695800781477 ], [ 128.362365722656477, 34.787361145019815 ] ] ], [ [ [ 128.530700683594432, 34.787082672119254 ], [ 128.534301757812614, 34.784862518310547 ], [ 128.53041076660179, 34.785972595214901 ], [ 128.530700683594432, 34.787082672119254 ] ] ], [ [ [ 128.380142211914063, 34.787082672119254 ], [ 128.385421752929801, 34.786529541015852 ], [ 128.385971069335938, 34.784862518310547 ], [ 128.380142211914063, 34.787082672119254 ] ] ], [ [ [ 128.383193969726563, 34.788471221923999 ], [ 128.386810302734375, 34.787918090820369 ], [ 128.386520385742529, 34.786804199218864 ], [ 128.383193969726563, 34.788471221923999 ] ] ], [ [ [ 128.710968017578466, 34.785972595214901 ], [ 128.717086791992188, 34.788192749023608 ], [ 128.716812133789517, 34.780693054199332 ], [ 128.710968017578466, 34.785972595214901 ] ] ], [ [ [ 128.249862670898438, 34.795417785644474 ], [ 128.25180053710983, 34.794303894042969 ], [ 128.249588012695313, 34.794303894042969 ], [ 128.249862670898438, 34.795417785644474 ] ] ], [ [ [ 128.50958251953125, 34.797359466552791 ], [ 128.512084960938068, 34.797359466552791 ], [ 128.511810302734602, 34.796249389648438 ], [ 128.50958251953125, 34.797359466552791 ] ] ], [ [ [ 128.513748168945654, 34.798473358154524 ], [ 128.520965576172102, 34.792362213134822 ], [ 128.511245727539745, 34.79458236694353 ], [ 128.513748168945654, 34.798473358154524 ] ] ], [ [ [ 128.501800537109602, 34.803749084472713 ], [ 128.510696411133154, 34.802360534668196 ], [ 128.504577636719432, 34.787082672119254 ], [ 128.494857788086279, 34.792640686035384 ], [ 128.501800537109602, 34.803749084472713 ] ] ], [ [ [ 128.255691528320313, 34.804027557373104 ], [ 128.257919311523551, 34.803195953369311 ], [ 128.257644653320881, 34.799583435058707 ], [ 128.255691528320313, 34.804027557373104 ] ] ], [ [ [ 128.680419921875227, 34.804027557373104 ], [ 128.683471679687727, 34.805973052978629 ], [ 128.683746337891193, 34.805416107178019 ], [ 128.680419921875227, 34.804027557373104 ] ] ], [ [ [ 128.455413818359375, 34.810974121093977 ], [ 128.457366943359375, 34.810417175293026 ], [ 128.455688476562955, 34.809860229492472 ], [ 128.455413818359375, 34.810974121093977 ] ] ], [ [ [ 128.491256713867188, 34.812915802001953 ], [ 128.495697021484602, 34.809307098388672 ], [ 128.490966796875, 34.81180572509794 ], [ 128.491256713867188, 34.812915802001953 ] ] ], [ [ [ 128.458465576171875, 34.814304351806868 ], [ 128.459579467773779, 34.812637329101733 ], [ 128.457916259766193, 34.812084197998161 ], [ 128.458465576171875, 34.814304351806868 ] ] ], [ [ [ 128.484588623046875, 34.817916870117301 ], [ 128.479034423828466, 34.807918548583928 ], [ 128.487640380859375, 34.81180572509794 ], [ 128.493469238281364, 34.781806945800838 ], [ 128.506256103515739, 34.784027099609546 ], [ 128.512084960938068, 34.776805877685831 ], [ 128.508743286132926, 34.766529083251896 ], [ 128.488754272461279, 34.756805419922102 ], [ 128.467636108399006, 34.760692596435774 ], [ 128.473190307617415, 34.775417327880916 ], [ 128.459579467773779, 34.786251068115462 ], [ 128.462081909179688, 34.80625152587902 ], [ 128.4656982421875, 34.787639617920206 ], [ 128.475143432617642, 34.794029235840128 ], [ 128.473464965820426, 34.803195953369311 ], [ 128.48541259765625, 34.797637939453182 ], [ 128.465972900390625, 34.810695648193587 ], [ 128.469024658203125, 34.817916870117301 ], [ 128.484588623046875, 34.817916870117301 ] ] ], [ [ [ 128.360687255859375, 34.81763839721674 ], [ 128.364028930664063, 34.816528320312557 ], [ 128.363754272461392, 34.815971374512003 ], [ 128.360687255859375, 34.81763839721674 ] ] ], [ [ [ 128.34291076660179, 34.817916870117301 ], [ 128.345977783203125, 34.81763839721674 ], [ 128.34568786621162, 34.816528320312557 ], [ 128.34291076660179, 34.817916870117301 ] ] ], [ [ [ 128.176254272460938, 34.822082519531364 ], [ 128.177917480469318, 34.819026947021655 ], [ 128.174026489258495, 34.820137023926009 ], [ 128.176254272460938, 34.822082519531364 ] ] ], [ [ [ 128.347366333007926, 34.816249847412394 ], [ 128.36041259765625, 34.819305419921875 ], [ 128.356521606445426, 34.813472747802734 ], [ 128.369033813477131, 34.814861297607649 ], [ 128.369857788086392, 34.811527252197379 ], [ 128.356246948242756, 34.81180572509794 ], [ 128.347366333007926, 34.816249847412394 ] ] ], [ [ [ 128.544586181640739, 34.824584960937784 ], [ 128.546249389648438, 34.813472747802734 ], [ 128.528198242187614, 34.802360534668196 ], [ 128.526535034179688, 34.811527252197379 ], [ 128.544586181640739, 34.824584960937784 ] ] ], [ [ [ 128.755142211914517, 34.82652664184593 ], [ 128.753753662109602, 34.816806793212947 ], [ 128.746246337890966, 34.814861297607649 ], [ 128.7490234375, 34.823749542236271 ], [ 128.755142211914517, 34.82652664184593 ] ] ], [ [ [ 128.489028930664063, 34.830417633056584 ], [ 128.491806030273779, 34.830417633056584 ], [ 128.491531372070313, 34.829029083252237 ], [ 128.489028930664063, 34.830417633056584 ] ] ], [ [ [ 128.494308471679688, 34.831806182861499 ], [ 128.497360229492188, 34.828193664550895 ], [ 128.494857788086279, 34.827362060546932 ], [ 128.494308471679688, 34.831806182861499 ] ] ], [ [ [ 128.463745117187727, 34.825973510742188 ], [ 128.474853515625, 34.833473205566634 ], [ 128.477355957031364, 34.82069396972679 ], [ 128.463745117187727, 34.825973510742188 ] ] ], [ [ [ 128.313751220703125, 34.833473205566634 ], [ 128.31764221191429, 34.830970764160384 ], [ 128.314025878906932, 34.830696105957145 ], [ 128.313751220703125, 34.833473205566634 ] ] ], [ [ [ 128.134033203125114, 34.835971832275561 ], [ 128.144302368164063, 34.830970764160384 ], [ 128.141250610351563, 34.824028015136662 ], [ 128.125137329101563, 34.829582214355639 ], [ 128.134033203125114, 34.835971832275561 ] ] ], [ [ [ 128.157089233398438, 34.836528778076115 ], [ 128.160140991210938, 34.836528778076115 ], [ 128.159576416015625, 34.834861755371207 ], [ 128.157089233398438, 34.836528778076115 ] ] ], [ [ [ 128.456253051757813, 34.837638854980469 ], [ 128.462081909179688, 34.837081909179915 ], [ 128.455978393554688, 34.836528778076115 ], [ 128.456253051757813, 34.837638854980469 ] ] ], [ [ [ 128.237075805664063, 34.841251373291129 ], [ 128.241806030274006, 34.82986068725603 ], [ 128.266250610351563, 34.816249847412394 ], [ 128.256256103515966, 34.808193206787166 ], [ 128.239028930664176, 34.810970306396428 ], [ 128.247634887695426, 34.799583435058707 ], [ 128.241806030274006, 34.79458236694353 ], [ 128.199310302734375, 34.818195343017862 ], [ 128.200973510742188, 34.825138092041016 ], [ 128.215133666992188, 34.821250915527571 ], [ 128.206802368164176, 34.827083587646712 ], [ 128.216247558594318, 34.839027404785213 ], [ 128.237075805664063, 34.841251373291129 ] ] ], [ [ [ 128.027084350585938, 34.841526031494141 ], [ 128.030975341797557, 34.842639923095874 ], [ 128.032638549805142, 34.840988159179972 ], [ 128.027084350585938, 34.841526031494141 ] ] ], [ [ [ 128.021255493164745, 34.841526031494141 ], [ 128.021804809570426, 34.842639923095874 ], [ 128.023193359375, 34.839584350586165 ], [ 128.021255493164745, 34.841526031494141 ] ] ], [ [ [ 128.354583740234375, 34.852085113525618 ], [ 128.358749389648665, 34.852359771728459 ], [ 128.359298706055256, 34.850971221924112 ], [ 128.354583740234375, 34.852085113525618 ] ] ], [ [ [ 128.366806030273892, 34.852916717529411 ], [ 128.369308471679801, 34.850971221924112 ], [ 128.369033813477131, 34.850139617920149 ], [ 128.366806030273892, 34.852916717529411 ] ] ], [ [ [ 128.341247558594205, 34.853473663330192 ], [ 128.344299316406705, 34.851806640625057 ], [ 128.340972900390625, 34.852916717529411 ], [ 128.341247558594205, 34.853473663330192 ] ] ], [ [ [ 128.200424194336506, 34.860416412353686 ], [ 128.232910156250455, 34.844860076904581 ], [ 128.206527709961506, 34.842918395996037 ], [ 128.195419311523438, 34.828472137451286 ], [ 128.182083129882813, 34.82652664184593 ], [ 128.183746337890852, 34.836528778076115 ], [ 128.168472290039176, 34.840415954590128 ], [ 128.167633056640852, 34.852085113525618 ], [ 128.200424194336506, 34.860416412353686 ] ] ], [ [ [ 128.377090454101563, 34.86180496215843 ], [ 128.37957763671875, 34.860137939453125 ], [ 128.378189086914631, 34.859859466552734 ], [ 128.377090454101563, 34.86180496215843 ] ] ], [ [ [ 128.34568786621162, 34.866806030273608 ], [ 128.35125732421875, 34.863750457763956 ], [ 128.343475341797443, 34.864582061767749 ], [ 128.34568786621162, 34.866806030273608 ] ] ], [ [ [ 128.466247558594091, 34.868194580078352 ], [ 128.469863891602245, 34.865970611572493 ], [ 128.466522216796875, 34.863750457763956 ], [ 128.466247558594091, 34.868194580078352 ] ] ], [ [ [ 128.3326416015625, 34.870693206787109 ], [ 128.338470458984375, 34.869304656982536 ], [ 128.3387451171875, 34.868473052978743 ], [ 128.3326416015625, 34.870693206787109 ] ] ], [ [ [ 128.24264526367233, 34.8790283203125 ], [ 128.24569702148483, 34.877361297607592 ], [ 128.242080688476676, 34.875694274902457 ], [ 128.24264526367233, 34.8790283203125 ] ] ], [ [ [ 128.246246337890625, 34.881805419922159 ], [ 128.250701904297557, 34.880138397216854 ], [ 128.246246337890625, 34.880695343017805 ], [ 128.246246337890625, 34.881805419922159 ] ] ], [ [ [ 127.819862365722656, 34.882915496826172 ], [ 127.822914123535156, 34.884304046631087 ], [ 127.823471069336279, 34.881526947021598 ], [ 127.819862365722656, 34.882915496826172 ] ] ], [ [ [ 128.176254272460938, 34.885971069336222 ], [ 128.181533813477131, 34.885971069336222 ], [ 128.180969238281818, 34.884029388427905 ], [ 128.176254272460938, 34.885971069336222 ] ] ], [ [ [ 127.916252136230469, 34.888473510742301 ], [ 127.917915344238281, 34.88791656494152 ], [ 127.915695190429688, 34.887359619140568 ], [ 127.916252136230469, 34.888473510742301 ] ] ], [ [ [ 128.178756713867301, 34.887359619140568 ], [ 128.178756713867301, 34.890693664551009 ], [ 128.181808471679801, 34.888748168945313 ], [ 128.178756713867301, 34.887359619140568 ] ] ], [ [ [ 128.279586791992415, 34.892639160156534 ], [ 128.281799316406932, 34.890140533447436 ], [ 128.279022216797102, 34.890140533447436 ], [ 128.279586791992415, 34.892639160156534 ] ] ], [ [ [ 128.421249389648438, 34.894306182861442 ], [ 128.425140380859375, 34.889862060546875 ], [ 128.423477172851676, 34.889583587646484 ], [ 128.421249389648438, 34.894306182861442 ] ] ], [ [ [ 128.2490234375, 34.895973205566406 ], [ 128.255142211914063, 34.894027709960881 ], [ 128.250411987304915, 34.890972137451229 ], [ 128.2490234375, 34.895973205566406 ] ] ], [ [ [ 128.480972290039063, 34.89680480957054 ], [ 128.48541259765625, 34.894306182861442 ], [ 128.480697631836051, 34.895416259765796 ], [ 128.480972290039063, 34.89680480957054 ] ] ], [ [ [ 127.9879150390625, 34.902362823486328 ], [ 127.989585876465526, 34.901527404785156 ], [ 127.988197326660611, 34.900970458984602 ], [ 127.9879150390625, 34.902362823486328 ] ] ], [ [ [ 128.252914428710938, 34.90597152709978 ], [ 128.255142211914063, 34.907081604004134 ], [ 128.254577636718864, 34.905693054199219 ], [ 128.252914428710938, 34.90597152709978 ] ] ], [ [ [ 128.206527709961506, 34.909584045410384 ], [ 128.208465576171875, 34.907638549804688 ], [ 128.206527709961506, 34.906528472900334 ], [ 128.206527709961506, 34.909584045410384 ] ] ], [ [ [ 128.07569885253929, 34.910137176513786 ], [ 128.083755493164517, 34.908748626709041 ], [ 128.07847595214912, 34.904582977295036 ], [ 128.083190917969205, 34.89680480957054 ], [ 128.074020385742188, 34.885971069336222 ], [ 128.07569885253929, 34.910137176513786 ] ] ], [ [ [ 128.489578247070881, 34.912082672119141 ], [ 128.491531372070313, 34.910694122314567 ], [ 128.489303588867415, 34.910972595214957 ], [ 128.489578247070881, 34.912082672119141 ] ] ], [ [ [ 127.936805725097656, 34.911251068115348 ], [ 127.939025878906364, 34.912082672119141 ], [ 127.939582824707145, 34.910972595214957 ], [ 127.936805725097656, 34.911251068115348 ] ] ], [ [ [ 128.562911987304801, 34.913749694824446 ], [ 128.56541442871162, 34.912918090820256 ], [ 128.565139770507813, 34.91180419921875 ], [ 128.562911987304801, 34.913749694824446 ] ] ], [ [ [ 128.484298706055142, 34.917083740234489 ], [ 128.486801147461051, 34.915138244628963 ], [ 128.484298706055142, 34.914585113525561 ], [ 128.484298706055142, 34.917083740234489 ] ] ], [ [ [ 128.260696411133381, 34.916805267334269 ], [ 128.264022827148551, 34.917362213134879 ], [ 128.263473510742415, 34.915138244628963 ], [ 128.260696411133381, 34.916805267334269 ] ] ], [ [ [ 128.467361450195426, 34.920970916748331 ], [ 128.474853515625, 34.919303894043196 ], [ 128.477645874023551, 34.905139923095987 ], [ 128.464309692382926, 34.907081604004134 ], [ 128.467361450195426, 34.920970916748331 ] ] ], [ [ [ 128.205413818359375, 34.921527862548885 ], [ 128.207916259765625, 34.918750762939624 ], [ 128.20625305175804, 34.918750762939624 ], [ 128.205413818359375, 34.921527862548885 ] ] ], [ [ [ 128.030410766602245, 34.922637939453068 ], [ 128.010131835937955, 34.867084503173828 ], [ 128.023742675781591, 34.864582061767749 ], [ 128.022354125976676, 34.882637023925952 ], [ 128.0362548828125, 34.897914886474723 ], [ 128.037353515625227, 34.891803741455192 ], [ 128.046798706054915, 34.89680480957054 ], [ 128.041244506836051, 34.889026641845874 ], [ 128.066802978515739, 34.873748779296932 ], [ 128.065414428710938, 34.86152648925804 ], [ 128.057357788086051, 34.859306335449332 ], [ 128.053756713867415, 34.852359771728459 ], [ 128.061798095703125, 34.855140686035327 ], [ 128.060409545898551, 34.844860076904581 ], [ 128.07569885253929, 34.844860076904581 ], [ 128.087081909179688, 34.827915191650504 ], [ 128.046249389648779, 34.835693359375 ], [ 128.022079467774006, 34.849029541015796 ], [ 128.018753051757926, 34.838470458984659 ], [ 128.004028320312955, 34.835693359375 ], [ 127.969306945800781, 34.843471527099837 ], [ 127.963470458984716, 34.871528625488224 ], [ 127.990692138671989, 34.894027709960881 ], [ 127.996246337890739, 34.910694122314567 ], [ 128.030410766602245, 34.922637939453068 ] ] ], [ [ [ 128.518478393554801, 34.922359466552678 ], [ 128.519577026367188, 34.922359466552678 ], [ 128.52069091796875, 34.921249389648722 ], [ 128.518478393554801, 34.922359466552678 ] ] ], [ [ [ 127.835136413574219, 34.926250457763899 ], [ 127.834030151367415, 34.924583435058594 ], [ 127.828750610352017, 34.924583435058594 ], [ 127.835136413574219, 34.926250457763899 ] ] ], [ [ [ 128.035690307617642, 34.927082061767692 ], [ 128.039581298828466, 34.922916412353629 ], [ 128.0423583984375, 34.926807403564453 ], [ 128.045974731445313, 34.924861907958984 ], [ 128.03680419921875, 34.918750762939624 ], [ 128.035690307617642, 34.927082061767692 ] ] ], [ [ [ 128.31764221191429, 34.92319488525419 ], [ 128.32513427734375, 34.922359466552678 ], [ 128.31903076171875, 34.919860839843977 ], [ 128.31764221191429, 34.92319488525419 ] ] ], [ [ [ 127.839027404785156, 34.92652893066429 ], [ 127.840415954589957, 34.923751831054801 ], [ 127.839859008789745, 34.923751831054801 ], [ 127.839027404785156, 34.92652893066429 ] ] ], [ [ [ 128.435409545899006, 34.92652893066429 ], [ 128.440139770507813, 34.925415039062727 ], [ 128.435974121094318, 34.924304962158203 ], [ 128.435409545899006, 34.92652893066429 ] ] ], [ [ [ 128.328475952148892, 34.925971984863338 ], [ 128.331253051757926, 34.921527862548885 ], [ 128.328475952148892, 34.921527862548885 ], [ 128.328475952148892, 34.925971984863338 ] ] ], [ [ [ 128.521530151367301, 34.926807403564453 ], [ 128.519577026367188, 34.927082061767692 ], [ 128.521530151367301, 34.928195953369197 ], [ 128.521530151367301, 34.926807403564453 ] ] ], [ [ [ 128.028472900390739, 34.926250457763899 ], [ 128.030975341797557, 34.928195953369197 ], [ 128.031250000000227, 34.926807403564453 ], [ 128.028472900390739, 34.926250457763899 ] ] ], [ [ [ 127.935417175293651, 34.92902755737299 ], [ 127.937080383301236, 34.927360534668253 ], [ 127.934303283691406, 34.927082061767692 ], [ 127.935417175293651, 34.92902755737299 ] ] ], [ [ [ 127.940414428710938, 34.929584503174112 ], [ 127.943748474121094, 34.929306030273551 ], [ 127.941253662109375, 34.928195953369197 ], [ 127.940414428710938, 34.929584503174112 ] ] ], [ [ [ 127.837081909179915, 34.93208312988304 ], [ 127.840415954589957, 34.930137634277344 ], [ 127.83819580078125, 34.929306030273551 ], [ 127.837081909179915, 34.93208312988304 ] ] ], [ [ [ 128.225967407226676, 34.933750152588175 ], [ 128.224578857422557, 34.923751831054801 ], [ 128.219589233398551, 34.923751831054801 ], [ 128.217636108398438, 34.927917480468807 ], [ 128.225967407226676, 34.933750152588175 ] ] ], [ [ [ 128.261245727539063, 34.933750152588175 ], [ 128.263198852539063, 34.928195953369197 ], [ 128.261810302734375, 34.928195953369197 ], [ 128.261245727539063, 34.933750152588175 ] ] ], [ [ [ 128.2490234375, 34.935138702392521 ], [ 128.252639770507813, 34.934860229492358 ], [ 128.250137329102245, 34.933193206787223 ], [ 128.2490234375, 34.935138702392521 ] ] ], [ [ [ 128.027923583985057, 34.935417175292912 ], [ 128.034027099610057, 34.936248779296875 ], [ 128.032089233398551, 34.931804656982649 ], [ 128.027923583985057, 34.935417175292912 ] ] ], [ [ [ 127.834030151367415, 34.939025878906534 ], [ 127.834587097168537, 34.928470611572436 ], [ 127.830696105957259, 34.927639007568644 ], [ 127.829025268554688, 34.932918548584212 ], [ 127.834030151367415, 34.939025878906534 ] ] ], [ [ [ 128.237075805664063, 34.937362670898438 ], [ 128.238754272461506, 34.938194274902571 ], [ 128.238479614257926, 34.935695648193473 ], [ 128.237075805664063, 34.937362670898438 ] ] ], [ [ [ 128.487640380859375, 34.939025878906534 ], [ 128.491806030273779, 34.932918548584212 ], [ 128.490417480468864, 34.92902755737299 ], [ 128.48486328125, 34.929862976074332 ], [ 128.487640380859375, 34.939025878906534 ] ] ], [ [ [ 127.783752441406364, 34.942359924316634 ], [ 127.782081604004247, 34.936805725097827 ], [ 127.77680206298885, 34.939582824707145 ], [ 127.783752441406364, 34.942359924316634 ] ] ], [ [ [ 127.80930328369152, 34.939582824707145 ], [ 127.809585571289063, 34.94124984741228 ], [ 127.812919616699673, 34.939861297607536 ], [ 127.80930328369152, 34.939582824707145 ] ] ], [ [ [ 128.327087402343977, 34.942359924316634 ], [ 128.324020385742756, 34.941806793212834 ], [ 128.327362060546989, 34.944026947021541 ], [ 128.327087402343977, 34.942359924316634 ] ] ], [ [ [ 128.432922363281818, 34.944026947021541 ], [ 128.435409545899006, 34.942359924316634 ], [ 128.4334716796875, 34.941806793212834 ], [ 128.432922363281818, 34.944026947021541 ] ] ], [ [ [ 128.029861450195313, 34.945415496826456 ], [ 128.032363891601563, 34.943195343017749 ], [ 128.029312133789063, 34.942081451416243 ], [ 128.029861450195313, 34.945415496826456 ] ] ], [ [ [ 127.893470764160497, 34.946804046630859 ], [ 127.916809082031477, 34.935695648193473 ], [ 127.918746948242188, 34.942638397216797 ], [ 127.9254150390625, 34.940139770508097 ], [ 127.921524047851563, 34.932640075683821 ], [ 127.93096923828125, 34.924861907958984 ], [ 127.924026489257813, 34.927082061767692 ], [ 127.9254150390625, 34.89152908325218 ], [ 127.901802062988736, 34.884304046631087 ], [ 127.898193359375114, 34.871250152588061 ], [ 127.915412902832372, 34.847915649414063 ], [ 127.91152954101608, 34.837638854980469 ], [ 127.944580078125682, 34.828472137451286 ], [ 127.944580078125682, 34.808750152588118 ], [ 127.962638854980923, 34.806526184082031 ], [ 127.959030151367301, 34.814025878906477 ], [ 127.999031066894531, 34.833194732666243 ], [ 128.029586791992642, 34.834583282470817 ], [ 128.040695190429915, 34.822082519531364 ], [ 128.050415039062614, 34.827640533447493 ], [ 128.065689086914745, 34.818473815918082 ], [ 128.065139770508154, 34.800140380859659 ], [ 128.052642822265625, 34.800693511962891 ], [ 128.05792236328125, 34.79124832153326 ], [ 128.049575805664063, 34.781806945800838 ], [ 128.058746337890625, 34.750972747802791 ], [ 128.034027099610057, 34.724582672119311 ], [ 128.060409545898551, 34.709026336670149 ], [ 128.019302368164176, 34.701805114746094 ], [ 128.0262451171875, 34.71875 ], [ 128.016250610351676, 34.724029541015909 ], [ 128.007354736328125, 34.720695495605469 ], [ 128.007644653320313, 34.711250305176065 ], [ 127.989028930664404, 34.720973968505859 ], [ 127.984024047851676, 34.708473205566406 ], [ 127.956802368164404, 34.709026336670149 ], [ 127.943748474121094, 34.746528625488338 ], [ 127.954864501953352, 34.772640228271655 ], [ 127.950416564941406, 34.777362823486442 ], [ 127.904304504394645, 34.765693664550781 ], [ 127.91180419921875, 34.733470916748331 ], [ 127.889305114746094, 34.721805572509993 ], [ 127.857635498046875, 34.727359771728572 ], [ 127.862083435058594, 34.733749389648494 ], [ 127.850692749023551, 34.737361907959155 ], [ 127.852638244629588, 34.747917175293082 ], [ 127.836807250977245, 34.748748779296875 ], [ 127.843475341797102, 34.762638092041072 ], [ 127.840698242188068, 34.767360687256087 ], [ 127.852081298828466, 34.769584655761946 ], [ 127.834030151367415, 34.795417785644474 ], [ 127.836524963378906, 34.807918548583928 ], [ 127.813468933105469, 34.833194732666243 ], [ 127.807357788085938, 34.857917785644588 ], [ 127.818473815918082, 34.875137329101676 ], [ 127.828750610352017, 34.875694274902457 ], [ 127.833190917969432, 34.89152908325218 ], [ 127.824859619141193, 34.90263748168951 ], [ 127.832084655761719, 34.89708328247093 ], [ 127.842636108398438, 34.898471832275504 ], [ 127.842086791992188, 34.906528472900334 ], [ 127.862358093261946, 34.902084350585938 ], [ 127.851524353027344, 34.910415649414347 ], [ 127.85902404785179, 34.921806335449276 ], [ 127.854583740234375, 34.927917480468807 ], [ 127.865974426269645, 34.931251525878906 ], [ 127.870414733886719, 34.942081451416243 ], [ 127.893470764160497, 34.946804046630859 ] ] ], [ [ [ 127.83847045898483, 34.949584960937671 ], [ 127.840415954589957, 34.947917938232365 ], [ 127.838752746582031, 34.947360992431811 ], [ 127.83847045898483, 34.949584960937671 ] ] ], [ [ [ 127.90152740478527, 34.959026336670092 ], [ 127.903747558593977, 34.9581947326663 ], [ 127.90152740478527, 34.957637786865178 ], [ 127.90152740478527, 34.959026336670092 ] ] ], [ [ [ 127.969581604004247, 34.962081909179801 ], [ 127.971527099609489, 34.960140228271655 ], [ 127.969306945800781, 34.961250305176009 ], [ 127.969581604004247, 34.962081909179801 ] ] ], [ [ [ 127.94708251953125, 34.962917327880916 ], [ 127.9495849609375, 34.962638854980753 ], [ 127.949302673339957, 34.961250305176009 ], [ 127.94708251953125, 34.962917327880916 ] ] ], [ [ [ 127.960693359375, 34.964027404785099 ], [ 127.964859008789631, 34.960693359375227 ], [ 127.960693359375, 34.960971832275447 ], [ 127.960693359375, 34.964027404785099 ] ] ], [ [ [ 128.487365722656364, 34.96763992309593 ], [ 128.48541259765625, 34.959026336670092 ], [ 128.490966796875, 34.953472137451172 ], [ 128.482910156250227, 34.955696105957031 ], [ 128.487365722656364, 34.96763992309593 ] ] ], [ [ [ 128.721527099609602, 34.965415954590014 ], [ 128.734863281250568, 34.969581604004077 ], [ 128.736526489258154, 34.967361450195369 ], [ 128.721527099609602, 34.965415954590014 ] ] ], [ [ [ 127.915695190429688, 34.971527099609375 ], [ 127.917915344238281, 34.970973968506144 ], [ 127.917358398437614, 34.969860076904467 ], [ 127.915695190429688, 34.971527099609375 ] ] ], [ [ [ 128.754577636719205, 34.975139617920206 ], [ 128.756530761719432, 34.973751068115291 ], [ 128.753753662109602, 34.973472595215071 ], [ 128.754577636719205, 34.975139617920206 ] ] ], [ [ [ 128.520416259765966, 34.975692749023438 ], [ 128.539031982421875, 34.964027404785099 ], [ 128.522354125976563, 34.955696105957031 ], [ 128.534027099609602, 34.941528320312443 ], [ 128.525970458984375, 34.939861297607536 ], [ 128.525970458984375, 34.927917480468807 ], [ 128.511520385742415, 34.943195343017749 ], [ 128.519027709961051, 34.952362060546989 ], [ 128.511810302734602, 34.964305877685661 ], [ 128.520416259765966, 34.975692749023438 ] ] ], [ [ [ 127.914306640625114, 34.975692749023438 ], [ 127.921806335449219, 34.975692749023438 ], [ 127.922080993652685, 34.975139617920206 ], [ 127.914306640625114, 34.975692749023438 ] ] ], [ [ [ 128.63569641113304, 34.974304199218864 ], [ 128.629867553711051, 34.972084045410156 ], [ 128.636520385742301, 34.976528167724553 ], [ 128.63569641113304, 34.974304199218864 ] ] ], [ [ [ 127.993469238281818, 34.975139617920206 ], [ 127.99847412109375, 34.973751068115291 ], [ 127.99375152587902, 34.972362518310547 ], [ 127.993469238281818, 34.975139617920206 ] ] ], [ [ [ 127.934860229492529, 34.977085113525504 ], [ 127.939308166504475, 34.977638244628906 ], [ 127.939308166504475, 34.976806640624943 ], [ 127.934860229492529, 34.977085113525504 ] ] ], [ [ [ 127.914863586425781, 34.979583740234602 ], [ 127.91764068603527, 34.978195190429858 ], [ 127.914863586425781, 34.977638244628906 ], [ 127.914863586425781, 34.979583740234602 ] ] ], [ [ [ 127.999305725097884, 34.981803894042969 ], [ 128.000137329101676, 34.980693817138786 ], [ 127.999305725097884, 34.980693817138786 ], [ 127.999305725097884, 34.981803894042969 ] ] ], [ [ [ 127.965415954589844, 34.983196258544865 ], [ 127.98347473144554, 34.973472595215071 ], [ 127.980697631836506, 34.969028472900675 ], [ 127.988471984863281, 34.97319412231468 ], [ 127.995697021485057, 34.96763992309593 ], [ 127.969306945800781, 34.966804504394759 ], [ 127.962081909179801, 34.971248626708984 ], [ 127.965415954589844, 34.983196258544865 ] ] ], [ [ [ 127.9204177856451, 34.982917785644474 ], [ 127.923751831054801, 34.982639312744311 ], [ 127.9234695434576, 34.979583740234602 ], [ 127.9204177856451, 34.982917785644474 ] ] ], [ [ [ 127.964859008789631, 34.9879150390625 ], [ 127.970695495605696, 34.984027862548828 ], [ 127.96624755859375, 34.982917785644474 ], [ 127.964859008789631, 34.9879150390625 ] ] ], [ [ [ 128.567642211914063, 34.99097061157255 ], [ 128.569854736328125, 34.988471984863281 ], [ 128.567367553710938, 34.989307403564396 ], [ 128.567642211914063, 34.99097061157255 ] ] ], [ [ [ 128.566802978515625, 34.998474121093977 ], [ 128.570144653320426, 34.997638702392862 ], [ 128.567077636719205, 34.997638702392862 ], [ 128.566802978515625, 34.998474121093977 ] ] ], [ [ [ 128.620422363281818, 35.007083892822266 ], [ 128.6240234375, 35.009582519531364 ], [ 128.629867553711051, 35.005416870117131 ], [ 128.620422363281818, 35.007083892822266 ] ] ], [ [ [ 128.770965576171875, 35.012359619140852 ], [ 128.777084350586392, 35.011806488037053 ], [ 128.774581909179688, 35.009582519531364 ], [ 128.770965576171875, 35.012359619140852 ] ] ], [ [ [ 128.764862060546875, 35.014583587646712 ], [ 128.769577026367756, 35.013748168945369 ], [ 128.765136718750341, 35.011528015136662 ], [ 128.764862060546875, 35.014583587646712 ] ] ], [ [ [ 128.761520385742188, 35.016250610351676 ], [ 128.763473510742756, 35.017082214355469 ], [ 128.763473510742756, 35.015972137451286 ], [ 128.761520385742188, 35.016250610351676 ] ] ], [ [ [ 128.638198852539063, 35.019584655761889 ], [ 128.642639160156364, 35.015415191650675 ], [ 128.640136718750455, 35.015140533447322 ], [ 128.638198852539063, 35.019584655761889 ] ] ], [ [ [ 128.649307250976676, 35.022083282470817 ], [ 128.654312133789404, 35.011249542236499 ], [ 128.645690917968864, 34.979862213134993 ], [ 128.627365112304801, 34.976528167724553 ], [ 128.622085571289404, 34.982639312744311 ], [ 128.609863281250682, 34.97319412231468 ], [ 128.612075805664063, 34.985416412353572 ], [ 128.626525878906818, 34.992637634277287 ], [ 128.617080688476676, 34.99930572509777 ], [ 128.63458251953125, 34.998474121093977 ], [ 128.631256103515625, 35.009304046630973 ], [ 128.643478393554688, 35.012638092041016 ], [ 128.649307250976676, 35.022083282470817 ] ] ], [ [ [ 128.734588623047102, 35.01736068725603 ], [ 128.741806030273551, 35.022083282470817 ], [ 128.7459716796875, 35.014583587646712 ], [ 128.734588623047102, 35.01736068725603 ] ] ], [ [ [ 128.00263977050804, 35.03791809082054 ], [ 128.00569152832054, 35.036529541015796 ], [ 128.00263977050804, 35.035694122314453 ], [ 128.00263977050804, 35.03791809082054 ] ] ], [ [ [ 128.715972900391193, 35.039859771728686 ], [ 128.717910766601563, 35.038471221923942 ], [ 128.715972900391193, 35.039028167724894 ], [ 128.715972900391193, 35.039859771728686 ] ] ], [ [ [ 128.679031372070313, 35.040973663330362 ], [ 128.6915283203125, 35.030971527099666 ], [ 128.699020385742415, 35.036529541015796 ], [ 128.712921142578693, 35.03208160400402 ], [ 128.722366333007926, 35.019306182861328 ], [ 128.713195800781364, 35.004859924316577 ], [ 128.70208740234375, 35.005695343017692 ], [ 128.707366943359375, 34.996528625488509 ], [ 128.692916870117415, 34.995971679687557 ], [ 128.701248168945313, 34.991527557373104 ], [ 128.697082519531364, 34.972084045410156 ], [ 128.717636108398779, 34.964027404785099 ], [ 128.715698242187614, 34.956806182861385 ], [ 128.728195190429915, 34.945415496826456 ], [ 128.726806640625, 34.937084197998047 ], [ 128.715423583984602, 34.936527252197266 ], [ 128.724578857422102, 34.913749694824446 ], [ 128.71124267578125, 34.91180419921875 ], [ 128.717910766601563, 34.900417327880803 ], [ 128.696807861328239, 34.890415191650618 ], [ 128.696243286132926, 34.881248474121037 ], [ 128.711532592773779, 34.878749847412337 ], [ 128.706802368164063, 34.87319564819353 ], [ 128.710418701171875, 34.870971679687671 ], [ 128.724853515625114, 34.888473510742301 ], [ 128.74041748046875, 34.885417938232422 ], [ 128.75291442871162, 34.894584655762003 ], [ 128.739303588867188, 34.8790283203125 ], [ 128.74403381347679, 34.868194580078352 ], [ 128.724304199219432, 34.864582061767749 ], [ 128.736526489258154, 34.843750000000227 ], [ 128.724578857422102, 34.841251373291129 ], [ 128.718475341797102, 34.849861145019759 ], [ 128.701522827148438, 34.840694427490348 ], [ 128.708465576172557, 34.828193664550895 ], [ 128.717636108398779, 34.837081909179915 ], [ 128.725418090820426, 34.832359313964901 ], [ 128.719024658203693, 34.822917938232479 ], [ 128.74041748046875, 34.786804199218864 ], [ 128.709854125976563, 34.794303894042969 ], [ 128.715698242187614, 34.801250457763842 ], [ 128.7076416015625, 34.813194274902344 ], [ 128.69735717773483, 34.807640075683764 ], [ 128.695419311523438, 34.796527862548828 ], [ 128.68820190429733, 34.798194885254134 ], [ 128.690414428711506, 34.809028625488281 ], [ 128.668472290039176, 34.812915802001953 ], [ 128.665969848632813, 34.792915344238395 ], [ 128.673477172851563, 34.78541564941429 ], [ 128.658187866211506, 34.774307250976563 ], [ 128.642639160156364, 34.77652740478527 ], [ 128.637924194335938, 34.762638092041072 ], [ 128.652633666992188, 34.741806030273722 ], [ 128.681243896484375, 34.740139007568416 ], [ 128.676254272461279, 34.727916717529524 ], [ 128.671249389648551, 34.738750457763899 ], [ 128.629302978515852, 34.730693817138672 ], [ 128.627365112304801, 34.736804962158203 ], [ 128.620697021484489, 34.730415344238281 ], [ 128.639862060546989, 34.717639923095987 ], [ 128.638198852539063, 34.70958328247076 ], [ 128.625411987304688, 34.713748931884766 ], [ 128.609588623046875, 34.700973510742301 ], [ 128.591522216796989, 34.709026336670149 ], [ 128.57681274414108, 34.702362060547046 ], [ 128.580413818359375, 34.715694427490462 ], [ 128.588195800781477, 34.716526031494254 ], [ 128.585144042968977, 34.722362518310604 ], [ 128.607086181640852, 34.730972290039233 ], [ 128.57708740234375, 34.740695953369368 ], [ 128.579299926757926, 34.7620849609375 ], [ 128.600967407227131, 34.763473510742415 ], [ 128.591812133789631, 34.770137786865348 ], [ 128.597076416016307, 34.777637481689624 ], [ 128.574584960937841, 34.778194427490234 ], [ 128.555145263671875, 34.766529083251896 ], [ 128.552642822266307, 34.775417327880916 ], [ 128.567642211914063, 34.787639617920206 ], [ 128.557083129882926, 34.789028167724553 ], [ 128.542358398437841, 34.775417327880916 ], [ 128.54486083984375, 34.784584045410156 ], [ 128.537918090820426, 34.787918090820369 ], [ 128.584304809570995, 34.798194885254134 ], [ 128.584579467773665, 34.818195343017862 ], [ 128.597640991211165, 34.82986068725603 ], [ 128.587356567383495, 34.830696105957145 ], [ 128.57681274414108, 34.844028472900391 ], [ 128.587921142578807, 34.841251373291129 ], [ 128.588195800781477, 34.847362518310661 ], [ 128.572921752930256, 34.854583740234375 ], [ 128.56263732910179, 34.842918395996037 ], [ 128.564300537109375, 34.832916259765852 ], [ 128.52430725097679, 34.832359313964901 ], [ 128.528198242187614, 34.821250915527571 ], [ 128.5201416015625, 34.823471069336108 ], [ 128.52403259277412, 34.815418243408203 ], [ 128.510696411133154, 34.809028625488281 ], [ 128.50070190429733, 34.823749542236271 ], [ 128.507919311523438, 34.831249237060547 ], [ 128.4818115234375, 34.840694427490348 ], [ 128.472366333007813, 34.877082824707031 ], [ 128.492355346679915, 34.900695800781364 ], [ 128.5009765625, 34.901248931884766 ], [ 128.496810913086051, 34.907360076904524 ], [ 128.50653076171875, 34.904026031494425 ], [ 128.500411987304688, 34.911251068115348 ], [ 128.515701293945881, 34.909584045410384 ], [ 128.525421142578239, 34.92319488525419 ], [ 128.566253662109943, 34.898750305176065 ], [ 128.575973510742756, 34.900138854980412 ], [ 128.570144653320426, 34.908195495605639 ], [ 128.585418701171989, 34.9148597717288 ], [ 128.624862670898438, 34.892082214355582 ], [ 128.618743896484375, 34.916805267334269 ], [ 128.608200073242301, 34.914306640625 ], [ 128.610977172851676, 34.923473358154411 ], [ 128.582641601562614, 34.948192596435604 ], [ 128.594863891602131, 34.948471069336165 ], [ 128.597640991211165, 34.965694427490234 ], [ 128.605422973633267, 34.970138549804631 ], [ 128.611251831054801, 34.964862823486442 ], [ 128.605133056640625, 34.9581947326663 ], [ 128.63264465332054, 34.961250305176009 ], [ 128.632354736328352, 34.966804504394759 ], [ 128.65180969238304, 34.95847320556652 ], [ 128.647918701171875, 34.972084045410156 ], [ 128.6593017578125, 34.981803894042969 ], [ 128.653472900390625, 34.988193511962891 ], [ 128.667358398437727, 34.988750457763842 ], [ 128.6593017578125, 34.997360229492472 ], [ 128.681243896484375, 34.989582061767635 ], [ 128.67291259765625, 34.998474121093977 ], [ 128.681243896484375, 35.007362365722656 ], [ 128.667358398437727, 35.006248474121094 ], [ 128.669586181640625, 35.02624893188505 ], [ 128.674301147461051, 35.020137786865291 ], [ 128.675415039062955, 35.032360076904581 ], [ 128.684860229492188, 35.033473968506087 ], [ 128.679031372070313, 35.040973663330362 ] ] ], [ [ [ 128.662353515625, 35.059860229492415 ], [ 128.675140380859375, 35.058193206787109 ], [ 128.673477172851563, 35.055694580078352 ], [ 128.662353515625, 35.059860229492415 ] ] ], [ [ [ 128.569854736328125, 35.062637329101506 ], [ 128.573471069335938, 35.057918548584269 ], [ 128.570144653320426, 35.057083129882926 ], [ 128.569854736328125, 35.062637329101506 ] ] ], [ [ [ 128.79124450683662, 35.063751220703239 ], [ 128.792633056640625, 35.062915802002067 ], [ 128.791534423828125, 35.062084197998274 ], [ 128.79124450683662, 35.063751220703239 ] ] ], [ [ [ 128.79986572265625, 35.064025878906421 ], [ 128.802078247070426, 35.064025878906421 ], [ 128.802078247070426, 35.063472747802848 ], [ 128.79986572265625, 35.064025878906421 ] ] ], [ [ [ 128.632354736328352, 35.064025878906421 ], [ 128.640136718750455, 35.062362670898665 ], [ 128.630966186523438, 35.060417175292969 ], [ 128.632354736328352, 35.064025878906421 ] ] ], [ [ [ 128.708465576172557, 35.065692901611555 ], [ 128.712356567383381, 35.064861297607422 ], [ 128.708755493164063, 35.064025878906421 ], [ 128.708465576172557, 35.065692901611555 ] ] ], [ [ [ 128.760696411132926, 35.061248779297159 ], [ 128.770965576171875, 35.065139770507983 ], [ 128.77374267578125, 35.060417175292969 ], [ 128.760696411132926, 35.061248779297159 ] ] ], [ [ [ 128.571243286132813, 35.067638397217081 ], [ 128.572921752930256, 35.064304351806641 ], [ 128.570144653320426, 35.065971374511776 ], [ 128.571243286132813, 35.067638397217081 ] ] ], [ [ [ 128.789306640625114, 35.068748474121037 ], [ 128.790969848632813, 35.069305419921989 ], [ 128.790695190430029, 35.068473815918196 ], [ 128.789306640625114, 35.068748474121037 ] ] ], [ [ [ 128.493743896484375, 35.070693969726563 ], [ 128.497360229492188, 35.071804046631087 ], [ 128.497360229492188, 35.069026947021428 ], [ 128.493743896484375, 35.070693969726563 ] ] ], [ [ [ 128.552642822266307, 35.072360992431697 ], [ 128.562911987304801, 35.073749542236612 ], [ 128.563201904297443, 35.072639465332259 ], [ 128.552642822266307, 35.072360992431697 ] ] ], [ [ [ 128.548187255859375, 35.075138092040959 ], [ 128.550415039063068, 35.073749542236612 ], [ 128.547088623046989, 35.072917938232649 ], [ 128.548187255859375, 35.075138092040959 ] ] ], [ [ [ 128.555419921875, 35.07902908325218 ], [ 128.552917480468977, 35.077640533447266 ], [ 128.553466796875568, 35.07902908325218 ], [ 128.555419921875, 35.07902908325218 ] ] ], [ [ [ 128.687362670899006, 35.074859619140796 ], [ 128.698745727539745, 35.077640533447266 ], [ 128.69735717773483, 35.074306488037166 ], [ 128.687362670899006, 35.074859619140796 ] ] ], [ [ [ 128.765136718750341, 35.06986236572277 ], [ 128.768478393554688, 35.077915191650618 ], [ 128.767364501953239, 35.068748474121037 ], [ 128.765136718750341, 35.06986236572277 ] ] ], [ [ [ 128.555969238281477, 35.082916259765625 ], [ 128.558197021484375, 35.082084655761832 ], [ 128.555969238281477, 35.082359313965071 ], [ 128.555969238281477, 35.082916259765625 ] ] ], [ [ [ 128.707916259765966, 35.082637786865234 ], [ 128.714035034179688, 35.079860687255973 ], [ 128.707366943359375, 35.081527709960881 ], [ 128.707916259765966, 35.082637786865234 ] ] ], [ [ [ 128.488189697265966, 35.083194732666186 ], [ 128.495697021484602, 35.07902908325218 ], [ 128.488479614257813, 35.076805114746264 ], [ 128.488189697265966, 35.083194732666186 ] ] ], [ [ [ 128.545974731445654, 35.082916259765625 ], [ 128.548187255859375, 35.080970764160327 ], [ 128.547363281250568, 35.080970764160327 ], [ 128.545974731445654, 35.082916259765625 ] ] ], [ [ [ 128.544586181640739, 35.086250305175895 ], [ 128.547363281250568, 35.08458328247093 ], [ 128.545135498046875, 35.083194732666186 ], [ 128.543197631835938, 35.078193664551009 ], [ 128.544586181640739, 35.086250305175895 ] ] ], [ [ [ 128.743194580078466, 35.084861755371321 ], [ 128.75291442871162, 35.082359313965071 ], [ 128.740966796875568, 35.077640533447266 ], [ 128.743194580078466, 35.084861755371321 ] ] ], [ [ [ 128.489303588867415, 35.089305877685547 ], [ 128.490142822266193, 35.087081909179688 ], [ 128.488754272461279, 35.087081909179688 ], [ 128.489303588867415, 35.089305877685547 ] ] ], [ [ [ 128.7237548828125, 35.089584350586108 ], [ 128.722915649414517, 35.083473205566406 ], [ 128.718200683594432, 35.084026336669979 ], [ 128.7237548828125, 35.089584350586108 ] ] ], [ [ [ 128.50958251953125, 35.091526031494254 ], [ 128.510971069335938, 35.091804504394815 ], [ 128.511245727539745, 35.090694427490462 ], [ 128.50958251953125, 35.091526031494254 ] ] ], [ [ [ 128.717910766601563, 35.090972900390852 ], [ 128.723190307617188, 35.090694427490462 ], [ 128.719024658203693, 35.089027404785156 ], [ 128.717910766601563, 35.090972900390852 ] ] ], [ [ [ 128.488189697265966, 35.091526031494254 ], [ 128.494308471679688, 35.093193054199219 ], [ 128.495697021484602, 35.084861755371321 ], [ 128.488189697265966, 35.091526031494254 ] ] ], [ [ [ 128.510971069335938, 35.09597396850603 ], [ 128.513748168945654, 35.094860076904524 ], [ 128.5101318359375, 35.094581604003963 ], [ 128.510971069335938, 35.09597396850603 ] ] ], [ [ [ 128.521804809570881, 35.096805572509822 ], [ 128.519866943359375, 35.090972900390852 ], [ 128.516250610351563, 35.088748931884993 ], [ 128.51458740234375, 35.095695495605469 ], [ 128.521804809570881, 35.096805572509822 ] ] ], [ [ [ 128.645416259765852, 35.099029541015739 ], [ 128.662643432617642, 35.10514068603527 ], [ 128.655136108399006, 35.101528167724837 ], [ 128.66096496582054, 35.093750000000171 ], [ 128.645416259765852, 35.099029541015739 ] ] ], [ [ [ 128.535964965820313, 35.108749389648722 ], [ 128.538192749023438, 35.11069488525402 ], [ 128.53875732421875, 35.106529235840014 ], [ 128.535964965820313, 35.108749389648722 ] ] ], [ [ [ 128.649032592774006, 35.117637634277344 ], [ 128.652084350586506, 35.118194580078296 ], [ 128.651535034179688, 35.11652755737299 ], [ 128.649032592774006, 35.117637634277344 ] ] ], [ [ [ 128.61819458007858, 35.127918243408487 ], [ 128.620697021484489, 35.127082824707145 ], [ 128.618743896484375, 35.127082824707145 ], [ 128.61819458007858, 35.127918243408487 ] ] ], [ [ [ 128.57986450195358, 35.180137634277287 ], [ 128.584030151367188, 35.176807403564624 ], [ 128.577911376953125, 35.177917480468977 ], [ 128.57986450195358, 35.180137634277287 ] ] ], [ [ [ 127.975097656250455, 35.82373046875 ], [ 128.05828857421875, 35.822082519531307 ], [ 128.132812500000114, 35.787200927734489 ], [ 128.144104003906591, 35.757873535156193 ], [ 128.213684082031364, 35.69512939453125 ], [ 128.21517944335983, 35.67681884765625 ], [ 128.198562622070313, 35.629741668701286 ], [ 128.247940063476563, 35.6009521484375 ], [ 128.332183837890625, 35.615875244140852 ], [ 128.390075683594205, 35.5972900390625 ], [ 128.42449951171875, 35.56927490234375 ], [ 128.476684570312614, 35.565917968750057 ], [ 128.556060791015852, 35.609352111816406 ], [ 128.569290161132926, 35.598506927490178 ], [ 128.58172607421875, 35.566284179687727 ], [ 128.621887207031591, 35.537475585937727 ], [ 128.648681640625, 35.536499023437557 ], [ 128.690124511718864, 35.549316406250227 ], [ 128.74652099609375, 35.538513183593864 ], [ 128.77972412109375, 35.52252197265625 ], [ 128.847717285156591, 35.550903320312784 ], [ 128.887512207031705, 35.58929443359375 ], [ 128.921081542969205, 35.589111328125 ], [ 128.983276367187614, 35.5687255859375 ], [ 129.025680541992529, 35.589309692382983 ], [ 129.035507202148438, 35.582046508789063 ], [ 129.037475585937727, 35.566711425781364 ], [ 129.015319824218864, 35.531494140625 ], [ 129.017837524414517, 35.510448455810547 ], [ 129.081115722656705, 35.511108398437671 ], [ 129.1016845703125, 35.488525390625114 ], [ 129.140502929687841, 35.469909667968921 ], [ 129.1671142578125, 35.4334716796875 ], [ 129.236328125, 35.412902832031307 ], [ 129.246475219727017, 35.389442443847713 ], [ 129.207885742187841, 35.35028076171875 ], [ 129.1552734375, 35.349487304687784 ], [ 129.138671875, 35.322509765625057 ], [ 129.108795166015739, 35.3140869140625 ], [ 129.082504272461392, 35.284709930420036 ], [ 129.048706054687614, 35.274108886718864 ], [ 129.023681640625, 35.249084472656477 ], [ 129.000305175781591, 35.206726074218807 ], [ 128.942108154297102, 35.198211669921989 ], [ 128.92919921875, 35.204406738281421 ], [ 128.905883789062955, 35.190673828125171 ], [ 128.89877319335983, 35.182373046875114 ], [ 128.90191650390625, 35.150878906250057 ], [ 128.84429931640625, 35.142517089843864 ], [ 128.842620849609943, 35.126800537109602 ], [ 128.855529785156932, 35.117919921875114 ], [ 128.855529785156932, 35.103515625 ], [ 128.833084106445881, 35.087917327880803 ], [ 128.821533203125114, 35.097084045410384 ], [ 128.784866333007813, 35.078750610351619 ], [ 128.790145874023438, 35.094860076904524 ], [ 128.802078247070426, 35.097915649414176 ], [ 128.78846740722679, 35.097637176513615 ], [ 128.79124450683662, 35.102085113525391 ], [ 128.78819274902412, 35.107360839843807 ], [ 128.79124450683662, 35.11430740356468 ], [ 128.791809082031477, 35.118473052978516 ], [ 128.790695190430029, 35.11958312988304 ], [ 128.772644042968977, 35.098472595214957 ], [ 128.762359619140625, 35.104862213134879 ], [ 128.76319885253929, 35.093750000000171 ], [ 128.740142822265966, 35.099861145019531 ], [ 128.728469848632926, 35.089862823486328 ], [ 128.724304199219432, 35.097084045410384 ], [ 128.714035034179688, 35.095138549804915 ], [ 128.710968017578466, 35.107360839843807 ], [ 128.695144653320313, 35.096527099609432 ], [ 128.685409545898779, 35.107082366943587 ], [ 128.703475952148551, 35.123748779297102 ], [ 128.687911987304688, 35.140415191650561 ], [ 128.689025878906591, 35.14930725097679 ], [ 128.670410156250227, 35.142917633056868 ], [ 128.677917480468864, 35.126804351806925 ], [ 128.666534423828125, 35.117916107177734 ], [ 128.658752441406818, 35.136528015136946 ], [ 128.655700683594318, 35.131805419921932 ], [ 128.642913818359489, 35.138195037841854 ], [ 128.645965576171989, 35.149860382080192 ], [ 128.626800537109489, 35.147640228271484 ], [ 128.622085571289404, 35.132083892822493 ], [ 128.606521606445313, 35.1370849609375 ], [ 128.614578247070767, 35.146526336669922 ], [ 128.609588623046875, 35.162918090820597 ], [ 128.592636108398892, 35.174026489257756 ], [ 128.589584350586392, 35.199584960937443 ], [ 128.609298706055029, 35.212360382080135 ], [ 128.610412597656364, 35.211807250976733 ], [ 128.623748779296989, 35.212360382080135 ], [ 128.633193969726904, 35.218193054199446 ], [ 128.632919311523551, 35.220973968505916 ], [ 128.58624267578125, 35.209583282470987 ], [ 128.565139770507813, 35.185974121093807 ], [ 128.57986450195358, 35.172916412353572 ], [ 128.573196411132926, 35.167640686035384 ], [ 128.57681274414108, 35.161529541015682 ], [ 128.591522216796989, 35.157917022705021 ], [ 128.587646484375, 35.146804809570483 ], [ 128.598754882812614, 35.142082214355696 ], [ 128.587646484375, 35.130695343017578 ], [ 128.575698852539176, 35.137359619140909 ], [ 128.582366943359489, 35.128471374511719 ], [ 128.600967407227131, 35.131805419921932 ], [ 128.58291625976608, 35.115695953369197 ], [ 128.600143432617529, 35.11958312988304 ], [ 128.601531982422443, 35.1023597717288 ], [ 128.627365112304801, 35.085414886474894 ], [ 128.602645874023438, 35.075138092040959 ], [ 128.63542175293037, 35.068195343017635 ], [ 128.572631835937614, 35.052917480468693 ], [ 128.594589233398665, 35.069026947021428 ], [ 128.587646484375, 35.072639465332259 ], [ 128.580413818359375, 35.064304351806641 ], [ 128.56846618652412, 35.070137023925781 ], [ 128.5615234375, 35.063751220703239 ], [ 128.567916870117529, 35.053195953369084 ], [ 128.555694580078807, 35.053195953369084 ], [ 128.542083740234375, 35.069026947021428 ], [ 128.560974121094205, 35.066806793212891 ], [ 128.56568908691429, 35.070415496826342 ], [ 128.56236267089912, 35.080970764160327 ], [ 128.582641601562614, 35.090972900390852 ], [ 128.546249389648438, 35.092361450195426 ], [ 128.542083740234375, 35.101806640625 ], [ 128.548477172851563, 35.107082366943587 ], [ 128.539306640625341, 35.107360839843807 ], [ 128.537918090820426, 35.11986160278343 ], [ 128.51763916015625, 35.097915649414176 ], [ 128.485137939453466, 35.108749389648722 ], [ 128.485687255860057, 35.101528167724837 ], [ 128.474853515625, 35.097915649414176 ], [ 128.450698852539063, 35.105693817138672 ], [ 128.449020385742642, 35.09597396850603 ], [ 128.479858398437727, 35.078193664551009 ], [ 128.46847534179733, 35.081527709960881 ], [ 128.461807250976676, 35.071250915527344 ], [ 128.441802978515739, 35.071529388427905 ], [ 128.427917480469091, 35.054584503173999 ], [ 128.41569519043037, 35.054584503173999 ], [ 128.412078857422216, 35.062362670898665 ], [ 128.383193969726563, 35.045696258544979 ], [ 128.365692138671989, 35.047637939453125 ], [ 128.382644653320767, 35.035415649414233 ], [ 128.369583129882813, 35.031250000000227 ], [ 128.375976562500114, 35.024028778076342 ], [ 128.359024047851676, 35.016529083252237 ], [ 128.359298706055256, 35.010139465332315 ], [ 128.388198852539176, 35.017082214355469 ], [ 128.38931274414108, 35.034862518310661 ], [ 128.399307250976904, 35.040695190429801 ], [ 128.438751220703239, 35.045696258544979 ], [ 128.449310302734375, 35.052360534668139 ], [ 128.442077636719318, 35.060138702392805 ], [ 128.446243286132813, 35.069026947021428 ], [ 128.460418701171875, 35.063472747802848 ], [ 128.469024658203125, 35.075973510742472 ], [ 128.48236083984375, 35.064582824707031 ], [ 128.475143432617642, 35.054027557373047 ], [ 128.482635498047557, 35.052360534668139 ], [ 128.479034423828466, 35.046249389648608 ], [ 128.464859008789176, 35.04930496215843 ], [ 128.460144042969091, 35.046806335449162 ], [ 128.473190307617415, 35.035694122314453 ], [ 128.474853515625, 35.041526794433594 ], [ 128.485687255860057, 35.038749694824503 ], [ 128.481246948242642, 35.028751373291129 ], [ 128.502090454102245, 35.015693664550895 ], [ 128.492355346679915, 35.004859924316577 ], [ 128.483474731445881, 35.009582519531364 ], [ 128.477920532226563, 34.992637634277287 ], [ 128.463470458984375, 34.997081756591911 ], [ 128.464584350586506, 34.988193511962891 ], [ 128.407913208007813, 34.995140075683764 ], [ 128.408187866210938, 34.982639312744311 ], [ 128.428756713867188, 34.986251831054915 ], [ 128.444305419922557, 34.976528167724553 ], [ 128.423477172851676, 34.956806182861385 ], [ 128.429580688476676, 34.954582214355526 ], [ 128.425140380859375, 34.939861297607536 ], [ 128.435974121094318, 34.930973052978516 ], [ 128.428756713867188, 34.928195953369197 ], [ 128.428756713867188, 34.914585113525561 ], [ 128.417922973633267, 34.910137176513786 ], [ 128.426254272461506, 34.903472900390852 ], [ 128.419860839843864, 34.89680480957054 ], [ 128.42179870605537, 34.872638702392578 ], [ 128.432922363281818, 34.877639770507983 ], [ 128.431533813476904, 34.888473510742301 ], [ 128.445419311523551, 34.888473510742301 ], [ 128.439300537109489, 34.89374923706049 ], [ 128.45124816894554, 34.903194427490462 ], [ 128.440414428710938, 34.913749694824446 ], [ 128.453475952148779, 34.914585113525561 ], [ 128.460418701171875, 34.904861450195426 ], [ 128.45402526855537, 34.900970458984602 ], [ 128.475418090820313, 34.890415191650618 ], [ 128.467361450195426, 34.870418548584269 ], [ 128.456253051757813, 34.882083892822379 ], [ 128.456253051757813, 34.865139007568303 ], [ 128.44708251953125, 34.866249084472656 ], [ 128.452362060546875, 34.846527099609489 ], [ 128.410690307617301, 34.834583282470817 ], [ 128.433746337890625, 34.830696105957145 ], [ 128.434310913085938, 34.824859619140625 ], [ 128.439865112305142, 34.829029083252237 ], [ 128.442367553711051, 34.82097244262701 ], [ 128.442077636719318, 34.80291748046875 ], [ 128.432632446289176, 34.807918548583928 ], [ 128.431243896484375, 34.802639007568359 ], [ 128.440139770507813, 34.794029235840128 ], [ 128.420135498046989, 34.791526794433821 ], [ 128.436248779296989, 34.780971527099894 ], [ 128.424026489258267, 34.761528015136719 ], [ 128.397644042969318, 34.764862060546989 ], [ 128.396804809570995, 34.779582977294979 ], [ 128.388198852539176, 34.776248931884709 ], [ 128.391250610351676, 34.786529541015852 ], [ 128.382354736328125, 34.797084808349609 ], [ 128.375701904297443, 34.788749694824162 ], [ 128.363754272461392, 34.795417785644474 ], [ 128.372085571289631, 34.803195953369311 ], [ 128.377365112305029, 34.799026489258097 ], [ 128.379028320312614, 34.814861297607649 ], [ 128.358474731445995, 34.825973510742188 ], [ 128.336242675781477, 34.817085266113509 ], [ 128.330139160156477, 34.826248168945369 ], [ 128.337356567382926, 34.827083587646712 ], [ 128.334304809570426, 34.834861755371207 ], [ 128.33985900878929, 34.82986068725603 ], [ 128.337356567382926, 34.842361450195483 ], [ 128.344299316406705, 34.832637786865291 ], [ 128.35430908203125, 34.842918395996037 ], [ 128.355422973633495, 34.832637786865291 ], [ 128.378479003906364, 34.82986068725603 ], [ 128.385971069335938, 34.813194274902344 ], [ 128.383468627930029, 34.828472137451286 ], [ 128.390701293945995, 34.822082519531364 ], [ 128.403472900390852, 34.830139160156193 ], [ 128.404022216796989, 34.832359313964901 ], [ 128.380416870117529, 34.835693359375 ], [ 128.388473510742301, 34.842082977294922 ], [ 128.374588012695313, 34.841251373291129 ], [ 128.370697021484716, 34.851249694824503 ], [ 128.389022827148438, 34.863193511963004 ], [ 128.419860839843864, 34.862083435058821 ], [ 128.386520385742529, 34.867362976074219 ], [ 128.390411376953352, 34.87347412109375 ], [ 128.381256103515852, 34.87319564819353 ], [ 128.385131835937614, 34.881526947021598 ], [ 128.380691528320313, 34.88791656494152 ], [ 128.377639770507813, 34.881805419922159 ], [ 128.369308471679801, 34.885417938232422 ], [ 128.37347412109375, 34.869026184082315 ], [ 128.356246948242756, 34.871250152588061 ], [ 128.350692749023438, 34.886528015136776 ], [ 128.346527099609943, 34.872638702392578 ], [ 128.341522216796875, 34.881805419922159 ], [ 128.327911376953239, 34.875694274902457 ], [ 128.327636718750568, 34.886528015136776 ], [ 128.320144653320654, 34.879306793212891 ], [ 128.308746337890739, 34.884860992431868 ], [ 128.308746337890739, 34.893470764160327 ], [ 128.29736328125, 34.899860382080249 ], [ 128.305969238281705, 34.907917022705078 ], [ 128.355133056640625, 34.908195495605639 ], [ 128.350143432617756, 34.92319488525419 ], [ 128.335418701171875, 34.920970916748331 ], [ 128.345413208007813, 34.935138702392521 ], [ 128.334854125976563, 34.936248779296875 ], [ 128.341812133789063, 34.943195343017749 ], [ 128.32958984375, 34.946804046630859 ], [ 128.331802368164063, 34.956249237060831 ], [ 128.317916870117756, 34.961807250976563 ], [ 128.320968627930256, 34.944305419922102 ], [ 128.299575805664063, 34.936527252197266 ], [ 128.302368164062614, 34.914306640625 ], [ 128.289581298828239, 34.909584045410384 ], [ 128.282089233398438, 34.915973663330305 ], [ 128.283187866211051, 34.904582977295036 ], [ 128.273193359375114, 34.899581909179858 ], [ 128.275970458984602, 34.909862518310774 ], [ 128.265975952148779, 34.91180419921875 ], [ 128.268478393554688, 34.91764068603527 ], [ 128.257354736328239, 34.929306030273551 ], [ 128.263748168945881, 34.927360534668253 ], [ 128.268478393554688, 34.929862976074332 ], [ 128.267089843750114, 34.939582824707145 ], [ 128.24874877929733, 34.942081451416243 ], [ 128.24569702148483, 34.935974121094034 ], [ 128.2398681640625, 34.945137023925895 ], [ 128.19624328613304, 34.937084197998047 ], [ 128.20458984375, 34.925971984863338 ], [ 128.196807861328352, 34.912361145019702 ], [ 128.200698852539176, 34.893196105957088 ], [ 128.18708801269554, 34.893470764160327 ], [ 128.188201904296989, 34.90597152709978 ], [ 128.182632446289404, 34.895137786865234 ], [ 128.17568969726608, 34.907360076904524 ], [ 128.176528930664404, 34.895137786865234 ], [ 128.167083740234375, 34.902084350585938 ], [ 128.165695190429801, 34.89680480957054 ], [ 128.156250000000114, 34.908748626709041 ], [ 128.132354736328125, 34.888748168945313 ], [ 128.121810913085938, 34.904861450195426 ], [ 128.110687255859489, 34.90263748168951 ], [ 128.102920532226563, 34.911529541015909 ], [ 128.120697021484943, 34.922916412353629 ], [ 128.09791564941429, 34.920139312744368 ], [ 128.095138549805256, 34.925971984863338 ], [ 128.087081909179688, 34.917915344238281 ], [ 128.090133666992188, 34.92652893066429 ], [ 128.051254272461051, 34.92902755737299 ], [ 128.029312133789063, 34.9581947326663 ], [ 128.052917480469432, 34.977916717529297 ], [ 128.038192749023551, 34.996528625488509 ], [ 128.049026489257813, 35.016803741455078 ], [ 128.035140991211051, 35.023750305175952 ], [ 128.048751831054688, 35.070137023925781 ], [ 128.06097412109375, 35.078750610351619 ], [ 128.056243896484602, 35.088470458984602 ], [ 128.049865722656932, 35.077640533447266 ], [ 128.035690307617642, 35.077915191650618 ], [ 128.038757324218864, 35.092918395996378 ], [ 128.027084350585938, 35.11069488525402 ], [ 128.037643432617415, 35.091804504394815 ], [ 128.033187866210938, 35.079303741455192 ], [ 128.042083740234375, 35.072082519531477 ], [ 128.025421142578239, 35.055416107177791 ], [ 128.031250000000227, 35.050415039062784 ], [ 128.0262451171875, 35.032917022705135 ], [ 128.020416259765625, 35.027637481689396 ], [ 128.00569152832054, 35.032917022705135 ], [ 128.017913818359375, 35.039585113525447 ], [ 128.010971069336279, 35.049026489257869 ], [ 128.011245727539063, 35.038192749023551 ], [ 127.985969543457713, 35.046249389648608 ], [ 127.980697631836506, 35.035415649414233 ], [ 127.97319793701206, 35.03791809082054 ], [ 127.978752136230469, 35.031528472900618 ], [ 127.99680328369152, 35.037639617920149 ], [ 128.00874328613304, 35.022640228271598 ], [ 128.007354736328125, 35.013195037841967 ], [ 128.019302368164176, 35.010971069336108 ], [ 128.015136718750227, 34.991527557373104 ], [ 128.007644653320313, 34.995140075683764 ], [ 128.008193969726563, 34.981803894042969 ], [ 128.00541687011787, 34.9879150390625 ], [ 127.99958038330135, 34.983470916748274 ], [ 127.997917175292969, 34.995693206787337 ], [ 127.994583129882813, 34.984306335449219 ], [ 127.985694885253906, 34.987640380859489 ], [ 127.991531372070313, 34.981250762939567 ], [ 127.983192443847884, 34.975692749023438 ], [ 127.969024658203125, 34.996250152588118 ], [ 127.947364807128906, 34.983470916748274 ], [ 127.95263671875, 34.975971221923999 ], [ 127.936805725097656, 34.980693817138786 ], [ 127.943748474121094, 34.984306335449219 ], [ 127.931808471680029, 34.992916107177848 ], [ 127.94403076171875, 34.99930572509777 ], [ 127.935691833496321, 34.998195648193416 ], [ 127.940414428710938, 35.004306793212947 ], [ 127.924026489257813, 35.016803741455078 ], [ 127.914863586425781, 35.012916564941406 ], [ 127.92236328125, 35.00513839721674 ], [ 127.915412902832372, 34.992084503174055 ], [ 127.922080993652685, 34.988471984863281 ], [ 127.917358398437614, 34.980693817138786 ], [ 127.907913208007926, 34.983470916748274 ], [ 127.912086486816406, 34.972637176513729 ], [ 127.90152740478527, 34.971527099609375 ], [ 127.896247863769531, 34.95597076416044 ], [ 127.847640991211051, 34.946529388428019 ], [ 127.845138549804688, 34.959861755371094 ], [ 127.83847045898483, 34.954582214355526 ], [ 127.833190917969432, 34.964027404785099 ], [ 127.822914123535156, 34.940971374511889 ], [ 127.817916870117415, 34.949306488037109 ], [ 127.785415649414063, 34.940692901611328 ], [ 127.771347045898551, 34.965415954590014 ], [ 127.77911376953125, 34.981140136719034 ], [ 127.79229736328125, 34.986602783203125 ], [ 127.77410888671875, 35.025878906250171 ], [ 127.733398437500114, 35.054016113281364 ], [ 127.69952392578125, 35.113281250000227 ], [ 127.675720214843977, 35.121887207031307 ], [ 127.661499023437614, 35.13690185546875 ], [ 127.641479492187614, 35.181884765625 ], [ 127.62969970703125, 35.244689941406307 ], [ 127.610336303710938, 35.259948730468807 ], [ 127.641296386718977, 35.291076660156307 ], [ 127.648803710937614, 35.316284179687614 ], [ 127.641311645508267, 35.336807250976619 ], [ 127.645202636718977, 35.351715087890852 ], [ 127.68109130859375, 35.359802246093693 ], [ 127.694793701172102, 35.379608154296989 ], [ 127.629089355468977, 35.535095214843693 ], [ 127.675994873046989, 35.595977783203125 ], [ 127.66619873046875, 35.642395019531477 ], [ 127.694702148437727, 35.672302246093807 ], [ 127.692504882812727, 35.717102050781421 ], [ 127.71649169921875, 35.751708984375114 ], [ 127.761489868164404, 35.7742919921875 ], [ 127.764709472656705, 35.79931640625 ], [ 127.776351928711392, 35.814666748046989 ], [ 127.798095703125455, 35.808685302734432 ], [ 127.832885742187727, 35.824707031250057 ], [ 127.858489990234375, 35.823394775390852 ], [ 127.915290832519759, 35.871986389160156 ], [ 127.929870605468864, 35.851074218750057 ], [ 127.950927734375114, 35.847106933593864 ], [ 127.975097656250455, 35.82373046875 ] ] ] ] } },
{ "type": "Feature", "properties": { "ID_0": 211, "ISO": "KOR", "NAME_0": "South Korea", "ID_1": 11, "NAME_1": "Incheon", "NL_NAME_1": "????? | ?????", "VARNAME_1": "Inchon|IInch'on-gwangyoksi|Jinsen", "TYPE_1": "Gwangyeoksi", "ENGTYPE_1": "Metropolitan City" }, "geometry": { "type": "MultiPolygon", "coordinates": [ [ [ [ 129.046798706054801, 35.101249694824446 ], [ 129.047103881836165, 35.087467193603572 ], [ 129.033752441406477, 35.086006164551009 ], [ 129.030975341796989, 35.093193054199219 ], [ 129.038192749023892, 35.095417022705078 ], [ 129.046798706054801, 35.101249694824446 ] ] ], [ [ [ 129.040695190429801, 35.106094360351676 ], [ 129.038192749023892, 35.096248626709269 ], [ 129.027084350586165, 35.092082977295036 ], [ 129.03152465820358, 35.085151672363224 ], [ 129.015106201171875, 35.096164703369311 ], [ 129.02117919921875, 35.106502532959041 ], [ 129.040695190429801, 35.106094360351676 ] ] ], [ [ [ 125.785697937011719, 36.928195953369368 ], [ 125.789581298828125, 36.928470611572379 ], [ 125.786247253417969, 36.926250457763672 ], [ 125.785697937011719, 36.928195953369368 ] ] ], [ [ [ 125.816528320312614, 36.967082977295092 ], [ 125.820968627929688, 36.96402740478544 ], [ 125.817359924316406, 36.961528778076172 ], [ 125.816528320312614, 36.967082977295092 ] ] ], [ [ [ 125.825141906738622, 36.967082977295092 ], [ 125.828475952148438, 36.965972900390739 ], [ 125.822364807128906, 36.963195800781477 ], [ 125.825141906738622, 36.967082977295092 ] ] ], [ [ [ 125.749862670899006, 36.982917785644645 ], [ 125.75263977050804, 36.982082366943644 ], [ 125.749305725097884, 36.981803894043082 ], [ 125.749862670899006, 36.982917785644645 ] ] ], [ [ [ 125.753753662109489, 36.983196258545206 ], [ 125.754859924316406, 36.980693817138729 ], [ 125.752914428711506, 36.98125076293968 ], [ 125.753753662109489, 36.983196258545206 ] ] ], [ [ [ 125.986808776855469, 37.040973663330135 ], [ 126.004028320312727, 37.023471832275675 ], [ 126.009864807128906, 37.027915954590128 ], [ 126.012916564941406, 37.026832580566349 ], [ 126.014030456543537, 37.028751373291243 ], [ 126.015419006347656, 37.027362823486328 ], [ 126.02097320556652, 37.03125 ], [ 126.022087097167969, 37.030418395996207 ], [ 125.994026184082031, 37.017360687255973 ], [ 125.977363586425781, 37.035972595214957 ], [ 125.986808776855469, 37.040973663330135 ] ] ], [ [ [ 126.022918701172557, 37.035972595214957 ], [ 126.030418395996207, 37.041805267333928 ], [ 126.023193359375227, 37.034584045410213 ], [ 126.022918701172557, 37.035972595214957 ] ] ], [ [ [ 126.009307861328125, 37.057640075683821 ], [ 126.01513671875, 37.056804656982479 ], [ 126.009025573730469, 37.057083129882869 ], [ 126.009307861328125, 37.057640075683821 ] ] ], [ [ [ 125.960975646972656, 37.06069564819353 ], [ 125.963470458984489, 37.057083129882869 ], [ 125.961524963379247, 37.055973052978516 ], [ 125.960975646972656, 37.06069564819353 ] ] ], [ [ [ 125.965972900390852, 37.058750152588004 ], [ 125.969306945800895, 37.059860229492188 ], [ 125.969306945800895, 37.058471679687784 ], [ 125.965972900390852, 37.058750152588004 ] ] ], [ [ [ 125.941253662109489, 37.067638397216854 ], [ 125.944305419921989, 37.064861297607706 ], [ 125.94180297851608, 37.064861297607706 ], [ 125.941253662109489, 37.067638397216854 ] ] ], [ [ [ 125.994857788086051, 37.071250915527628 ], [ 126.000968933105582, 37.059581756591797 ], [ 125.997917175293082, 37.057083129882869 ], [ 125.992637634277344, 37.059028625488395 ], [ 125.994857788086051, 37.071250915527628 ] ] ], [ [ [ 126.003196716308594, 37.070972442627067 ], [ 126.005691528320313, 37.069026947021769 ], [ 126.002914428711279, 37.069583892822322 ], [ 126.003196716308594, 37.070972442627067 ] ] ], [ [ [ 126.013473510742415, 37.079860687256087 ], [ 126.022087097167969, 37.078193664550781 ], [ 126.024581909180142, 37.067638397216854 ], [ 126.011802673340298, 37.062637329101847 ], [ 126.013473510742415, 37.079860687256087 ] ] ], [ [ [ 125.970695495605469, 37.079582214355696 ], [ 125.973197937011832, 37.08097076416027 ], [ 125.972915649414176, 37.079029083251953 ], [ 125.970695495605469, 37.079582214355696 ] ] ], [ [ [ 125.999305725097656, 37.084583282470703 ], [ 125.996246337890625, 37.078750610351563 ], [ 125.987083435058935, 37.080696105957259 ], [ 125.987915039062727, 37.083473205566349 ], [ 125.999305725097656, 37.084583282470703 ] ] ], [ [ [ 125.984024047851904, 37.084304809570313 ], [ 125.986808776855469, 37.083194732665959 ], [ 125.984580993653026, 37.082916259765796 ], [ 125.984024047851904, 37.084304809570313 ] ] ], [ [ [ 125.998748779296875, 37.089584350585881 ], [ 126.00180816650402, 37.086807250976619 ], [ 125.998191833496662, 37.087360382080192 ], [ 125.998748779296875, 37.089584350585881 ] ] ], [ [ [ 125.951248168945313, 37.093471527099894 ], [ 125.96819305419956, 37.085140228271484 ], [ 125.953193664551009, 37.086250305176009 ], [ 125.952919006348338, 37.066806793213061 ], [ 125.940414428711165, 37.080139160156477 ], [ 125.951248168945313, 37.093471527099894 ] ] ], [ [ [ 126.082641601562841, 37.108196258545092 ], [ 126.089302062988963, 37.095138549804688 ], [ 126.073753356933594, 37.082637786865405 ], [ 126.064308166504588, 37.085140228271484 ], [ 126.065139770508381, 37.093193054199332 ], [ 126.074302673340412, 37.093193054199332 ], [ 126.059860229492188, 37.095138549804688 ], [ 126.0665283203125, 37.106803894042969 ], [ 126.082641601562841, 37.108196258545092 ] ] ], [ [ [ 126.020690917968864, 37.112640380859659 ], [ 126.022636413574219, 37.115139007568587 ], [ 126.022087097167969, 37.112083435058537 ], [ 126.020690917968864, 37.112640380859659 ] ] ], [ [ [ 126.303749084473225, 37.129581451416016 ], [ 126.299026489257813, 37.124862670898381 ], [ 126.297080993652912, 37.12791824340843 ], [ 126.303749084473225, 37.129581451416016 ] ] ], [ [ [ 126.017639160156364, 37.131248474121151 ], [ 126.025138854980469, 37.130138397216797 ], [ 126.02097320556652, 37.123195648193644 ], [ 126.017639160156364, 37.131248474121151 ] ] ], [ [ [ 126.300140380859602, 37.140415191650334 ], [ 126.307640075684048, 37.137359619140852 ], [ 126.307914733886719, 37.130416870117358 ], [ 126.303192138672102, 37.130973815917912 ], [ 126.300140380859602, 37.140415191650334 ] ] ], [ [ [ 126.022636413574219, 37.140693664550724 ], [ 126.025970458985057, 37.13680648803728 ], [ 126.024864196777344, 37.135139465332145 ], [ 126.022636413574219, 37.140693664550724 ] ] ], [ [ [ 126.349586486816406, 37.150417327880916 ], [ 126.345695495605469, 37.148750305175781 ], [ 126.345413208007926, 37.149860382080305 ], [ 126.349586486816406, 37.150417327880916 ] ] ], [ [ [ 126.277915954589957, 37.150970458984489 ], [ 126.278198242188068, 37.142360687255859 ], [ 126.275413513183707, 37.140415191650334 ], [ 126.271804809570426, 37.147914886474609 ], [ 126.277915954589957, 37.150970458984489 ] ] ], [ [ [ 125.999031066894986, 37.153751373291129 ], [ 126.002082824707486, 37.152915954590014 ], [ 125.998474121093864, 37.152084350586222 ], [ 125.999031066894986, 37.153751373291129 ] ] ], [ [ [ 126.317359924316861, 37.153194427490178 ], [ 126.323471069336392, 37.150695800781477 ], [ 126.317359924316861, 37.152084350586222 ], [ 126.317359924316861, 37.153194427490178 ] ] ], [ [ [ 126.005973815917969, 37.153472900390568 ], [ 126.012641906738622, 37.153472900390568 ], [ 126.011802673340298, 37.147914886474609 ], [ 126.005973815917969, 37.153472900390568 ] ] ], [ [ [ 126.289863586425781, 37.174583435058651 ], [ 126.313468933105582, 37.172637939453182 ], [ 126.325973510742301, 37.161251068115405 ], [ 126.320968627929688, 37.155971527099837 ], [ 126.294029235840412, 37.163192749023551 ], [ 126.289863586425781, 37.174583435058651 ] ] ], [ [ [ 126.397361755371094, 37.176528930664176 ], [ 126.401802062988509, 37.174583435058651 ], [ 126.39902496337902, 37.174026489258097 ], [ 126.397361755371094, 37.176528930664176 ] ] ], [ [ [ 126.254859924317088, 37.182918548584098 ], [ 126.272636413574219, 37.177082061767749 ], [ 126.282363891601563, 37.157917022705192 ], [ 126.242919921875227, 37.173473358154297 ], [ 126.254859924317088, 37.182918548584098 ] ] ], [ [ [ 126.095695495605469, 37.188751220703239 ], [ 126.10597229003929, 37.178749084472884 ], [ 126.114585876464844, 37.183471679687671 ], [ 126.109863281250114, 37.165138244628906 ], [ 126.086250305176463, 37.172359466552962 ], [ 126.087638854980582, 37.184860229492415 ], [ 126.095695495605469, 37.188751220703239 ] ] ], [ [ [ 126.219863891601563, 37.189861297607592 ], [ 126.222084045410156, 37.181526184082202 ], [ 126.229309082031591, 37.188472747802678 ], [ 126.249862670898551, 37.183471679687671 ], [ 126.241249084472656, 37.175971984863395 ], [ 126.219863891601563, 37.178195953369311 ], [ 126.213752746582031, 37.183471679687671 ], [ 126.219863891601563, 37.189861297607592 ] ] ], [ [ [ 126.366531372070313, 37.191806793212947 ], [ 126.368751525878906, 37.190139770507813 ], [ 126.366249084473338, 37.190971374511946 ], [ 126.366531372070313, 37.191806793212947 ] ] ], [ [ [ 126.212364196777344, 37.192916870117301 ], [ 126.215698242187955, 37.190692901611385 ], [ 126.210975646972884, 37.190418243408203 ], [ 126.212364196777344, 37.192916870117301 ] ] ], [ [ [ 126.135696411132813, 37.201805114746321 ], [ 126.143470764160838, 37.198749542236442 ], [ 126.135696411132813, 37.195415496826399 ], [ 126.135696411132813, 37.201805114746321 ] ] ], [ [ [ 125.987083435058935, 37.202362060546875 ], [ 125.997642517090071, 37.196804046630916 ], [ 125.982917785644531, 37.193473815918253 ], [ 125.983749389648438, 37.180973052978572 ], [ 125.9798583984375, 37.187915802002124 ], [ 125.95930480957054, 37.182640075683878 ], [ 125.987083435058935, 37.202362060546875 ] ] ], [ [ [ 126.380973815917969, 37.204860687256144 ], [ 126.385414123535156, 37.206527709960938 ], [ 126.385414123535156, 37.205417633056754 ], [ 126.380973815917969, 37.204860687256144 ] ] ], [ [ [ 126.163475036621207, 37.208751678466797 ], [ 126.166252136230696, 37.207916259765852 ], [ 126.164306640625, 37.207359313965071 ], [ 126.163475036621207, 37.208751678466797 ] ] ], [ [ [ 126.374031066894645, 37.206806182861499 ], [ 126.378196716308594, 37.207084655761889 ], [ 126.377914428710938, 37.205696105957145 ], [ 126.374031066894645, 37.206806182861499 ] ] ], [ [ [ 126.361526489257813, 37.207916259765852 ], [ 126.366249084473338, 37.210140228271712 ], [ 126.366249084473338, 37.209026336670206 ], [ 126.361526489257813, 37.207916259765852 ] ] ], [ [ [ 126.14013671875, 37.213748931884993 ], [ 126.14263916015625, 37.212638854980469 ], [ 126.139862060547216, 37.212360382080078 ], [ 126.14013671875, 37.213748931884993 ] ] ], [ [ [ 126.171249389648438, 37.230693817138672 ], [ 126.178192138672216, 37.21847152709978 ], [ 126.186248779296989, 37.222915649414233 ], [ 126.193191528320767, 37.218193054199219 ], [ 126.180694580078125, 37.216251373291072 ], [ 126.18096923828125, 37.209304809570597 ], [ 126.194862365722884, 37.208751678466797 ], [ 126.184028625488281, 37.192916870117301 ], [ 126.177085876464844, 37.211528778076286 ], [ 126.160415649414176, 37.210414886474553 ], [ 126.157638549804801, 37.224582672119141 ], [ 126.171249389648438, 37.230693817138672 ] ] ], [ [ [ 126.49847412109375, 37.242362976074162 ], [ 126.503196716309276, 37.243194580078352 ], [ 126.504028320313068, 37.242084503173999 ], [ 126.49847412109375, 37.242362976074162 ] ] ], [ [ [ 126.391250610351904, 37.245693206787053 ], [ 126.398475646973338, 37.240139007568473 ], [ 126.383193969726676, 37.239860534668253 ], [ 126.391250610351904, 37.245693206787053 ] ] ], [ [ [ 126.280418395996776, 37.271526336670149 ], [ 126.33180236816429, 37.256248474121207 ], [ 126.335136413574332, 37.263748168945313 ], [ 126.349586486816406, 37.259304046630859 ], [ 126.341804504394645, 37.249027252197322 ], [ 126.314582824707031, 37.244304656982706 ], [ 126.280136108398438, 37.258472442626896 ], [ 126.280418395996776, 37.271526336670149 ] ] ], [ [ [ 126.1048583984375, 37.274860382080362 ], [ 126.122642517089957, 37.253749847412109 ], [ 126.119308471680256, 37.247081756591967 ], [ 126.129028320312614, 37.252361297607536 ], [ 126.145973205566406, 37.242362976074162 ], [ 126.141525268554801, 37.237915039062784 ], [ 126.166252136230696, 37.230415344238509 ], [ 126.156524658203352, 37.227359771728629 ], [ 126.149864196777344, 37.219306945800781 ], [ 126.145416259765625, 37.223472595214787 ], [ 126.148193359375114, 37.213748931884993 ], [ 126.139862060547216, 37.215415954590128 ], [ 126.117919921875341, 37.208751678466797 ], [ 126.109580993652912, 37.213470458984602 ], [ 126.115135192871321, 37.222362518310604 ], [ 126.1029129028326, 37.219306945800781 ], [ 126.099304199218977, 37.230972290039063 ], [ 126.096801757813068, 37.223472595214787 ], [ 126.083747863769645, 37.221527099609489 ], [ 126.1048583984375, 37.274860382080362 ] ] ], [ [ [ 126.276527404785156, 37.274860382080362 ], [ 126.277915954589957, 37.272640228271655 ], [ 126.27569580078125, 37.273471832275447 ], [ 126.276527404785156, 37.274860382080362 ] ] ], [ [ [ 126.474029541015966, 37.289028167724609 ], [ 126.502357482910156, 37.27430725097679 ], [ 126.501251220703239, 37.256248474121207 ], [ 126.475692749023551, 37.252918243408317 ], [ 126.487358093262401, 37.240970611572266 ], [ 126.47125244140625, 37.240139007568473 ], [ 126.474029541015966, 37.232917785644759 ], [ 126.459861755371207, 37.223472595214787 ], [ 126.453193664550895, 37.222637176513842 ], [ 126.452636718750227, 37.230693817138672 ], [ 126.432640075683935, 37.230415344238509 ], [ 126.436248779297557, 37.246250152588175 ], [ 126.427635192871207, 37.26291656494152 ], [ 126.435691833496435, 37.265972137451172 ], [ 126.43402862548885, 37.275138854980582 ], [ 126.448753356933594, 37.278472900390625 ], [ 126.450141906738395, 37.273193359375057 ], [ 126.449302673340071, 37.287639617920206 ], [ 126.474029541015966, 37.289028167724609 ] ] ], [ [ [ 126.081253051757926, 37.290138244629134 ], [ 126.09708404541027, 37.280418395996321 ], [ 126.098197937011719, 37.276805877685717 ], [ 126.08680725097679, 37.275138854980582 ], [ 126.075141906738395, 37.284862518310547 ], [ 126.081253051757926, 37.290138244629134 ] ] ], [ [ [ 126.269859313964844, 37.315692901611271 ], [ 126.276802062988622, 37.314304351806925 ], [ 126.276527404785156, 37.312637329101619 ], [ 126.269859313964844, 37.315692901611271 ] ] ], [ [ [ 126.262084960937614, 37.323749542236328 ], [ 126.262916564941406, 37.321804046630803 ], [ 126.260971069336279, 37.322082519531193 ], [ 126.262084960937614, 37.323749542236328 ] ] ], [ [ [ 126.266525268554688, 37.331806182861385 ], [ 126.269302368164517, 37.327915191650561 ], [ 126.262916564941406, 37.325416564941463 ], [ 126.266525268554688, 37.331806182861385 ] ] ], [ [ [ 126.51041412353527, 37.360137939453352 ], [ 126.513748168945881, 37.356803894042912 ], [ 126.508468627929688, 37.357639312744425 ], [ 126.51041412353527, 37.360137939453352 ] ] ], [ [ [ 126.439308166504247, 37.361804962158487 ], [ 126.442085266113281, 37.360416412353572 ], [ 126.44013977050804, 37.360137939453352 ], [ 126.439308166504247, 37.361804962158487 ] ] ], [ [ [ 126.441253662109375, 37.37430572509777 ], [ 126.447082519531364, 37.369861602783146 ], [ 126.44013977050804, 37.3709716796875 ], [ 126.441253662109375, 37.37430572509777 ] ] ], [ [ [ 126.657913208007813, 37.390140533447266 ], [ 126.664306640625455, 37.389305114746321 ], [ 126.660697937011832, 37.386528015136832 ], [ 126.657913208007813, 37.390140533447266 ] ] ], [ [ [ 126.388748168945995, 37.402915954589957 ], [ 126.397361755371094, 37.404304504394702 ], [ 126.389579772949787, 37.395416259765682 ], [ 126.388748168945995, 37.402915954589957 ] ] ], [ [ [ 126.43708038330135, 37.403751373291072 ], [ 126.436805725097884, 37.405139923095817 ], [ 126.442359924316747, 37.404861450195256 ], [ 126.43708038330135, 37.403751373291072 ] ] ], [ [ [ 126.409301757812955, 37.413192749023494 ], [ 126.427360534668196, 37.390140533447266 ], [ 126.442642211914063, 37.386249542236612 ], [ 126.433746337890739, 37.368194580078409 ], [ 126.412918090820767, 37.365970611572493 ], [ 126.408195495605696, 37.38874816894554 ], [ 126.395690917969318, 37.391250610351619 ], [ 126.409301757812955, 37.413192749023494 ] ] ], [ [ [ 126.585975646973338, 37.499027252197266 ], [ 126.592086791992529, 37.496250152587947 ], [ 126.585418701172216, 37.496807098388899 ], [ 126.585975646973338, 37.499027252197266 ] ] ], [ [ [ 126.303192138672102, 37.499027252197266 ], [ 126.311531066894531, 37.504028320312784 ], [ 126.311805725097656, 37.503471374511662 ], [ 126.303192138672102, 37.499027252197266 ] ] ], [ [ [ 126.335136413574332, 37.504581451416016 ], [ 126.329025268554801, 37.499305725097656 ], [ 126.3245849609375, 37.501251220703125 ], [ 126.335136413574332, 37.504581451416016 ] ] ], [ [ [ 126.320968627929688, 37.513195037841854 ], [ 126.3245849609375, 37.510692596435547 ], [ 126.322364807129134, 37.509582519531193 ], [ 126.320968627929688, 37.513195037841854 ] ] ], [ [ [ 126.486526489257813, 37.517360687255859 ], [ 126.489303588867188, 37.515140533447322 ], [ 126.486251831054688, 37.516250610351506 ], [ 126.486526489257813, 37.517360687255859 ] ] ], [ [ [ 126.422080993652798, 37.517360687255859 ], [ 126.426528930664404, 37.516250610351506 ], [ 126.422080993652798, 37.516529083252067 ], [ 126.422080993652798, 37.517360687255859 ] ] ], [ [ [ 126.572364807128906, 37.527362823486612 ], [ 126.579307556152685, 37.527637481689453 ], [ 126.581253051757813, 37.524581909179744 ], [ 126.572364807128906, 37.527362823486612 ] ] ], [ [ [ 126.394584655761719, 37.534584045410327 ], [ 126.397636413574219, 37.532638549804972 ], [ 126.39597320556652, 37.532081604003849 ], [ 126.394584655761719, 37.534584045410327 ] ] ], [ [ [ 126.573753356933821, 37.536251068115234 ], [ 126.575416564941406, 37.534027099609375 ], [ 126.573471069336165, 37.534305572509766 ], [ 126.573753356933821, 37.536251068115234 ] ] ], [ [ [ 126.41374969482456, 37.539585113525504 ], [ 126.413192749023438, 37.526805877685661 ], [ 126.404029846191747, 37.52652740478527 ], [ 126.40374755859375, 37.535972595215071 ], [ 126.41374969482456, 37.539585113525504 ] ] ], [ [ [ 126.500968933106037, 37.540416717529297 ], [ 126.504859924316861, 37.536804199219034 ], [ 126.503471374511946, 37.536529541015625 ], [ 126.500968933106037, 37.540416717529297 ] ] ], [ [ [ 126.462364196777571, 37.544860839843693 ], [ 126.474029541015966, 37.538192749023381 ], [ 126.474029541015966, 37.528472900390796 ], [ 126.465698242187727, 37.527915954589844 ], [ 126.470413208007813, 37.511528015136719 ], [ 126.446807861328693, 37.519859313965128 ], [ 126.429031372070313, 37.516803741455305 ], [ 126.43125152587902, 37.525695800781477 ], [ 126.462364196777571, 37.544860839843693 ] ] ], [ [ [ 126.427917480469318, 37.548751831054915 ], [ 126.442642211914063, 37.544582366943303 ], [ 126.418746948242188, 37.517639160156421 ], [ 126.416809082031591, 37.536529541015625 ], [ 126.427917480469318, 37.548751831054915 ] ] ], [ [ [ 126.268753051757926, 37.549861907959269 ], [ 126.274024963378906, 37.547916412353743 ], [ 126.277641296386946, 37.54375076293951 ], [ 126.271804809570426, 37.544303894043139 ], [ 126.268753051757926, 37.549861907959269 ] ] ], [ [ [ 126.259582519531364, 37.557640075683537 ], [ 126.266525268554688, 37.55263900756853 ], [ 126.26708221435581, 37.550693511963061 ], [ 126.260696411132813, 37.550140380859432 ], [ 126.259582519531364, 37.557640075683537 ] ] ], [ [ [ 126.30958557128929, 37.560974121093807 ], [ 126.338195800781477, 37.55263900756853 ], [ 126.353195190429688, 37.53569412231468 ], [ 126.38458251953125, 37.539306640625114 ], [ 126.385414123535156, 37.529861450195313 ], [ 126.336250305176236, 37.530139923095703 ], [ 126.325416564941634, 37.522083282470874 ], [ 126.329307556152912, 37.539859771728686 ], [ 126.30958557128929, 37.560974121093807 ] ] ], [ [ [ 126.557640075683821, 37.579582214355412 ], [ 126.570968627930256, 37.573749542236442 ], [ 126.570968627930256, 37.569862365722827 ], [ 126.556526184082031, 37.571529388427734 ], [ 126.557640075683821, 37.579582214355412 ] ] ], [ [ [ 126.69891357421875, 37.588684082031534 ], [ 126.793273925781364, 37.560302734375114 ], [ 126.769859313965185, 37.515422821044922 ], [ 126.769714355469318, 37.43487548828125 ], [ 126.7611083984375, 37.416870117187614 ], [ 126.745971679687614, 37.420696258545149 ], [ 126.752357482910725, 37.416526794433594 ], [ 126.748748779297102, 37.407638549804915 ], [ 126.744583129882813, 37.407081604003963 ], [ 126.741531372070313, 37.425693511963175 ], [ 126.738197326660497, 37.42680740356468 ], [ 126.743469238281705, 37.400970458984602 ], [ 126.722915649414745, 37.382915496826399 ], [ 126.684303283691406, 37.386528015136832 ], [ 126.652641296386719, 37.352916717529297 ], [ 126.645416259765625, 37.34736251831049 ], [ 126.611526489258495, 37.347084045410327 ], [ 126.608749389648665, 37.337360382080305 ], [ 126.61013793945358, 37.347084045410327 ], [ 126.599029541015852, 37.346805572509936 ], [ 126.593193054199332, 37.337081909179744 ], [ 126.582359313965185, 37.337638854980696 ], [ 126.591529846191406, 37.339584350586222 ], [ 126.597084045410156, 37.355140686035156 ], [ 126.645416259765625, 37.34819412231468 ], [ 126.6834716796875, 37.386249542236612 ], [ 126.640693664550895, 37.412918090820313 ], [ 126.63069152832054, 37.449028015136946 ], [ 126.625419616699332, 37.429584503173828 ], [ 126.61013793945358, 37.429027557373047 ], [ 126.611808776855696, 37.452362060546818 ], [ 126.603195190429801, 37.4415283203125 ], [ 126.586250305176009, 37.438751220703182 ], [ 126.600692749023438, 37.456806182861442 ], [ 126.592086791992529, 37.464862823486499 ], [ 126.598472595214844, 37.46513748168968 ], [ 126.594863891601563, 37.472084045410384 ], [ 126.603195190429801, 37.484859466553019 ], [ 126.634864807129475, 37.494861602783203 ], [ 126.647918701171989, 37.491527557373161 ], [ 126.638191223144645, 37.505695343017578 ], [ 126.624031066894531, 37.495971679687557 ], [ 126.612640380859489, 37.496250152587947 ], [ 126.6129150390625, 37.505695343017578 ], [ 126.603469848633267, 37.505695343017578 ], [ 126.602638244629475, 37.498748779296875 ], [ 126.60124969482456, 37.510971069335938 ], [ 126.613197326660611, 37.507362365722884 ], [ 126.602638244629475, 37.513195037841854 ], [ 126.612640380859489, 37.515693664550952 ], [ 126.610969543457372, 37.52624893188505 ], [ 126.597915649414063, 37.536804199219034 ], [ 126.605140686035156, 37.539306640625114 ], [ 126.605697631836165, 37.551250457763615 ], [ 126.565696716309048, 37.538749694824332 ], [ 126.542358398438068, 37.520416259765739 ], [ 126.56485748291027, 37.516803741455305 ], [ 126.582084655761719, 37.489307403564453 ], [ 126.558197021484943, 37.477359771728743 ], [ 126.537086486816861, 37.482917785644531 ], [ 126.44319152832054, 37.420696258545149 ], [ 126.412918090820767, 37.415973663330362 ], [ 126.416526794433594, 37.432640075683651 ], [ 126.406524658203125, 37.438194274902628 ], [ 126.393470764160611, 37.431251525878906 ], [ 126.402915954589844, 37.439025878906421 ], [ 126.397918701172216, 37.445137023925781 ], [ 126.380973815917969, 37.434581756591797 ], [ 126.36374664306652, 37.4415283203125 ], [ 126.372917175293651, 37.446804046631087 ], [ 126.356246948242188, 37.462360382080192 ], [ 126.361251831054801, 37.474582672119084 ], [ 126.376525878906364, 37.473751068115291 ], [ 126.418197631836506, 37.497360229492301 ], [ 126.477081298828466, 37.499584197998217 ], [ 126.491249084473225, 37.507637023925895 ], [ 126.499862670898438, 37.53125 ], [ 126.517364501953239, 37.534305572509766 ], [ 126.52513885498081, 37.524307250976563 ], [ 126.540969848633154, 37.521526336669922 ], [ 126.564582824707145, 37.539306640625114 ], [ 126.605972290039176, 37.55291748046875 ], [ 126.589027404785838, 37.563194274902514 ], [ 126.581253051757813, 37.579856872558651 ], [ 126.627929687500682, 37.575683593750227 ], [ 126.69891357421875, 37.588684082031534 ] ] ], [ [ [ 126.547080993652685, 37.593471527099609 ], [ 126.550697326660497, 37.590972900390909 ], [ 126.548194885254134, 37.590137481689567 ], [ 126.547080993652685, 37.593471527099609 ] ] ], [ [ [ 126.520973205566406, 37.598751068115178 ], [ 126.517364501953239, 37.592918395996207 ], [ 126.525970458984602, 37.589305877685774 ], [ 126.525413513183594, 37.58541488647478 ], [ 126.517082214355582, 37.579582214355412 ], [ 126.505416870117188, 37.585140228271541 ], [ 126.503753662109602, 37.590972900390909 ], [ 126.520973205566406, 37.598751068115178 ] ] ], [ [ [ 125.958747863769531, 37.597637176513672 ], [ 125.960975646972656, 37.596527099609489 ], [ 125.95930480957054, 37.596248626709269 ], [ 125.958747863769531, 37.597637176513672 ] ] ], [ [ [ 126.546249389648892, 37.601249694824276 ], [ 126.55152893066429, 37.599861145019531 ], [ 126.5504150390625, 37.595695495605696 ], [ 126.546249389648892, 37.601249694824276 ] ] ], [ [ [ 125.966529846191975, 37.610694885253906 ], [ 125.968750000000682, 37.608749389648551 ], [ 125.965972900390852, 37.609859466552905 ], [ 125.966529846191975, 37.610694885253906 ] ] ], [ [ [ 125.972084045410384, 37.610137939453125 ], [ 125.979026794433707, 37.60847091674799 ], [ 125.971252441406591, 37.60597229003929 ], [ 125.972084045410384, 37.610137939453125 ] ] ], [ [ [ 126.267364501953125, 37.619026184082145 ], [ 126.268196105957259, 37.62069320678728 ], [ 126.272087097168537, 37.619861602783487 ], [ 126.267364501953125, 37.619026184082145 ] ] ], [ [ [ 126.538192749023438, 37.619861602783487 ], [ 126.541809082031477, 37.623195648193359 ], [ 126.543472290039063, 37.617637634277571 ], [ 126.538192749023438, 37.619861602783487 ] ] ], [ [ [ 126.21430206298885, 37.630416870117415 ], [ 126.217918395996662, 37.629581451416072 ], [ 126.21430206298885, 37.628192901611555 ], [ 126.21430206298885, 37.630416870117415 ] ] ], [ [ [ 126.268753051757926, 37.654582977295206 ], [ 126.2701416015625, 37.651805877685547 ], [ 126.268470764160725, 37.651527404785156 ], [ 126.268753051757926, 37.654582977295206 ] ] ], [ [ [ 126.234306335449219, 37.656528472900504 ], [ 126.257637023925781, 37.651805877685547 ], [ 126.252914428711051, 37.633750915527287 ], [ 126.264579772949901, 37.624305725097884 ], [ 126.220970153809162, 37.649581909179631 ], [ 126.234306335449219, 37.656528472900504 ] ] ], [ [ [ 126.239860534668537, 37.662918090820426 ], [ 126.241531372070313, 37.662082672119311 ], [ 126.240135192871207, 37.660972595215128 ], [ 126.239860534668537, 37.662918090820426 ] ] ], [ [ [ 126.22458648681652, 37.666526794433707 ], [ 126.233749389649006, 37.662918090820426 ], [ 126.236526489257926, 37.659862518310774 ], [ 126.222915649414063, 37.657638549804858 ], [ 126.22458648681652, 37.666526794433707 ] ] ], [ [ [ 126.298194885253906, 37.675971984863509 ], [ 126.301528930664517, 37.674026489257813 ], [ 126.300415039062614, 37.673751831054972 ], [ 126.298194885253906, 37.675971984863509 ] ] ], [ [ [ 126.02652740478527, 37.67874908447277 ], [ 126.029586791992415, 37.676250457763672 ], [ 126.025970458985057, 37.677360534668026 ], [ 126.02652740478527, 37.67874908447277 ] ] ], [ [ [ 126.037086486816406, 37.679862976074332 ], [ 126.039024353027571, 37.677639007568416 ], [ 126.037635803222656, 37.677360534668026 ], [ 126.037086486816406, 37.679862976074332 ] ] ], [ [ [ 126.194580078125682, 37.689025878906364 ], [ 126.211807250976676, 37.666805267334098 ], [ 126.208190917969318, 37.654304504394645 ], [ 126.189025878906364, 37.657360076904297 ], [ 126.179862976074332, 37.66986083984375 ], [ 126.169029235840526, 37.665416717529524 ], [ 126.155136108398438, 37.671806335449446 ], [ 126.154586791992301, 37.677639007568416 ], [ 126.182357788086051, 37.676807403564624 ], [ 126.194580078125682, 37.689025878906364 ] ] ], [ [ [ 126.120697021484375, 37.68791580200218 ], [ 126.133750915527685, 37.692638397216967 ], [ 126.149864196777344, 37.681804656982479 ], [ 126.125968933105469, 37.681526184082259 ], [ 126.120697021484375, 37.68791580200218 ] ] ], [ [ [ 126.369026184082031, 37.692359924316406 ], [ 126.374580383301236, 37.693195343017578 ], [ 126.374862670898438, 37.690692901611499 ], [ 126.369026184082031, 37.692359924316406 ] ] ], [ [ [ 126.325416564941634, 37.710971832275618 ], [ 126.330413818359375, 37.71402740478544 ], [ 126.33152770996162, 37.712081909179972 ], [ 126.325416564941634, 37.710971832275618 ] ] ], [ [ [ 126.257080078125, 37.711807250976733 ], [ 126.259307861328693, 37.714862823486442 ], [ 126.260414123535156, 37.710693359375227 ], [ 126.257080078125, 37.711807250976733 ] ] ], [ [ [ 126.209587097167969, 37.71736145019554 ], [ 126.212638854980469, 37.720973968505973 ], [ 126.212913513183935, 37.71736145019554 ], [ 126.209587097167969, 37.71736145019554 ] ] ], [ [ [ 126.234024047851676, 37.734027862548999 ], [ 126.240417480468864, 37.723751068115462 ], [ 126.24958038330135, 37.71736145019554 ], [ 126.217636108398551, 37.720417022705362 ], [ 126.234024047851676, 37.734027862548999 ] ] ], [ [ [ 126.266250610352017, 37.739582061767805 ], [ 126.271247863769759, 37.725139617919979 ], [ 126.257362365722656, 37.724304199218864 ], [ 126.256530761718864, 37.731803894043139 ], [ 126.266250610352017, 37.739582061767805 ] ] ], [ [ [ 126.279304504394531, 37.747638702392635 ], [ 126.284858703613395, 37.745140075683537 ], [ 126.27874755859375, 37.745418548583928 ], [ 126.279304504394531, 37.747638702392635 ] ] ], [ [ [ 126.320137023925781, 37.753471374512003 ], [ 126.330413818359375, 37.746250152587891 ], [ 126.319030761718977, 37.731250762939737 ], [ 126.319305419921989, 37.711807250976733 ], [ 126.341529846191634, 37.697917938232536 ], [ 126.367919921875114, 37.694862365722884 ], [ 126.367637634277457, 37.690692901611499 ], [ 126.379028320313182, 37.684028625488338 ], [ 126.374862670898438, 37.666805267334098 ], [ 126.342636108398438, 37.650138854980582 ], [ 126.342636108398438, 37.643196105957259 ], [ 126.3256912231451, 37.65263748168968 ], [ 126.32847595214912, 37.670139312744141 ], [ 126.320419311523892, 37.681804656982479 ], [ 126.269027709961051, 37.709026336669922 ], [ 126.285140991211051, 37.713748931884879 ], [ 126.285972595214844, 37.742362976074276 ], [ 126.320137023925781, 37.753471374512003 ] ] ], [ [ [ 126.240417480468864, 37.818473815918196 ], [ 126.266807556152344, 37.817916870117415 ], [ 126.299026489257813, 37.803195953369425 ], [ 126.324302673340185, 37.808750152587834 ], [ 126.336250305176236, 37.796806335449503 ], [ 126.316802978515739, 37.773193359375171 ], [ 126.291252136230582, 37.762359619140625 ], [ 126.280418395996776, 37.768470764160156 ], [ 126.241249084472656, 37.763195037841797 ], [ 126.231529235840298, 37.750694274902344 ], [ 126.201805114746207, 37.769306182861328 ], [ 126.219863891601563, 37.786251068115405 ], [ 126.222084045410156, 37.805416107177962 ], [ 126.240417480468864, 37.818473815918196 ] ] ], [ [ [ 126.428749084473111, 37.832084655761832 ], [ 126.46041870117233, 37.805973052978572 ], [ 126.506248474121776, 37.783748626709098 ], [ 126.511802673339844, 37.762084960937614 ], [ 126.526252746582145, 37.747917175293196 ], [ 126.513191223144759, 37.716526031494368 ], [ 126.525413513183594, 37.702083587646598 ], [ 126.517082214355582, 37.675415039062557 ], [ 126.532638549805256, 37.66402816772478 ], [ 126.522636413574446, 37.653751373291243 ], [ 126.535697937011946, 37.617637634277571 ], [ 126.511253356933594, 37.596248626709269 ], [ 126.480697631836279, 37.604862213134936 ], [ 126.472640991211051, 37.596805572509879 ], [ 126.462364196777571, 37.599861145019531 ], [ 126.462364196777571, 37.588748931884993 ], [ 126.41069793701206, 37.593471527099609 ], [ 126.36846923828125, 37.61430740356468 ], [ 126.377639770508267, 37.617916107177962 ], [ 126.36541748046875, 37.635417938232592 ], [ 126.39902496337902, 37.640415191650447 ], [ 126.410140991210938, 37.654304504394645 ], [ 126.38735961914108, 37.699028015136889 ], [ 126.359306335449219, 37.702915191650391 ], [ 126.352363586425781, 37.711528778076172 ], [ 126.3579177856451, 37.76374816894554 ], [ 126.350135803222656, 37.790416717529581 ], [ 126.3870849609375, 37.806251525879134 ], [ 126.39597320556652, 37.823192596435831 ], [ 126.416526794433594, 37.821804046630916 ], [ 126.428749084473111, 37.832084655761832 ] ] ] ] } },
{ "type": "Feature", "properties": { "ID_0": 211, "ISO": "KOR", "NAME_0": "South Korea", "ID_1": 12, "NAME_1": "Jeju", "NL_NAME_1": "??????? | ???????", "VARNAME_1": "Jeju-doQuelpart|Saishu-to|Cheju-do", "TYPE_1": "Do", "ENGTYPE_1": "Province" }, "geometry": { "type": "MultiPolygon", "coordinates": [ [ [ [ 126.269302368164517, 33.124862670898494 ], [ 126.270416259765625, 33.115417480468864 ], [ 126.268196105957259, 33.112083435058651 ], [ 126.26403045654331, 33.117637634277571 ], [ 126.269302368164517, 33.124862670898494 ] ] ], [ [ [ 126.273750305176122, 33.175693511962947 ], [ 126.280136108398438, 33.167083740234489 ], [ 126.2701416015625, 33.163749694824219 ], [ 126.263473510742188, 33.170139312744141 ], [ 126.273750305176122, 33.175693511962947 ] ] ], [ [ [ 126.313751220703239, 33.211250305176009 ], [ 126.316253662109489, 33.209583282470703 ], [ 126.313468933105582, 33.208751678466911 ], [ 126.313751220703239, 33.211250305176009 ] ] ], [ [ [ 126.51513671875, 33.220138549804631 ], [ 126.518470764160497, 33.215415954589844 ], [ 126.512359619140966, 33.216804504394759 ], [ 126.51513671875, 33.220138549804631 ] ] ], [ [ [ 126.652915954590526, 33.226249694824162 ], [ 126.657913208007813, 33.22319412231468 ], [ 126.652359008789404, 33.22319412231468 ], [ 126.652915954590526, 33.226249694824162 ] ] ], [ [ [ 126.562637329101563, 33.225692749023608 ], [ 126.568473815917969, 33.227085113525675 ], [ 126.568191528320426, 33.224582672119254 ], [ 126.562637329101563, 33.225692749023608 ] ] ], [ [ [ 126.497085571289745, 33.230693817138786 ], [ 126.500137329102245, 33.229026794433821 ], [ 126.498191833496207, 33.22874832153326 ], [ 126.497085571289745, 33.230693817138786 ] ] ], [ [ [ 126.595138549805029, 33.229583740234602 ], [ 126.603469848633267, 33.229026794433821 ], [ 126.597640991210938, 33.227359771728516 ], [ 126.595138549805029, 33.229583740234602 ] ] ], [ [ [ 126.159301757813182, 33.310138702392578 ], [ 126.162918090820995, 33.312084197998274 ], [ 126.162918090820995, 33.31069564819353 ], [ 126.159301757813182, 33.310138702392578 ] ] ], [ [ [ 126.143196105957031, 33.31097412109375 ], [ 126.154029846191975, 33.31097412109375 ], [ 126.15264129638706, 33.307083129882926 ], [ 126.143196105957031, 33.31097412109375 ] ] ], [ [ [ 126.229583740234375, 33.412639617920206 ], [ 126.228752136230469, 33.402637481689453 ], [ 126.222084045410156, 33.405693054199332 ], [ 126.222915649414063, 33.411529541015852 ], [ 126.229583740234375, 33.412639617920206 ] ] ], [ [ [ 126.258468627929915, 33.418193817138786 ], [ 126.255142211914063, 33.416526794433651 ], [ 126.255973815918082, 33.417362213134993 ], [ 126.258468627929915, 33.418193817138786 ] ] ], [ [ [ 126.927360534668082, 33.476806640625057 ], [ 126.931526184082486, 33.477359771728686 ], [ 126.931526184082486, 33.476528167724894 ], [ 126.927360534668082, 33.476806640625057 ] ] ], [ [ [ 126.955696105957259, 33.525970458984602 ], [ 126.962913513183594, 33.519027709960881 ], [ 126.95819091796875, 33.513748168945313 ], [ 126.973472595214844, 33.514583587646484 ], [ 126.965698242187614, 33.512359619140796 ], [ 126.972084045410725, 33.499584197998274 ], [ 126.966247558594205, 33.488750457763786 ], [ 126.94430541992233, 33.493194580078352 ], [ 126.939582824707259, 33.505973815918196 ], [ 126.955696105957259, 33.525970458984602 ] ] ], [ [ [ 126.537635803222656, 33.527084350586108 ], [ 126.537918090820654, 33.529582977295036 ], [ 126.540695190429688, 33.532360076904524 ], [ 126.537635803222656, 33.527084350586108 ] ] ], [ [ [ 126.696525573730469, 33.557640075683651 ], [ 126.695693969726563, 33.555416107177734 ], [ 126.692916870117642, 33.556251525878906 ], [ 126.696525573730469, 33.557640075683651 ] ] ], [ [ [ 126.511528015137173, 33.515415191650618 ], [ 126.534301757812841, 33.522640228271541 ], [ 126.529029846191634, 33.517917633056925 ], [ 126.542358398438068, 33.524307250976847 ], [ 126.541526794434276, 33.529861450195426 ], [ 126.550697326660497, 33.520973205566406 ], [ 126.568473815917969, 33.529026031494254 ], [ 126.585975646973338, 33.525695800781193 ], [ 126.595413208007813, 33.537918090820483 ], [ 126.635414123535156, 33.536529541015739 ], [ 126.644302368164176, 33.555973052978516 ], [ 126.666526794434162, 33.54264068603527 ], [ 126.676803588867188, 33.552639007568644 ], [ 126.689582824707031, 33.548751831054801 ], [ 126.725975036621776, 33.560695648193303 ], [ 126.75958251953125, 33.55736160278343 ], [ 126.765136718750568, 33.56624984741228 ], [ 126.784301757812614, 33.565692901611328 ], [ 126.797363281250114, 33.555694580078296 ], [ 126.820968627930029, 33.561527252197266 ], [ 126.8326416015625, 33.5398597717288 ], [ 126.859024047851563, 33.525138854980639 ], [ 126.880142211914176, 33.531806945800724 ], [ 126.904304504395213, 33.524860382080249 ], [ 126.898750305175895, 33.511806488037166 ], [ 126.912918090820313, 33.507915496826342 ], [ 126.913749694824219, 33.495418548584269 ], [ 126.901802062988395, 33.482360839843864 ], [ 126.920417785644759, 33.46958160400402 ], [ 126.927635192871207, 33.473472595214844 ], [ 126.918197631836051, 33.453193664550895 ], [ 126.928749084472656, 33.457916259765682 ], [ 126.925971984863281, 33.469028472900618 ], [ 126.935691833496094, 33.478748321533203 ], [ 126.946807861328239, 33.456249237060774 ], [ 126.933197021484602, 33.460414886474609 ], [ 126.924026489258381, 33.453193664550895 ], [ 126.921249389648551, 33.439861297607479 ], [ 126.93541717529331, 33.425971984863281 ], [ 126.929306030273779, 33.422359466553019 ], [ 126.923194885254588, 33.434860229492472 ], [ 126.916252136230469, 33.434028625488509 ], [ 126.919029235839844, 33.427082061767635 ], [ 126.9031982421875, 33.402637481689453 ], [ 126.906524658203125, 33.391250610351733 ], [ 126.8709716796875, 33.371807098388729 ], [ 126.856803894043196, 33.337638854980412 ], [ 126.836807250976904, 33.327915191650618 ], [ 126.848472595214844, 33.325973510742301 ], [ 126.848197937011832, 33.319583892822379 ], [ 126.83013916015625, 33.305694580078352 ], [ 126.776527404785497, 33.306526184082315 ], [ 126.743469238281705, 33.277637481689567 ], [ 126.73319244384777, 33.281528472900391 ], [ 126.677635192871094, 33.266803741455078 ], [ 126.660697937011832, 33.266529083252237 ], [ 126.663475036621662, 33.269584655761719 ], [ 126.659027099610057, 33.273750305175952 ], [ 126.660697937011832, 33.268749237060547 ], [ 126.622360229492301, 33.250694274902344 ], [ 126.619026184082145, 33.241527557373104 ], [ 126.599861145019645, 33.235416412353743 ], [ 126.57791900634777, 33.244583129882813 ], [ 126.568191528320426, 33.242084503174055 ], [ 126.57180786132858, 33.234859466552791 ], [ 126.565696716309048, 33.232639312744084 ], [ 126.560974121093977, 33.240139007568359 ], [ 126.520416259765739, 33.240695953369311 ], [ 126.51041412353527, 33.230972290039176 ], [ 126.496246337890625, 33.232639312744084 ], [ 126.47125244140625, 33.224029541015852 ], [ 126.451805114746094, 33.24041748046875 ], [ 126.432914733886719, 33.232360839843921 ], [ 126.409027099609489, 33.244861602783374 ], [ 126.379302978515852, 33.230415344238395 ], [ 126.32763671875, 33.24041748046875 ], [ 126.294860839844205, 33.222362518310547 ], [ 126.295135498046875, 33.195972442627067 ], [ 126.280418395996776, 33.200416564941634 ], [ 126.270416259765625, 33.194862365722713 ], [ 126.260971069336279, 33.200138092041072 ], [ 126.263473510742188, 33.210140228271655 ], [ 126.24930572509777, 33.212081909179972 ], [ 126.229309082031591, 33.240695953369311 ], [ 126.200691223145213, 33.246250152588118 ], [ 126.168472290039404, 33.274581909179915 ], [ 126.160697937012287, 33.290416717529411 ], [ 126.167083740234489, 33.297916412353686 ], [ 126.160972595214957, 33.333473205566406 ], [ 126.165695190429688, 33.342918395996378 ], [ 126.179862976074332, 33.346527099609432 ], [ 126.180137634277344, 33.359027862548885 ], [ 126.201805114746207, 33.365417480468807 ], [ 126.221801757812955, 33.390972137451172 ], [ 126.234580993652798, 33.389305114746378 ], [ 126.255973815918082, 33.406528472900675 ], [ 126.262641906738395, 33.43680572509777 ], [ 126.306251525879134, 33.450416564941406 ], [ 126.313468933105582, 33.469860076904581 ], [ 126.337913513183821, 33.467361450195313 ], [ 126.385971069336165, 33.49013900756853 ], [ 126.399864196777344, 33.483470916748217 ], [ 126.423751831054688, 33.495693206787109 ], [ 126.452079772949901, 33.497360229492415 ], [ 126.493469238281932, 33.521526336669979 ], [ 126.511528015137173, 33.515415191650618 ] ] ] ] } },
{ "type": "Feature", "properties": { "ID_0": 211, "ISO": "KOR", "NAME_0": "South Korea", "ID_1": 13, "NAME_1": "Jeollabuk-do", "NL_NAME_1": "???? | ????", "VARNAME_1": "Chollabuk-Do|Cholla-bukto|Jeonrabugdo|North Cholla|Zenra Hoku-do", "TYPE_1": "Do", "ENGTYPE_1": "Province" }, "geometry": { "type": "MultiPolygon", "coordinates": [ [ [ [ 126.433471679687727, 35.428737640381144 ], [ 126.432914733886719, 35.428596496582088 ], [ 126.432914733886719, 35.428749084472713 ], [ 126.433471679687727, 35.428737640381144 ] ] ], [ [ [ 126.4254150390625, 35.440971374511946 ], [ 126.428474426269531, 35.441249847412337 ], [ 126.428749084473111, 35.440418243408203 ], [ 126.4254150390625, 35.440971374511946 ] ] ], [ [ [ 126.426803588867188, 35.447917938232479 ], [ 126.428749084473111, 35.449306488037394 ], [ 126.429580688476904, 35.447639465332259 ], [ 126.426803588867188, 35.447917938232479 ] ] ], [ [ [ 126.480415344238281, 35.535137176513956 ], [ 126.483749389648779, 35.532917022705249 ], [ 126.4798583984375, 35.534027099609602 ], [ 126.480415344238281, 35.535137176513956 ] ] ], [ [ [ 126.478195190429915, 35.539028167724609 ], [ 126.484863281250114, 35.540416717529524 ], [ 126.484306335449901, 35.537361145019815 ], [ 126.478195190429915, 35.539028167724609 ] ] ], [ [ [ 126.439308166504247, 35.54486083984375 ], [ 126.44291687011787, 35.545139312744141 ], [ 126.442642211914063, 35.543193817138615 ], [ 126.439308166504247, 35.54486083984375 ] ] ], [ [ [ 126.354858398437614, 35.559307098388729 ], [ 126.357360839843977, 35.559581756592081 ], [ 126.357086181641307, 35.557918548583984 ], [ 126.354858398437614, 35.559307098388729 ] ] ], [ [ [ 126.34625244140625, 35.564582824707088 ], [ 126.348197937012287, 35.56291580200218 ], [ 126.345970153809048, 35.56291580200218 ], [ 126.34625244140625, 35.564582824707088 ] ] ], [ [ [ 126.586807250977131, 35.57430648803728 ], [ 126.590698242187614, 35.570137023926065 ], [ 126.585975646973338, 35.568473815917912 ], [ 126.586807250977131, 35.57430648803728 ] ] ], [ [ [ 126.244026184082031, 35.577915191650334 ], [ 126.249862670898551, 35.57430648803728 ], [ 126.238197326660156, 35.572639465332145 ], [ 126.244026184082031, 35.577915191650334 ] ] ], [ [ [ 126.239585876465071, 35.583751678466854 ], [ 126.241806030273438, 35.582916259765909 ], [ 126.241531372070313, 35.581806182861555 ], [ 126.239585876465071, 35.583751678466854 ] ] ], [ [ [ 126.24375152587902, 35.584583282470646 ], [ 126.245971679687727, 35.5831947326663 ], [ 126.244308471680142, 35.582916259765909 ], [ 126.24375152587902, 35.584583282470646 ] ] ], [ [ [ 126.232917785645213, 35.585693359375 ], [ 126.235420227051122, 35.584583282470646 ], [ 126.233474731445426, 35.584304809570256 ], [ 126.232917785645213, 35.585693359375 ] ] ], [ [ [ 126.251251220703466, 35.59736251831049 ], [ 126.254585266113281, 35.59736251831049 ], [ 126.2540283203125, 35.594306945800838 ], [ 126.251251220703466, 35.59736251831049 ] ] ], [ [ [ 126.26403045654331, 35.609306335449389 ], [ 126.267639160156932, 35.607082366943473 ], [ 126.264579772949901, 35.607360839844034 ], [ 126.26403045654331, 35.609306335449389 ] ] ], [ [ [ 126.291809082031705, 35.620971679687671 ], [ 126.294586181640739, 35.614028930664176 ], [ 126.289863586425781, 35.610694885254134 ], [ 126.287361145019759, 35.615139007568359 ], [ 126.291809082031705, 35.620971679687671 ] ] ], [ [ [ 126.304580688477017, 35.622081756592024 ], [ 126.315696716309276, 35.60958480834978 ], [ 126.294586181640739, 35.593753814697436 ], [ 126.29930877685581, 35.585140228271769 ], [ 126.295974731445313, 35.589862823486385 ], [ 126.294029235840412, 35.582916259765909 ], [ 126.295692443847997, 35.590137481689624 ], [ 126.292083740234375, 35.594028472900618 ], [ 126.280418395996776, 35.578765869140568 ], [ 126.265136718750114, 35.575416564941634 ], [ 126.267364501953125, 35.56541824340843 ], [ 126.254585266113281, 35.572360992431925 ], [ 126.249031066894759, 35.588470458984489 ], [ 126.270690917969432, 35.590415954590014 ], [ 126.256805419921875, 35.592918395996094 ], [ 126.257080078125, 35.598751068115405 ], [ 126.272361755371207, 35.599304199218807 ], [ 126.270690917969432, 35.608749389648438 ], [ 126.285140991211051, 35.605140686035327 ], [ 126.275413513183707, 35.617362976074219 ], [ 126.293746948242301, 35.604862213134766 ], [ 126.304580688477017, 35.622081756592024 ] ] ], [ [ [ 126.367637634277457, 35.625694274902287 ], [ 126.370414733886832, 35.623748779296989 ], [ 126.368194580078125, 35.621807098388672 ], [ 126.367637634277457, 35.625694274902287 ] ] ], [ [ [ 126.280418395996776, 35.635417938232649 ], [ 126.2923583984375, 35.634304046630916 ], [ 126.295135498046875, 35.628192901611385 ], [ 126.285140991211051, 35.620418548584098 ], [ 126.285972595214844, 35.62985992431652 ], [ 126.271804809570426, 35.62430572509794 ], [ 126.280418395996776, 35.635417938232649 ] ] ], [ [ [ 126.122642517089957, 35.645694732666243 ], [ 126.129859924316406, 35.635692596435661 ], [ 126.111526489257813, 35.638748168945369 ], [ 126.112640380859943, 35.644859313965071 ], [ 126.122642517089957, 35.645694732666243 ] ] ], [ [ [ 126.120140075684048, 35.665695190429972 ], [ 126.122642517089957, 35.663471221924055 ], [ 126.119857788085938, 35.664306640625057 ], [ 126.120140075684048, 35.665695190429972 ] ] ], [ [ [ 126.481803894043082, 35.66180419921875 ], [ 126.487915039062614, 35.660694122314396 ], [ 126.481246948242415, 35.660415649414233 ], [ 126.481803894043082, 35.66180419921875 ] ] ], [ [ [ 126.111808776856151, 35.667362213134709 ], [ 126.111808776856151, 35.65597152709978 ], [ 126.100418090820426, 35.659027099609489 ], [ 126.103469848632926, 35.664306640625057 ], [ 126.111808776856151, 35.667362213134709 ] ] ], [ [ [ 126.119583129882926, 35.669029235839844 ], [ 126.122917175292969, 35.668472290039063 ], [ 126.119026184082145, 35.66764068603527 ], [ 126.119583129882926, 35.669029235839844 ] ] ], [ [ [ 126.457359313965298, 35.676250457763899 ], [ 126.459861755371207, 35.67402648925804 ], [ 126.456802368164176, 35.674861907958984 ], [ 126.457359313965298, 35.676250457763899 ] ] ], [ [ [ 126.462913513183707, 35.678749084472656 ], [ 126.465415954590071, 35.679027557373047 ], [ 126.465415954590071, 35.677917480468864 ], [ 126.462913513183707, 35.678749084472656 ] ] ], [ [ [ 126.459030151367415, 35.728195190429915 ], [ 126.461807250977245, 35.726806640625 ], [ 126.459304809570426, 35.725692749023438 ], [ 126.459030151367415, 35.728195190429915 ] ] ], [ [ [ 126.462081909179915, 35.738471984863281 ], [ 126.471801757812727, 35.740417480468977 ], [ 126.472915649414063, 35.738750457763842 ], [ 126.462081909179915, 35.738471984863281 ] ] ], [ [ [ 126.449584960937727, 35.749027252197266 ], [ 126.462081909179915, 35.735416412353629 ], [ 126.454307556152798, 35.727916717529354 ], [ 126.45041656494152, 35.737361907958928 ], [ 126.438194274902344, 35.739860534668196 ], [ 126.449584960937727, 35.749027252197266 ] ] ], [ [ [ 126.462364196777571, 35.748474121094034 ], [ 126.47125244140625, 35.747638702392692 ], [ 126.470970153808935, 35.746807098388899 ], [ 126.462364196777571, 35.748474121094034 ] ] ], [ [ [ 126.48680877685581, 35.800693511962834 ], [ 126.492362976074219, 35.798473358154524 ], [ 126.506248474121776, 35.762359619140852 ], [ 126.48680877685581, 35.800693511962834 ] ] ], [ [ [ 126.40791320800804, 35.801250457763786 ], [ 126.413475036621094, 35.802082061767578 ], [ 126.411804199218864, 35.797637939453352 ], [ 126.40791320800804, 35.801250457763786 ] ] ], [ [ [ 126.429580688476904, 35.814025878906477 ], [ 126.433746337890739, 35.806251525878963 ], [ 126.441253662109375, 35.811527252197379 ], [ 126.442085266113281, 35.803749084472884 ], [ 126.417915344238395, 35.793193817138956 ], [ 126.417915344238395, 35.809581756591854 ], [ 126.427635192871207, 35.805137634277457 ], [ 126.429580688476904, 35.814025878906477 ] ] ], [ [ [ 126.405136108398551, 35.814304351806868 ], [ 126.405418395996662, 35.815139770507983 ], [ 126.406806945800781, 35.814582824707031 ], [ 126.405136108398551, 35.814304351806868 ] ] ], [ [ [ 126.40791320800804, 35.821804046631144 ], [ 126.409858703613281, 35.820137023925838 ], [ 126.406524658203125, 35.820972442626953 ], [ 126.40791320800804, 35.821804046631144 ] ] ], [ [ [ 126.369026184082031, 35.823471069336051 ], [ 126.374862670898438, 35.820137023925838 ], [ 126.382637023926009, 35.802360534668139 ], [ 126.374031066894645, 35.799583435058878 ], [ 126.366249084473338, 35.810417175293196 ], [ 126.369026184082031, 35.823471069336051 ] ] ], [ [ [ 126.407363891601563, 35.833194732666243 ], [ 126.426246643066406, 35.817916870117301 ], [ 126.401527404785838, 35.803749084472884 ], [ 126.402359008789631, 35.81180572509777 ], [ 126.394302368164404, 35.807918548584269 ], [ 126.386802673339957, 35.819862365722599 ], [ 126.395690917969318, 35.82069396972679 ], [ 126.398193359375, 35.812637329101563 ], [ 126.409858703613281, 35.814582824707031 ], [ 126.412361145019645, 35.824859619140625 ], [ 126.398193359375, 35.825973510742358 ], [ 126.407363891601563, 35.833194732666243 ] ] ], [ [ [ 126.474586486817088, 35.844028472900391 ], [ 126.484024047851563, 35.842082977294865 ], [ 126.472915649414063, 35.841804504394702 ], [ 126.474586486817088, 35.844028472900391 ] ] ], [ [ [ 126.444580078125455, 35.849304199218977 ], [ 126.447082519531364, 35.850139617920092 ], [ 126.446807861328693, 35.849029541015739 ], [ 126.444580078125455, 35.849304199218977 ] ] ], [ [ [ 126.337638854981151, 35.851806640625227 ], [ 126.353752136230469, 35.854305267334155 ], [ 126.356529235840185, 35.847637176513672 ], [ 126.337638854981151, 35.851806640625227 ] ] ], [ [ [ 126.330413818359375, 35.854862213134709 ], [ 126.334030151367529, 35.853473663330362 ], [ 126.329864501953125, 35.852085113525447 ], [ 126.330413818359375, 35.854862213134709 ] ] ], [ [ [ 126.3870849609375, 35.856529235840014 ], [ 126.380142211914176, 35.84708404541044 ], [ 126.358474731445313, 35.847915649414233 ], [ 126.367637634277457, 35.853473663330362 ], [ 126.3870849609375, 35.856529235840014 ] ] ], [ [ [ 126.31402587890625, 35.859306335449332 ], [ 126.327079772949219, 35.852085113525447 ], [ 126.313468933105582, 35.855693817138899 ], [ 126.31402587890625, 35.859306335449332 ] ] ], [ [ [ 126.394302368164404, 35.854305267334155 ], [ 126.426528930664404, 35.857639312744368 ], [ 126.433471679687727, 35.855415344238509 ], [ 126.394302368164404, 35.854305267334155 ] ] ], [ [ [ 126.165695190429688, 35.86430740356468 ], [ 126.168197631835938, 35.865417480468864 ], [ 126.167915344238281, 35.863471984863338 ], [ 126.165695190429688, 35.86430740356468 ] ] ], [ [ [ 126.508193969726563, 35.874305725097713 ], [ 126.49847412109375, 35.843750000000171 ], [ 126.479583740234375, 35.823749542236612 ], [ 126.488471984863395, 35.815692901611385 ], [ 126.46958160400402, 35.810138702392805 ], [ 126.462081909179915, 35.819305419922046 ], [ 126.454025268554688, 35.816528320312727 ], [ 126.458747863770213, 35.808750152588061 ], [ 126.447914123535156, 35.807361602783146 ], [ 126.44319152832054, 35.814025878906477 ], [ 126.452362060546875, 35.819862365722599 ], [ 126.440414428711051, 35.831806182861328 ], [ 126.476524353027344, 35.823471069336051 ], [ 126.508193969726563, 35.874305725097713 ] ] ], [ [ [ 126.072364807128906, 35.888748168945313 ], [ 126.07653045654331, 35.886528015136946 ], [ 126.071250915527912, 35.887638092041129 ], [ 126.072364807128906, 35.888748168945313 ] ] ], [ [ [ 126.597358703613736, 35.938751220703125 ], [ 126.599861145019645, 35.936805725097656 ], [ 126.598472595214844, 35.935695648193473 ], [ 126.597358703613736, 35.938751220703125 ] ] ], [ [ [ 126.545135498046989, 35.945693969726847 ], [ 126.547080993652685, 35.948471069335938 ], [ 126.547920227050781, 35.94680404663103 ], [ 126.545135498046989, 35.945693969726847 ] ] ], [ [ [ 126.545974731445426, 35.96374893188505 ], [ 126.552635192871094, 35.960693359375227 ], [ 126.552635192871094, 35.955417633056641 ], [ 126.54736328125, 35.955696105957031 ], [ 126.545974731445426, 35.96374893188505 ] ] ], [ [ [ 126.497642517089957, 35.983196258545036 ], [ 126.490692138672102, 35.978195190429688 ], [ 126.492080688477017, 35.980140686035156 ], [ 126.497642517089957, 35.983196258545036 ] ] ], [ [ [ 126.700141906738281, 35.993194580078239 ], [ 126.692642211914063, 35.990695953369141 ], [ 126.68930816650402, 35.991249084472884 ], [ 126.688194274902571, 35.9934730529788 ], [ 126.700141906738281, 35.993194580078239 ] ] ], [ [ [ 126.22041320800804, 35.997917175293196 ], [ 126.224304199218864, 35.991249084472884 ], [ 126.230697631836506, 35.988193511963061 ], [ 126.220695495605582, 35.986804962158317 ], [ 126.22041320800804, 35.997917175293196 ] ] ], [ [ [ 126.238746643066406, 35.99930572509777 ], [ 126.241531372070313, 35.9934730529788 ], [ 126.235137939453125, 35.989860534667969 ], [ 126.234306335449219, 35.993194580078239 ], [ 126.238746643066406, 35.99930572509777 ] ] ], [ [ [ 126.585418701172216, 35.999584197998161 ], [ 126.589027404785838, 35.99013900756853 ], [ 126.521247863769531, 35.988193511963061 ], [ 126.58652496337902, 35.991249084472884 ], [ 126.585418701172216, 35.999584197998161 ] ] ], [ [ [ 126.602638244629475, 35.997081756591854 ], [ 126.609580993652457, 35.994026184082031 ], [ 126.602081298828352, 35.989860534667969 ], [ 126.589859008789631, 35.99041748046875 ], [ 126.600692749023438, 35.991249084472884 ], [ 126.60124969482456, 35.998474121093807 ], [ 126.60708618164108, 35.999862670898722 ], [ 126.602638244629475, 35.997081756591854 ] ] ], [ [ [ 126.223472595215071, 36.000694274902514 ], [ 126.219863891601563, 35.999027252197379 ], [ 126.219581604004247, 35.999862670898722 ], [ 126.223472595215071, 36.000694274902514 ] ] ], [ [ [ 126.43376159668037, 35.42881011962902 ], [ 126.435417175292969, 35.429862976074219 ], [ 126.439308166504247, 35.430137634277628 ], [ 126.445693969726563, 35.428195953369311 ], [ 126.449302673340071, 35.431526184081974 ], [ 126.446525573730582, 35.437637329101733 ], [ 126.431808471680142, 35.432083129882926 ], [ 126.429031372070313, 35.435970306396598 ], [ 126.464584350585938, 35.480415344238281 ], [ 126.484863281250114, 35.522083282470703 ], [ 126.497642517089957, 35.509860992431641 ], [ 126.497642517089957, 35.520694732665959 ], [ 126.513191223144759, 35.531250000000114 ], [ 126.529586791992756, 35.534584045410156 ], [ 126.542358398438068, 35.525417327880973 ], [ 126.565971374511719, 35.543472290039176 ], [ 126.592918395996321, 35.540695190429915 ], [ 126.595413208007813, 35.52986145019554 ], [ 126.611526489258495, 35.560695648193644 ], [ 126.615974426269645, 35.55625152587902 ], [ 126.616806030273438, 35.569862365722656 ], [ 126.633193969726563, 35.57430648803728 ], [ 126.67624664306652, 35.54458236694353 ], [ 126.668197631836279, 35.563472747802734 ], [ 126.673751831054688, 35.568473815917912 ], [ 126.661529541015625, 35.576248168945426 ], [ 126.673751831054688, 35.585414886474609 ], [ 126.659584045410384, 35.584861755371207 ], [ 126.637359619140852, 35.599861145019759 ], [ 126.634307861328352, 35.592361450195483 ], [ 126.61875152587902, 35.594306945800838 ], [ 126.607635498046875, 35.585140228271769 ], [ 126.597358703613736, 35.59458160400419 ], [ 126.592918395996321, 35.587917327880916 ], [ 126.540969848633154, 35.588195800781477 ], [ 126.528747558594432, 35.578750610351847 ], [ 126.516525268554801, 35.580417633056641 ], [ 126.51625061035179, 35.587917327880916 ], [ 126.511253356933594, 35.578750610351847 ], [ 126.491249084473225, 35.585140228271769 ], [ 126.479583740234375, 35.602638244628906 ], [ 126.46652984619152, 35.597637176513899 ], [ 126.458747863770213, 35.611804962158487 ], [ 126.469863891601563, 35.629028320312727 ], [ 126.456527709961506, 35.637084960937784 ], [ 126.501808166504361, 35.655418395996207 ], [ 126.529029846191634, 35.677082061767692 ], [ 126.531806945801463, 35.690692901611328 ], [ 126.554031372070313, 35.69708251953125 ], [ 126.532638549805256, 35.725418090820426 ], [ 126.519584655761946, 35.729862213134822 ], [ 126.51625061035179, 35.740417480468977 ], [ 126.531806945801463, 35.731250762939567 ], [ 126.570419311523665, 35.686248779297102 ], [ 126.56903076171875, 35.694026947021598 ], [ 126.576248168945995, 35.693748474121207 ], [ 126.627914428711051, 35.749027252197266 ], [ 126.626808166504247, 35.781528472900618 ], [ 126.620414733886719, 35.787082672119197 ], [ 126.631530761718864, 35.800140380859432 ], [ 126.651252746582031, 35.792083740234602 ], [ 126.700141906738281, 35.798194885254134 ], [ 126.747642517089844, 35.78791809082054 ], [ 126.769859313965185, 35.772914886474837 ], [ 126.776802062988281, 35.751251220703125 ], [ 126.793472290039176, 35.752082824707088 ], [ 126.80069732666027, 35.743194580078296 ], [ 126.795135498046875, 35.753192901611271 ], [ 126.778198242187614, 35.755416870117188 ], [ 126.781806945801236, 35.803195953369141 ], [ 126.750419616699219, 35.810138702392805 ], [ 126.684585571289517, 35.843193054199219 ], [ 126.697364807129361, 35.856803894043082 ], [ 126.730697631836051, 35.867084503173828 ], [ 126.789863586426236, 35.864582061767521 ], [ 126.799583435058821, 35.874305725097713 ], [ 126.800415039062614, 35.892360687255916 ], [ 126.831253051758267, 35.904582977295036 ], [ 126.787086486816634, 35.903472900390852 ], [ 126.769584655761719, 35.889305114746264 ], [ 126.7379150390625, 35.894306182861442 ], [ 126.717086791992415, 35.885139465332202 ], [ 126.682640075683707, 35.893749237060831 ], [ 126.668197631836279, 35.883193969726733 ], [ 126.613471984863281, 35.885692596435604 ], [ 126.615417480469318, 35.942081451416016 ], [ 126.593475341797443, 35.947917938232706 ], [ 126.539024353027457, 35.942359924316577 ], [ 126.525970458984602, 35.918193817138842 ], [ 126.534858703613963, 35.942359924316577 ], [ 126.521530151367188, 35.947639465332145 ], [ 126.521530151367188, 35.967918395996264 ], [ 126.523750305175895, 35.951526641845817 ], [ 126.538749694824446, 35.943748474121321 ], [ 126.567359924316634, 35.946250915527401 ], [ 126.567642211914176, 35.952083587646769 ], [ 126.547080993652685, 35.968471527099666 ], [ 126.559860229492529, 35.971248626708984 ], [ 126.520973205566406, 35.972637176513899 ], [ 126.613746643066406, 35.980693817138956 ], [ 126.620414733886719, 35.970695495605582 ], [ 126.622085571289631, 35.97874832153343 ], [ 126.680694580078125, 35.983470916748047 ], [ 126.693191528320313, 35.987361907959269 ], [ 126.704582214355582, 35.995414733886946 ], [ 126.73902893066429, 35.986804962158317 ], [ 126.753196716309048, 36.001804351806868 ], [ 126.75653076171875, 36.013195037841797 ], [ 126.741249084472997, 36.017917633056925 ], [ 126.752403259277344, 36.025779724121151 ], [ 126.78228759765625, 36.036682128906364 ], [ 126.814208984375, 36.037109374999943 ], [ 126.823394775390739, 36.049041748047102 ], [ 126.8634033203125, 36.068389892578068 ], [ 126.873474121094091, 36.085876464843864 ], [ 126.865180969238395, 36.087547302246151 ], [ 126.87588500976608, 36.126556396484318 ], [ 126.894317626953125, 36.144805908203182 ], [ 126.910125732421875, 36.144012451172102 ], [ 126.941284179687614, 36.159698486328239 ], [ 127.025695800781477, 36.133880615234432 ], [ 127.05072021484375, 36.07891845703125 ], [ 127.0950927734375, 36.068115234375227 ], [ 127.126182556152344, 36.067276000976563 ], [ 127.132080078125, 36.080204010009822 ], [ 127.145385742187727, 36.077484130859659 ], [ 127.193481445312841, 36.096496582031477 ], [ 127.226989746093864, 36.089202880859375 ], [ 127.240509033203125, 36.1044921875 ], [ 127.306488037109375, 36.128074645996207 ], [ 127.367492675781477, 36.06707763671875 ], [ 127.389801025391193, 36.020843505859659 ], [ 127.455902099609602, 35.991424560547102 ], [ 127.537384033203125, 36.001586914062614 ], [ 127.550292968750114, 35.975692749023381 ], [ 127.614875793457259, 35.973602294921875 ], [ 127.643463134765739, 35.9888916015625 ], [ 127.653945922851563, 36.024017333984432 ], [ 127.674102783203352, 36.004821777343864 ], [ 127.73480224609375, 36.004272460937614 ], [ 127.757148742676122, 35.991699218750114 ], [ 127.79449462890625, 35.99310302734375 ], [ 127.826416015625, 36.006500244140852 ], [ 127.849884033203125, 35.996093749999943 ], [ 127.879287719727017, 36.002128601074276 ], [ 127.918518066406591, 35.941101074218807 ], [ 127.91131591796875, 35.86529541015625 ], [ 127.858489990234375, 35.823394775390852 ], [ 127.832885742187727, 35.824707031250057 ], [ 127.798095703125455, 35.808685302734432 ], [ 127.776351928711392, 35.814666748046989 ], [ 127.764709472656705, 35.79931640625 ], [ 127.761489868164404, 35.7742919921875 ], [ 127.71649169921875, 35.751708984375114 ], [ 127.692504882812727, 35.717102050781421 ], [ 127.694702148437727, 35.672302246093807 ], [ 127.66619873046875, 35.642395019531477 ], [ 127.675994873046989, 35.595977783203125 ], [ 127.629089355468977, 35.535095214843693 ], [ 127.694793701172102, 35.379608154296989 ], [ 127.68109130859375, 35.359802246093693 ], [ 127.645202636718977, 35.351715087890852 ], [ 127.641311645508267, 35.336807250976619 ], [ 127.648803710937614, 35.316284179687614 ], [ 127.641296386718977, 35.291076660156307 ], [ 127.617118835449219, 35.269691467285384 ], [ 127.51361083984375, 35.323913574218864 ], [ 127.469696044921875, 35.328491210937614 ], [ 127.426460266113281, 35.324020385742244 ], [ 127.393493652344205, 35.29327392578125 ], [ 127.341293334961279, 35.293762207031364 ], [ 127.319976806640739, 35.285278320312671 ], [ 127.291641235352017, 35.297817230224837 ], [ 127.22578430175804, 35.303241729736442 ], [ 127.143753051758154, 35.296249389648551 ], [ 127.106346130371094, 35.307350158691349 ], [ 127.113800048828466, 35.362396240234602 ], [ 127.090202331542969, 35.380825042724723 ], [ 127.064613342285384, 35.426189422607649 ], [ 127.051330566406364, 35.430908203125114 ], [ 126.993659973144759, 35.380996704101563 ], [ 126.970764160156477, 35.3907470703125 ], [ 126.957702636718977, 35.41229248046875 ], [ 126.875801086425781, 35.463966369628906 ], [ 126.79117584228527, 35.441486358642862 ], [ 126.789230346679688, 35.38877105712902 ], [ 126.743621826171875, 35.325103759765796 ], [ 126.709671020507813, 35.323410034179688 ], [ 126.665046691894531, 35.305786132812614 ], [ 126.614944458007926, 35.309906005859602 ], [ 126.563827514648551, 35.291656494140909 ], [ 126.502754211426236, 35.346050262451399 ], [ 126.503959655762401, 35.35780334472679 ], [ 126.4910888671875, 35.37109375 ], [ 126.467353820801122, 35.386051177978686 ], [ 126.468154907226676, 35.408546447754134 ], [ 126.456558227539063, 35.419464111328239 ], [ 126.435302734375341, 35.423706054687443 ], [ 126.43376159668037, 35.42881011962902 ] ] ] ] } },
{ "type": "Feature", "properties": { "ID_0": 211, "ISO": "KOR", "NAME_0": "South Korea", "ID_1": 14, "NAME_1": "Jeollanam-do", "NL_NAME_1": "???? | ????", "VARNAME_1": "Chollanam-Do|Cholla-namdo|Jeonranamdo|South Cholla|Zenra Nan-do", "TYPE_1": "Do", "ENGTYPE_1": "Province" }, "geometry": { "type": "MultiPolygon", "coordinates": [ [ [ [ 126.356529235840185, 33.728748321533374 ], [ 126.359306335449219, 33.730415344238281 ], [ 126.359306335449219, 33.728195190429744 ], [ 126.356529235840185, 33.728748321533374 ] ] ], [ [ [ 126.342361450195426, 33.905139923095817 ], [ 126.345413208007926, 33.900970458984602 ], [ 126.343475341796875, 33.900695800781421 ], [ 126.342361450195426, 33.905139923095817 ] ] ], [ [ [ 126.321525573730469, 33.912918090820313 ], [ 126.327079772949219, 33.914585113525618 ], [ 126.325973510742301, 33.908473968505859 ], [ 126.321525573730469, 33.912918090820313 ] ] ], [ [ [ 126.63652801513706, 33.918193817138672 ], [ 126.636802673339844, 33.921527862548942 ], [ 126.642913818359375, 33.920970916748161 ], [ 126.63652801513706, 33.918193817138672 ] ] ], [ [ [ 126.310417175293082, 33.940692901611499 ], [ 126.313468933105582, 33.939582824707145 ], [ 126.309303283691634, 33.939304351806584 ], [ 126.310417175293082, 33.940692901611499 ] ] ], [ [ [ 126.377914428710938, 33.966251373291186 ], [ 126.379859924316975, 33.964305877685717 ], [ 126.377082824707145, 33.963748931884766 ], [ 126.377914428710938, 33.966251373291186 ] ] ], [ [ [ 126.28375244140625, 33.971248626709041 ], [ 126.303474426269645, 33.953750610351563 ], [ 126.341804504394645, 33.956249237060661 ], [ 126.342636108398438, 33.946250915527628 ], [ 126.330413818359375, 33.944026947021769 ], [ 126.329582214355582, 33.929862976074162 ], [ 126.319305419921989, 33.929027557373217 ], [ 126.309860229492756, 33.947360992431641 ], [ 126.282081604004361, 33.961250305176009 ], [ 126.288192749023551, 33.962360382080192 ], [ 126.28375244140625, 33.971248626709041 ] ] ], [ [ [ 126.305969238281932, 33.974861145019815 ], [ 126.308746337890625, 33.972915649414347 ], [ 126.305694580078125, 33.97319412231451 ], [ 126.305969238281932, 33.974861145019815 ] ] ], [ [ [ 126.292640686035497, 33.983749389648665 ], [ 126.29624938964912, 33.98208236694353 ], [ 126.29319763183662, 33.981529235839957 ], [ 126.292640686035497, 33.983749389648665 ] ] ], [ [ [ 126.34625244140625, 33.981250762939737 ], [ 126.353195190429688, 33.983196258545092 ], [ 126.353469848633495, 33.980972290039176 ], [ 126.34625244140625, 33.981250762939737 ] ] ], [ [ [ 126.316802978515739, 33.988750457763672 ], [ 126.324028015136719, 33.9879150390625 ], [ 126.3245849609375, 33.984584808349837 ], [ 126.316802978515739, 33.988750457763672 ] ] ], [ [ [ 126.9093017578125, 33.984027862548885 ], [ 126.932357788086279, 33.985973358154354 ], [ 126.937637329102017, 33.972637176513956 ], [ 126.914306640625227, 33.969581604003906 ], [ 126.9093017578125, 33.984027862548885 ] ] ], [ [ [ 126.247917175292969, 33.989860534668196 ], [ 126.25235748291027, 33.98569488525419 ], [ 126.245414733886719, 33.987361907959098 ], [ 126.247917175292969, 33.989860534668196 ] ] ], [ [ [ 126.379585266113509, 33.990970611572379 ], [ 126.377914428710938, 33.991527557373161 ], [ 126.379859924316975, 33.991806030273722 ], [ 126.379585266113509, 33.990970611572379 ] ] ], [ [ [ 126.394302368164404, 33.994304656982422 ], [ 126.392639160156818, 33.994861602783374 ], [ 126.394302368164404, 33.995140075683594 ], [ 126.394302368164404, 33.994304656982422 ] ] ], [ [ [ 126.3579177856451, 34.006805419922102 ], [ 126.361251831054801, 34.005973815917912 ], [ 126.358474731445313, 34.005138397216797 ], [ 126.3579177856451, 34.006805419922102 ] ] ], [ [ [ 126.329307556152912, 34.010417938232536 ], [ 126.347084045410156, 34.010139465332145 ], [ 126.353469848633495, 34.005973815917912 ], [ 126.329307556152912, 34.010417938232536 ] ] ], [ [ [ 127.316253662109489, 34.014026641845987 ], [ 127.32541656494152, 34.013748168945426 ], [ 127.323753356933935, 34.004028320312614 ], [ 127.316253662109489, 34.014026641845987 ] ] ], [ [ [ 127.323753356933935, 34.022361755371207 ], [ 127.324302673340526, 34.0206947326663 ], [ 127.323471069335938, 34.020973205566463 ], [ 127.323753356933935, 34.022361755371207 ] ] ], [ [ [ 127.308197021484375, 34.027084350586222 ], [ 127.324302673340526, 34.02652740478527 ], [ 127.323753356933935, 34.023750305175781 ], [ 127.308197021484375, 34.027084350586222 ] ] ], [ [ [ 127.605415344238395, 34.040695190429858 ], [ 127.609024047852017, 34.032917022705192 ], [ 127.6129150390625, 34.028751373291129 ], [ 127.605697631836051, 34.030693054199276 ], [ 127.605415344238395, 34.040695190429858 ] ] ], [ [ [ 127.355415344238622, 34.042640686035327 ], [ 127.362915039062727, 34.042640686035327 ], [ 127.359863281250227, 34.037639617920149 ], [ 127.355415344238622, 34.042640686035327 ] ] ], [ [ [ 127.587913513183935, 34.052639007568359 ], [ 127.589859008789063, 34.050140380859602 ], [ 127.587081909180142, 34.050971984863395 ], [ 127.587913513183935, 34.052639007568359 ] ] ], [ [ [ 127.3870849609375, 34.062637329101733 ], [ 127.393196105957031, 34.061527252197379 ], [ 127.39847564697277, 34.054306030273665 ], [ 127.384864807128906, 34.052639007568359 ], [ 127.3870849609375, 34.062637329101733 ] ] ], [ [ [ 127.307357788085938, 34.062915802002124 ], [ 127.317359924316406, 34.055973052978572 ], [ 127.323196411132813, 34.060417175293026 ], [ 127.33430480957054, 34.034305572509936 ], [ 127.312919616699332, 34.040138244628906 ], [ 127.303474426269645, 34.056804656982365 ], [ 127.307357788085938, 34.062915802002124 ] ] ], [ [ [ 127.293746948242301, 34.063472747802678 ], [ 127.299308776855696, 34.057083129882756 ], [ 127.292640686035838, 34.049026489258097 ], [ 127.296806335449332, 34.032360076904411 ], [ 127.314025878906591, 34.010971069335938 ], [ 127.294303894043423, 34.014305114746378 ], [ 127.280136108398665, 34.037361145019759 ], [ 127.28152465820358, 34.051528930664176 ], [ 127.275138854980469, 34.053195953369311 ], [ 127.279861450195995, 34.060138702392805 ], [ 127.294029235839844, 34.055416107178019 ], [ 127.293746948242301, 34.063472747802678 ] ] ], [ [ [ 127.58597564697277, 34.065418243408203 ], [ 127.58652496337902, 34.055137634277457 ], [ 127.584030151367642, 34.052639007568359 ], [ 127.580970764160156, 34.059860229492415 ], [ 127.58597564697277, 34.065418243408203 ] ] ], [ [ [ 125.098197937011832, 34.096248626709098 ], [ 125.123474121093864, 34.086807250976676 ], [ 125.122917175293537, 34.071804046630916 ], [ 125.144027709961279, 34.049583435058651 ], [ 125.122360229492415, 34.046527862548828 ], [ 125.112358093262401, 34.063751220703239 ], [ 125.085418701171989, 34.073749542236442 ], [ 125.09430694580135, 34.074306488037223 ], [ 125.098197937011832, 34.096248626709098 ] ] ], [ [ [ 126.575141906738281, 34.113750457763899 ], [ 126.577079772949787, 34.113750457763899 ], [ 126.576805114746321, 34.112640380859546 ], [ 126.575141906738281, 34.113750457763899 ] ] ], [ [ [ 126.585136413574219, 34.113471984863338 ], [ 126.603195190429801, 34.104026794433764 ], [ 126.604583740234375, 34.09708404541044 ], [ 126.582916259766307, 34.098751068115348 ], [ 126.589859008789631, 34.104862213134709 ], [ 126.585136413574219, 34.113471984863338 ] ] ], [ [ [ 127.509307861328352, 34.11430740356468 ], [ 127.514305114746094, 34.115695953369254 ], [ 127.51513671875, 34.113471984863338 ], [ 127.509307861328352, 34.11430740356468 ] ] ], [ [ [ 125.092918395996435, 34.115695953369254 ], [ 125.095695495605469, 34.115139007568473 ], [ 125.092918395996435, 34.11430740356468 ], [ 125.092918395996435, 34.115695953369254 ] ] ], [ [ [ 125.081802368164176, 34.116806030273608 ], [ 125.087364196778026, 34.116527557373047 ], [ 125.086524963378906, 34.115139007568473 ], [ 125.081802368164176, 34.116806030273608 ] ] ], [ [ [ 126.517639160156705, 34.119304656982706 ], [ 126.519859313965412, 34.117084503173999 ], [ 126.518196105957031, 34.116527557373047 ], [ 126.517639160156705, 34.119304656982706 ] ] ], [ [ [ 126.572914123535156, 34.127639770508097 ], [ 126.574584960937614, 34.127082824706974 ], [ 126.573196411133495, 34.126525878906421 ], [ 126.572914123535156, 34.127639770508097 ] ] ], [ [ [ 126.566253662109375, 34.132915496826342 ], [ 126.572639465332372, 34.129581451416243 ], [ 126.566253662109375, 34.127639770508097 ], [ 126.566253662109375, 34.132915496826342 ] ] ], [ [ [ 126.491806030273551, 34.142639160156477 ], [ 126.493194580078125, 34.141250610351733 ], [ 126.492080688477017, 34.140972137451172 ], [ 126.491806030273551, 34.142639160156477 ] ] ], [ [ [ 126.496528625488622, 34.14347076416044 ], [ 126.499305725097656, 34.142082214355526 ], [ 126.496246337890625, 34.140693664550781 ], [ 126.496528625488622, 34.14347076416044 ] ] ], [ [ [ 126.585693359375, 34.144306182861442 ], [ 126.588470458984716, 34.144584655762003 ], [ 126.589302062988509, 34.143196105957088 ], [ 126.585693359375, 34.144306182861442 ] ] ], [ [ [ 126.488197326660725, 34.144859313964844 ], [ 126.491531372070426, 34.145416259765796 ], [ 126.490692138672102, 34.14347076416044 ], [ 126.488197326660725, 34.144859313964844 ] ] ], [ [ [ 126.89902496337902, 34.148193359375057 ], [ 126.900413513183594, 34.14625167846674 ], [ 126.899581909179688, 34.145973205566349 ], [ 126.89902496337902, 34.148193359375057 ] ] ], [ [ [ 126.489585876464844, 34.14680480957054 ], [ 126.490135192871094, 34.147914886474894 ], [ 126.491806030273551, 34.147083282470703 ], [ 126.489585876464844, 34.14680480957054 ] ] ], [ [ [ 126.585136413574219, 34.154582977294979 ], [ 126.587364196777457, 34.152915954590071 ], [ 126.585693359375, 34.15263748168951 ], [ 126.585136413574219, 34.154582977294979 ] ] ], [ [ [ 126.748748779297102, 34.156528472900504 ], [ 126.749862670898438, 34.147914886474894 ], [ 126.745140075683594, 34.14625167846674 ], [ 126.744026184082031, 34.150138854980582 ], [ 126.748748779297102, 34.156528472900504 ] ] ], [ [ [ 125.940696716308707, 34.162082672119084 ], [ 125.948471069335938, 34.145416259765796 ], [ 125.945693969726904, 34.140415191650618 ], [ 125.937637329101676, 34.152915954590071 ], [ 125.940696716308707, 34.162082672119084 ] ] ], [ [ [ 126.475418090820881, 34.171249389648665 ], [ 126.481803894043082, 34.168750762939567 ], [ 126.477912902832259, 34.162918090820426 ], [ 126.475418090820881, 34.171249389648665 ] ] ], [ [ [ 126.450973510742188, 34.170696258544922 ], [ 126.456253051757926, 34.168750762939567 ], [ 126.455970764160384, 34.166805267334269 ], [ 126.450973510742188, 34.170696258544922 ] ] ], [ [ [ 126.611251831054688, 34.173473358154581 ], [ 126.6129150390625, 34.171806335449276 ], [ 126.610694885253906, 34.172084808349837 ], [ 126.611251831054688, 34.173473358154581 ] ] ], [ [ [ 126.558197021484943, 34.171249389648665 ], [ 126.567359924316634, 34.17319488525419 ], [ 126.567085266113963, 34.171527862549055 ], [ 126.558197021484943, 34.171249389648665 ] ] ], [ [ [ 126.591804504394531, 34.175693511962891 ], [ 126.595138549805029, 34.172916412353629 ], [ 126.59124755859375, 34.174583435058537 ], [ 126.591804504394531, 34.175693511962891 ] ] ], [ [ [ 127.353469848632926, 34.180416107177905 ], [ 127.358749389648438, 34.175971984863281 ], [ 127.355415344238622, 34.169860839843921 ], [ 127.350692749024006, 34.17319488525419 ], [ 127.353469848632926, 34.180416107177905 ] ] ], [ [ [ 126.540412902832031, 34.182361602783203 ], [ 126.555419921875114, 34.168193817138615 ], [ 126.570137023926463, 34.170696258544922 ], [ 126.575416564941406, 34.160972595214901 ], [ 126.585136413574219, 34.169860839843921 ], [ 126.6209716796875, 34.165138244629134 ], [ 126.624305725098338, 34.156528472900504 ], [ 126.615417480469318, 34.148193359375057 ], [ 126.603752136230469, 34.160415649414347 ], [ 126.603195190429801, 34.145694732666186 ], [ 126.590972900390625, 34.163471221923999 ], [ 126.578475952148892, 34.157638549804688 ], [ 126.576530456542969, 34.144584655762003 ], [ 126.566253662109375, 34.144306182861442 ], [ 126.546524047851563, 34.126251220703182 ], [ 126.512359619140966, 34.121528625488395 ], [ 126.503471374511946, 34.138748168945313 ], [ 126.509025573730469, 34.144027709961051 ], [ 126.504302978515739, 34.160415649414347 ], [ 126.540412902832031, 34.182361602783203 ] ] ], [ [ [ 126.62180328369152, 34.185974121094034 ], [ 126.624580383301009, 34.184307098388899 ], [ 126.6209716796875, 34.185138702392692 ], [ 126.62180328369152, 34.185974121094034 ] ] ], [ [ [ 126.5837478637701, 34.185974121094034 ], [ 126.586250305176009, 34.184028625488509 ], [ 126.5837478637701, 34.183750152588118 ], [ 126.5837478637701, 34.185974121094034 ] ] ], [ [ [ 127.073753356934162, 34.188194274902571 ], [ 127.07624816894554, 34.185417175293082 ], [ 127.071250915527344, 34.185138702392692 ], [ 127.073753356934162, 34.188194274902571 ] ] ], [ [ [ 126.446807861328693, 34.189025878906534 ], [ 126.448471069336279, 34.187637329101619 ], [ 126.44736480712902, 34.187084197998217 ], [ 126.446807861328693, 34.189025878906534 ] ] ], [ [ [ 126.92069244384777, 34.187084197998217 ], [ 126.930137634277571, 34.189861297607479 ], [ 126.931251525878906, 34.188472747802734 ], [ 126.92069244384777, 34.187084197998217 ] ] ], [ [ [ 126.844306945801009, 34.191806793213004 ], [ 126.848472595214844, 34.188194274902571 ], [ 126.844024658203352, 34.190692901611271 ], [ 126.844306945801009, 34.191806793213004 ] ] ], [ [ [ 126.47125244140625, 34.190971374511832 ], [ 126.48680877685581, 34.186805725097827 ], [ 126.479026794433707, 34.176528930664063 ], [ 126.47125244140625, 34.190971374511832 ] ] ], [ [ [ 127.071525573730923, 34.193195343017749 ], [ 127.080696105957145, 34.191806793213004 ], [ 127.068473815918423, 34.190971374511832 ], [ 127.071525573730923, 34.193195343017749 ] ] ], [ [ [ 126.617637634278026, 34.19597244262701 ], [ 126.621528625488509, 34.193748474121321 ], [ 126.617080688476904, 34.194862365722656 ], [ 126.617637634278026, 34.19597244262701 ] ] ], [ [ [ 127.074302673339844, 34.195693969726847 ], [ 127.077079772949332, 34.196529388427962 ], [ 127.077362060546989, 34.19597244262701 ], [ 127.074302673339844, 34.195693969726847 ] ] ], [ [ [ 126.626251220703125, 34.198192596435547 ], [ 126.629859924316747, 34.196804046630803 ], [ 126.629585266113281, 34.19597244262701 ], [ 126.626251220703125, 34.198192596435547 ] ] ], [ [ [ 125.85375213623081, 34.196529388427962 ], [ 125.863746643066634, 34.196804046630803 ], [ 125.862083435059048, 34.192916870117188 ], [ 125.85375213623081, 34.196529388427962 ] ] ], [ [ [ 126.487083435058594, 34.198471069336108 ], [ 126.494857788086051, 34.196804046630803 ], [ 126.48680877685581, 34.197082519531193 ], [ 126.487083435058594, 34.198471069336108 ] ] ], [ [ [ 126.650695800781818, 34.200138092041243 ], [ 126.684860229492415, 34.181251525878849 ], [ 126.655693054199219, 34.170970916748274 ], [ 126.66874694824287, 34.161804199218693 ], [ 126.669303894043082, 34.14930725097679 ], [ 126.68319702148483, 34.149028778076399 ], [ 126.680419921875, 34.139583587646428 ], [ 126.66874694824287, 34.142917633056868 ], [ 126.670135498046875, 34.11986160278326 ], [ 126.660697937011832, 34.110694885254077 ], [ 126.650138854980696, 34.114860534668253 ], [ 126.649581909179688, 34.130416870117244 ], [ 126.637084960938182, 34.122081756591967 ], [ 126.62763977050804, 34.14625167846674 ], [ 126.652084350585938, 34.169303894042969 ], [ 126.632919311523438, 34.187362670898381 ], [ 126.642364501953125, 34.186527252197266 ], [ 126.650695800781818, 34.200138092041243 ] ] ], [ [ [ 126.506248474121776, 34.20486068725603 ], [ 126.51902770996162, 34.197917938232536 ], [ 126.510139465332259, 34.186248779296875 ], [ 126.485969543457486, 34.178195953369197 ], [ 126.506248474121776, 34.20486068725603 ] ] ], [ [ [ 127.14347076416027, 34.203193664550724 ], [ 127.149307250976563, 34.203193664550724 ], [ 127.146530151367415, 34.199859619140852 ], [ 127.14347076416027, 34.203193664550724 ] ] ], [ [ [ 126.538749694824446, 34.203193664550724 ], [ 126.547080993652685, 34.199859619140852 ], [ 126.539306640625568, 34.197639465332315 ], [ 126.538749694824446, 34.203193664550724 ] ] ], [ [ [ 125.488471984863509, 34.202362060546932 ], [ 125.491531372070995, 34.20513916015625 ], [ 125.492080688476676, 34.199306488037109 ], [ 125.488471984863509, 34.202362060546932 ] ] ], [ [ [ 126.84458160400402, 34.202915191650561 ], [ 126.848197937011832, 34.20486068725603 ], [ 126.858192443847656, 34.204029083252237 ], [ 126.858749389648438, 34.202640533447322 ], [ 126.84458160400402, 34.202915191650561 ] ] ], [ [ [ 126.63069152832054, 34.207359313964957 ], [ 126.639305114746094, 34.20486068725603 ], [ 126.632637023925781, 34.203472137451115 ], [ 126.63069152832054, 34.207359313964957 ] ] ], [ [ [ 127.175971984863395, 34.209861755371037 ], [ 127.167640686035156, 34.201248168945426 ], [ 127.149864196777571, 34.205970764160384 ], [ 127.159584045410725, 34.209026336670092 ], [ 127.175971984863395, 34.209861755371037 ] ] ], [ [ [ 127.197914123535725, 34.210693359375 ], [ 127.200141906738963, 34.207916259765739 ], [ 127.199028015136719, 34.2081947326663 ], [ 127.197914123535725, 34.210693359375 ] ] ], [ [ [ 126.625419616699332, 34.210971832275391 ], [ 126.626808166504247, 34.209026336670092 ], [ 126.623748779297216, 34.207916259765739 ], [ 126.625419616699332, 34.210971832275391 ] ] ], [ [ [ 126.764305114746776, 34.211528778076172 ], [ 126.774581909179801, 34.19597244262701 ], [ 126.760414123535156, 34.175971984863281 ], [ 126.749305725098225, 34.187362670898381 ], [ 126.750419616699219, 34.201248168945426 ], [ 126.764305114746776, 34.211528778076172 ] ] ], [ [ [ 127.260971069336165, 34.211807250976563 ], [ 127.263191223144531, 34.212360382080305 ], [ 127.263473510742529, 34.211528778076172 ], [ 127.260971069336165, 34.211807250976563 ] ] ], [ [ [ 127.235420227051463, 34.213470458984659 ], [ 127.238197326660156, 34.212917327881087 ], [ 127.235969543457145, 34.211250305175952 ], [ 127.235420227051463, 34.213470458984659 ] ] ], [ [ [ 125.473197937011832, 34.214862823486612 ], [ 125.472084045410838, 34.207916259765739 ], [ 125.485420227051009, 34.20513916015625 ], [ 125.46652984619152, 34.201805114746378 ], [ 125.466247558593977, 34.212638854980696 ], [ 125.473197937011832, 34.214862823486612 ] ] ], [ [ [ 127.007919311523438, 34.214305877685661 ], [ 127.011528015136719, 34.21402740478527 ], [ 127.011253356934048, 34.212638854980696 ], [ 127.007919311523438, 34.214305877685661 ] ] ], [ [ [ 127.131530761718864, 34.216526031494368 ], [ 127.134582519531364, 34.216526031494368 ], [ 127.13486480712902, 34.215972900390568 ], [ 127.131530761718864, 34.216526031494368 ] ] ], [ [ [ 126.515693664550781, 34.217639923095874 ], [ 126.515419006347997, 34.20847320556669 ], [ 126.508750915527344, 34.20847320556669 ], [ 126.512641906738281, 34.211528778076172 ], [ 126.515693664550781, 34.217639923095874 ] ] ], [ [ [ 126.89152526855537, 34.217639923095874 ], [ 126.911529541015739, 34.212917327881087 ], [ 126.904029846191406, 34.202362060546932 ], [ 126.912361145019531, 34.194583892822493 ], [ 126.907081604003906, 34.184028625488509 ], [ 126.91986083984375, 34.187084197998217 ], [ 126.925697326660156, 34.174583435058537 ], [ 126.918472290039063, 34.158195495605639 ], [ 126.907638549804915, 34.150138854980582 ], [ 126.899307250976676, 34.155418395996321 ], [ 126.881805419922557, 34.149028778076399 ], [ 126.864860534667969, 34.165416717529354 ], [ 126.855697631835938, 34.150417327880973 ], [ 126.848472595214844, 34.163471221923999 ], [ 126.85930633544956, 34.171527862549055 ], [ 126.847084045410838, 34.174861907958928 ], [ 126.857635498046989, 34.177917480468977 ], [ 126.857360839843864, 34.200138092041243 ], [ 126.89152526855537, 34.217639923095874 ] ] ], [ [ [ 125.8468017578125, 34.21402740478527 ], [ 125.857086181640625, 34.218193054199276 ], [ 125.864860534668082, 34.206249237060774 ], [ 125.8468017578125, 34.21402740478527 ] ] ], [ [ [ 126.98819732666027, 34.218750000000227 ], [ 126.992637634277685, 34.216804504394759 ], [ 126.990135192871776, 34.215415954590014 ], [ 126.98819732666027, 34.218750000000227 ] ] ], [ [ [ 125.858749389648438, 34.220973968506144 ], [ 125.861808776855582, 34.218750000000227 ], [ 125.858474731445426, 34.218467712402514 ], [ 125.858749389648438, 34.220973968506144 ] ] ], [ [ [ 127.19347381591831, 34.220973968506144 ], [ 127.200973510742756, 34.218193054199276 ], [ 127.193748474121094, 34.215972900390568 ], [ 127.19347381591831, 34.220973968506144 ] ] ], [ [ [ 126.61875152587902, 34.221805572509936 ], [ 126.6209716796875, 34.223751068115234 ], [ 126.621246337890852, 34.22236251831049 ], [ 126.61875152587902, 34.221805572509936 ] ] ], [ [ [ 127.220138549804801, 34.224582672119197 ], [ 127.221252441406705, 34.220417022705192 ], [ 127.217361450195426, 34.22319412231468 ], [ 127.220138549804801, 34.224582672119197 ] ] ], [ [ [ 127.003471374511832, 34.224304199219034 ], [ 127.012916564941634, 34.220973968506144 ], [ 127.003196716308821, 34.222084045410327 ], [ 127.003471374511832, 34.224304199219034 ] ] ], [ [ [ 126.160697937012287, 34.224861145019588 ], [ 126.165138244628906, 34.220973968506144 ], [ 126.160140991211165, 34.222084045410327 ], [ 126.160697937012287, 34.224861145019588 ] ] ], [ [ [ 126.148475646972656, 34.226249694824503 ], [ 126.153472900390852, 34.224861145019588 ], [ 126.153472900390852, 34.222637176513729 ], [ 126.148475646972656, 34.226249694824503 ] ] ], [ [ [ 125.841804504394759, 34.227638244628906 ], [ 125.849304199219205, 34.224582672119197 ], [ 125.845970153808594, 34.218471527099666 ], [ 125.8406982421875, 34.219306945801009 ], [ 125.841804504394759, 34.227638244628906 ] ] ], [ [ [ 126.380416870117301, 34.227359771728516 ], [ 126.385139465332372, 34.22541809082054 ], [ 126.38153076171875, 34.223751068115234 ], [ 126.380416870117301, 34.227359771728516 ] ] ], [ [ [ 126.162086486816406, 34.22874832153343 ], [ 126.164863586425781, 34.227085113525504 ], [ 126.16180419921875, 34.227638244628906 ], [ 126.162086486816406, 34.22874832153343 ] ] ], [ [ [ 126.406524658203125, 34.22874832153343 ], [ 126.405975341796989, 34.224304199219034 ], [ 126.403198242187955, 34.224029541015796 ], [ 126.406524658203125, 34.22874832153343 ] ] ], [ [ [ 126.087081909180256, 34.227638244628906 ], [ 126.089302062988963, 34.227916717529297 ], [ 126.089027404785156, 34.227085113525504 ], [ 126.087081909180256, 34.227638244628906 ] ] ], [ [ [ 126.7701416015625, 34.229583740234602 ], [ 126.778472900390625, 34.227085113525504 ], [ 126.778472900390625, 34.223751068115234 ], [ 126.771804809570426, 34.221805572509936 ], [ 126.7701416015625, 34.229583740234602 ] ] ], [ [ [ 125.987915039062727, 34.229862213134766 ], [ 125.991806030273551, 34.227638244628906 ], [ 125.98847198486385, 34.227638244628906 ], [ 125.987915039062727, 34.229862213134766 ] ] ], [ [ [ 127.459304809570426, 34.227359771728516 ], [ 127.464859008789176, 34.22874832153343 ], [ 127.468750000000114, 34.225971221923942 ], [ 127.459304809570426, 34.227359771728516 ] ] ], [ [ [ 127.264030456543651, 34.233470916748217 ], [ 127.266525268555029, 34.23125076293951 ], [ 127.264305114746321, 34.23125076293951 ], [ 127.264030456543651, 34.233470916748217 ] ] ], [ [ [ 126.565971374511719, 34.235416412353572 ], [ 126.573196411133495, 34.22236251831049 ], [ 126.578750610351563, 34.22874832153343 ], [ 126.608192443847656, 34.223751068115234 ], [ 126.625137329102131, 34.205417633056641 ], [ 126.615135192871207, 34.195693969726847 ], [ 126.603195190429801, 34.199859619140852 ], [ 126.615974426269645, 34.182640075683764 ], [ 126.579582214355469, 34.189582824707088 ], [ 126.576248168945995, 34.184028625488509 ], [ 126.585693359375, 34.179584503174112 ], [ 126.590698242187614, 34.173751831054744 ], [ 126.587081909179801, 34.172359466552848 ], [ 126.563194274902344, 34.177360534668196 ], [ 126.562080383301236, 34.189025878906534 ], [ 126.547637939453807, 34.189304351806925 ], [ 126.556526184082031, 34.194862365722656 ], [ 126.552360534668082, 34.205970764160384 ], [ 126.564308166504134, 34.211807250976563 ], [ 126.554031372070313, 34.211807250976563 ], [ 126.556808471680029, 34.218471527099666 ], [ 126.566253662109375, 34.219306945801009 ], [ 126.562362670898438, 34.232360839843864 ], [ 126.553192138671875, 34.234027862548828 ], [ 126.565971374511719, 34.235416412353572 ] ] ], [ [ [ 126.072639465332031, 34.232917785644645 ], [ 126.078475952148438, 34.233196258545036 ], [ 126.078193664550895, 34.231529235840071 ], [ 126.072639465332031, 34.232917785644645 ] ] ], [ [ [ 126.417358398438182, 34.237083435058878 ], [ 126.423194885253906, 34.224582672119197 ], [ 126.418197631836506, 34.222637176513729 ], [ 126.417358398438182, 34.237083435058878 ] ] ], [ [ [ 125.960418701171989, 34.237083435058878 ], [ 125.964302062988281, 34.237915039062671 ], [ 125.964027404785156, 34.235973358154524 ], [ 125.960418701171989, 34.237083435058878 ] ] ], [ [ [ 127.265975952148438, 34.239307403564567 ], [ 127.271247863769645, 34.237915039062671 ], [ 127.270973205566975, 34.236804962158487 ], [ 127.265975952148438, 34.239307403564567 ] ] ], [ [ [ 126.581253051757813, 34.240970611572493 ], [ 126.583190917968977, 34.238193511962834 ], [ 126.581802368164063, 34.237640380859432 ], [ 126.581253051757813, 34.240970611572493 ] ] ], [ [ [ 127.27847290039108, 34.241806030273494 ], [ 127.28125, 34.24041748046875 ], [ 127.279029846191406, 34.239582061767578 ], [ 127.27847290039108, 34.241806030273494 ] ] ], [ [ [ 127.262916564941406, 34.240695953369141 ], [ 127.266250610351563, 34.242362976074446 ], [ 127.266525268555029, 34.241527557373274 ], [ 127.262916564941406, 34.240695953369141 ] ] ], [ [ [ 125.928749084472656, 34.243751525878963 ], [ 125.932357788085938, 34.244861602783146 ], [ 125.929031372070767, 34.242637634277457 ], [ 125.928749084472656, 34.243751525878963 ] ] ], [ [ [ 125.936531066894872, 34.247638702392805 ], [ 125.940414428711165, 34.238471984863224 ], [ 125.949028015136719, 34.2459716796875 ], [ 125.955970764160838, 34.24041748046875 ], [ 125.928749084472656, 34.229026794433651 ], [ 125.925140380859943, 34.237915039062671 ], [ 125.936531066894872, 34.247638702392805 ] ] ], [ [ [ 126.560974121093977, 34.247360229492415 ], [ 126.570137023926463, 34.245693206787109 ], [ 126.565971374511719, 34.240970611572493 ], [ 126.560974121093977, 34.247360229492415 ] ] ], [ [ [ 126.087638854980582, 34.249584197998331 ], [ 126.088470458984375, 34.243751525878963 ], [ 126.076248168945313, 34.246250152588061 ], [ 126.077362060547102, 34.248474121093977 ], [ 126.087638854980582, 34.249584197998331 ] ] ], [ [ [ 126.615974426269645, 34.250694274902514 ], [ 126.626251220703125, 34.237640380859432 ], [ 126.593193054199332, 34.234027862548828 ], [ 126.598472595214844, 34.246528625488281 ], [ 126.615974426269645, 34.250694274902514 ] ] ], [ [ [ 126.329307556152912, 34.250972747802678 ], [ 126.331253051757813, 34.24930572509777 ], [ 126.329025268554801, 34.250137329101563 ], [ 126.329307556152912, 34.250972747802678 ] ] ], [ [ [ 127.451248168945313, 34.250972747802678 ], [ 127.457359313964844, 34.2459716796875 ], [ 127.448753356933821, 34.239028930664347 ], [ 127.444030761719205, 34.243194580078409 ], [ 127.451248168945313, 34.250972747802678 ] ] ], [ [ [ 127.255691528320313, 34.251388549804972 ], [ 127.263191223144531, 34.245418548584269 ], [ 127.258468627929801, 34.243194580078409 ], [ 127.262641906738736, 34.226249694824503 ], [ 127.250137329101563, 34.221805572509936 ], [ 127.258750915527457, 34.211250305175952 ], [ 127.240974426269872, 34.218750000000227 ], [ 127.221252441406705, 34.209861755371037 ], [ 127.232917785644645, 34.237361907959041 ], [ 127.255691528320313, 34.251388549804972 ] ] ], [ [ [ 126.0504150390625, 34.254581451416129 ], [ 126.063468933105469, 34.250972747802678 ], [ 126.069030761719205, 34.238193511962834 ], [ 126.061248779297102, 34.238471984863224 ], [ 126.057640075684276, 34.224029541015796 ], [ 126.042358398437614, 34.231803894042912 ], [ 126.035140991211279, 34.219306945801009 ], [ 126.024864196777344, 34.238750457763786 ], [ 126.048469543457259, 34.238750457763786 ], [ 126.0504150390625, 34.254581451416129 ] ] ], [ [ [ 126.154861450195767, 34.255695343017692 ], [ 126.156806945801009, 34.254028320312727 ], [ 126.154861450195767, 34.253749847412337 ], [ 126.154861450195767, 34.255695343017692 ] ] ], [ [ [ 127.014030456542969, 34.257915496826399 ], [ 127.020141601562614, 34.2459716796875 ], [ 127.015975952148665, 34.239307403564567 ], [ 127.008193969726563, 34.255138397216911 ], [ 127.014030456542969, 34.257915496826399 ] ] ], [ [ [ 127.447364807128906, 34.258750915527344 ], [ 127.450691223144531, 34.255973815918253 ], [ 127.451805114746321, 34.254028320312727 ], [ 127.450973510742529, 34.253192901611385 ], [ 127.447364807128906, 34.258750915527344 ] ] ], [ [ [ 126.049026489257926, 34.256248474121094 ], [ 126.054580688477245, 34.259860992431697 ], [ 126.05596923828125, 34.257362365722599 ], [ 126.049026489257926, 34.256248474121094 ] ] ], [ [ [ 125.924583435058821, 34.262359619140625 ], [ 125.926528930664063, 34.245693206787109 ], [ 125.922363281250114, 34.256805419922046 ], [ 125.919029235839957, 34.248195648193416 ], [ 125.909858703613281, 34.250694274902514 ], [ 125.912918090820313, 34.24041748046875 ], [ 125.897087097167969, 34.246807098388672 ], [ 125.902359008789176, 34.257083892822436 ], [ 125.924583435058821, 34.262359619140625 ] ] ], [ [ [ 126.183471679687955, 34.262916564941406 ], [ 126.187637329101563, 34.253749847412337 ], [ 126.177635192871094, 34.240695953369141 ], [ 126.184028625488281, 34.235973358154524 ], [ 126.175971984863509, 34.235137939453352 ], [ 126.170692443848111, 34.240139007568359 ], [ 126.183471679687955, 34.262916564941406 ] ] ], [ [ [ 126.010139465332713, 34.26374816894554 ], [ 126.013191223145213, 34.262359619140625 ], [ 126.011253356933707, 34.261528015136832 ], [ 126.010139465332713, 34.26374816894554 ] ] ], [ [ [ 126.447914123535156, 34.263473510742358 ], [ 126.452636718750227, 34.259860992431697 ], [ 126.444580078125455, 34.260417938232649 ], [ 126.447914123535156, 34.263473510742358 ] ] ], [ [ [ 126.174026489257813, 34.261528015136832 ], [ 126.17791748046875, 34.262638092041016 ], [ 126.178192138672216, 34.261528015136832 ], [ 126.174026489257813, 34.261528015136832 ] ] ], [ [ [ 127.2540283203125, 34.259582519531307 ], [ 127.261528015136832, 34.261806488037223 ], [ 127.261528015136832, 34.25819396972679 ], [ 127.2540283203125, 34.259582519531307 ] ] ], [ [ [ 126.143196105957031, 34.265140533447266 ], [ 126.152359008789063, 34.261806488037223 ], [ 126.156250000000682, 34.257362365722599 ], [ 126.143196105957031, 34.265140533447266 ] ] ], [ [ [ 126.4254150390625, 34.267639160156534 ], [ 126.428192138671989, 34.264305114746321 ], [ 126.423194885253906, 34.26374816894554 ], [ 126.4254150390625, 34.267639160156534 ] ] ], [ [ [ 127.004302978515625, 34.267639160156534 ], [ 127.006530761718977, 34.26374816894554 ], [ 127.004859924316406, 34.263195037841967 ], [ 127.004302978515625, 34.267639160156534 ] ] ], [ [ [ 127.269027709960938, 34.269859313965071 ], [ 127.270690917968864, 34.268470764160327 ], [ 127.26958465576206, 34.268196105957145 ], [ 127.269027709960938, 34.269859313965071 ] ] ], [ [ [ 127.532081604004475, 34.270137786865462 ], [ 127.539863586425781, 34.267360687255973 ], [ 127.538475036621207, 34.261249542236612 ], [ 127.530418395996094, 34.261249542236612 ], [ 127.532081604004475, 34.270137786865462 ] ] ], [ [ [ 126.124862670898665, 34.268470764160327 ], [ 126.128471374512287, 34.267360687255973 ], [ 126.127914428711165, 34.265415191650675 ], [ 126.124862670898665, 34.268470764160327 ] ] ], [ [ [ 126.097915649414063, 34.271526336670036 ], [ 126.10874938964912, 34.269584655761889 ], [ 126.112358093261832, 34.261249542236612 ], [ 126.100692749023892, 34.262638092041016 ], [ 126.097915649414063, 34.271526336670036 ] ] ], [ [ [ 126.42236328125, 34.270416259765682 ], [ 126.429031372070313, 34.271804809570597 ], [ 126.429306030273438, 34.269859313965071 ], [ 126.42236328125, 34.270416259765682 ] ] ], [ [ [ 126.053474426269531, 34.272083282470987 ], [ 126.057083129883154, 34.269859313965071 ], [ 126.055419921875568, 34.269027709960938 ], [ 126.053474426269531, 34.272083282470987 ] ] ], [ [ [ 126.449302673340071, 34.27291488647478 ], [ 126.454582214355469, 34.272083282470987 ], [ 126.450691223144986, 34.270137786865462 ], [ 126.449302673340071, 34.27291488647478 ] ] ], [ [ [ 127.274864196777457, 34.275417327880859 ], [ 127.283470153808707, 34.273750305175895 ], [ 127.267364501953352, 34.272083282470987 ], [ 127.274864196777457, 34.275417327880859 ] ] ], [ [ [ 125.992080688476676, 34.279304504394702 ], [ 125.99346923828125, 34.264583587646712 ], [ 126.003753662109375, 34.270137786865462 ], [ 126.009864807128906, 34.264862060546875 ], [ 125.998474121093864, 34.259304046631144 ], [ 126.003471374512401, 34.252082824707031 ], [ 125.992362976074332, 34.253749847412337 ], [ 125.989860534667969, 34.270694732666243 ], [ 125.97846984863304, 34.267082214355412 ], [ 125.97846984863304, 34.276805877685604 ], [ 125.992080688476676, 34.279304504394702 ] ] ], [ [ [ 127.277641296387287, 34.280418395996378 ], [ 127.28152465820358, 34.279026031494311 ], [ 127.277915954589957, 34.279026031494311 ], [ 127.277641296387287, 34.280418395996378 ] ] ], [ [ [ 127.154586791992188, 34.279304504394702 ], [ 127.157081604003906, 34.279582977294865 ], [ 127.156250000000114, 34.278194427490519 ], [ 127.154586791992188, 34.279304504394702 ] ] ], [ [ [ 127.003471374511832, 34.280693054199219 ], [ 127.007637023926236, 34.282081604003963 ], [ 127.007637023926236, 34.279861450195256 ], [ 127.003471374511832, 34.280693054199219 ] ] ], [ [ [ 126.541252136230469, 34.282917022705305 ], [ 126.57208251953125, 34.282360076904524 ], [ 126.570419311523665, 34.275970458984602 ], [ 126.538749694824446, 34.276248931884993 ], [ 126.541252136230469, 34.282917022705305 ] ] ], [ [ [ 127.155975341797102, 34.282360076904524 ], [ 127.160140991211051, 34.282081604003963 ], [ 127.159858703613395, 34.280971527099609 ], [ 127.155975341797102, 34.282360076904524 ] ] ], [ [ [ 126.345970153809048, 34.286529541015739 ], [ 126.351806640625114, 34.282917022705305 ], [ 126.345695495605469, 34.285694122314624 ], [ 126.345970153809048, 34.286529541015739 ] ] ], [ [ [ 126.894584655762401, 34.285415649414233 ], [ 126.900970458984375, 34.287361145019531 ], [ 126.898475646972884, 34.283473968506087 ], [ 126.894584655762401, 34.285415649414233 ] ] ], [ [ [ 126.477081298828466, 34.2898597717288 ], [ 126.477363586425781, 34.282638549804915 ], [ 126.466247558593864, 34.276248931884993 ], [ 126.470138549805142, 34.287639617920092 ], [ 126.477081298828466, 34.2898597717288 ] ] ], [ [ [ 126.864860534667969, 34.2898597717288 ], [ 126.867919921875, 34.283195495605526 ], [ 126.867637634277798, 34.281528472900391 ], [ 126.863197326660384, 34.284027099609489 ], [ 126.864860534667969, 34.2898597717288 ] ] ], [ [ [ 126.005973815917969, 34.292083740234546 ], [ 126.007080078125227, 34.29013824462902 ], [ 126.005142211914176, 34.29013824462902 ], [ 126.005973815917969, 34.292083740234546 ] ] ], [ [ [ 127.265136718750114, 34.291526794433594 ], [ 127.268470764160156, 34.289585113525447 ], [ 127.264579772949332, 34.287918090820313 ], [ 127.265136718750114, 34.291526794433594 ] ] ], [ [ [ 125.991806030273551, 34.286804199218977 ], [ 126.002357482910156, 34.2898597717288 ], [ 126.002639770507813, 34.289028167724837 ], [ 125.991806030273551, 34.286804199218977 ] ] ], [ [ [ 126.622085571289631, 34.292083740234546 ], [ 126.624305725098338, 34.290695190429801 ], [ 126.622642517089844, 34.2898597717288 ], [ 126.622085571289631, 34.292083740234546 ] ] ], [ [ [ 126.613197326660611, 34.293472290039063 ], [ 126.610969543457372, 34.281806945800781 ], [ 126.605972290039176, 34.281250000000171 ], [ 126.606529235839957, 34.289306640625227 ], [ 126.613197326660611, 34.293472290039063 ] ] ], [ [ [ 127.352638244628906, 34.295139312744368 ], [ 127.356246948242415, 34.286251068115178 ], [ 127.364028930664063, 34.293750762939453 ], [ 127.371528625488281, 34.287639617920092 ], [ 127.350975036621207, 34.267360687255973 ], [ 127.352638244628906, 34.295139312744368 ] ] ], [ [ [ 127.381248474121094, 34.296527862548942 ], [ 127.377639770507813, 34.292083740234546 ], [ 127.369857788086051, 34.293750762939453 ], [ 127.370414733887173, 34.295696258545149 ], [ 127.381248474121094, 34.296527862548942 ] ] ], [ [ [ 127.396247863769531, 34.298473358154467 ], [ 127.402084350586051, 34.287639617920092 ], [ 127.38986206054733, 34.278472900390909 ], [ 127.386253356933707, 34.292915344238509 ], [ 127.396247863769531, 34.298473358154467 ] ] ], [ [ [ 127.293746948242301, 34.29930496215843 ], [ 127.296524047852131, 34.300140380859375 ], [ 127.296806335449332, 34.299583435058821 ], [ 127.293746948242301, 34.29930496215843 ] ] ], [ [ [ 126.833473205566406, 34.301250457763729 ], [ 126.836250305175781, 34.297637939453125 ], [ 126.83291625976608, 34.298751831054631 ], [ 126.833473205566406, 34.301250457763729 ] ] ], [ [ [ 126.865974426270213, 34.300140380859375 ], [ 126.864860534667969, 34.300415039062784 ], [ 126.867080688476676, 34.30180740356468 ], [ 126.865974426270213, 34.300140380859375 ] ] ], [ [ [ 126.511253356933594, 34.303195953369254 ], [ 126.509864807129588, 34.298194885254077 ], [ 126.507919311523551, 34.296527862548942 ], [ 126.506248474121776, 34.299861907958984 ], [ 126.511253356933594, 34.303195953369254 ] ] ], [ [ [ 126.860137939453352, 34.303470611572436 ], [ 126.862640380859375, 34.302082061767521 ], [ 126.860694885254475, 34.30152893066429 ], [ 126.860137939453352, 34.303470611572436 ] ] ], [ [ [ 125.956802368164631, 34.303470611572436 ], [ 125.958473205566747, 34.302082061767521 ], [ 125.955970764160838, 34.302082061767521 ], [ 125.956802368164631, 34.303470611572436 ] ] ], [ [ [ 125.975692749024006, 34.304584503173999 ], [ 125.984863281250227, 34.300415039062784 ], [ 125.985137939453239, 34.296249389648722 ], [ 125.972358703613395, 34.297637939453125 ], [ 125.975692749024006, 34.304584503173999 ] ] ], [ [ [ 126.594863891601563, 34.304702758789063 ], [ 126.593475341797443, 34.2898597717288 ], [ 126.585975646973338, 34.294303894043253 ], [ 126.574028015137287, 34.287082672119141 ], [ 126.594863891601563, 34.304702758789063 ] ] ], [ [ [ 127.121246337891193, 34.30152893066429 ], [ 127.132637023926122, 34.303470611572436 ], [ 127.132919311523438, 34.299583435058821 ], [ 127.121246337891193, 34.30152893066429 ] ] ], [ [ [ 126.989303588867188, 34.306804656982706 ], [ 126.992362976074219, 34.305137634277571 ], [ 126.989303588867188, 34.305973052978743 ], [ 126.989303588867188, 34.306804656982706 ] ] ], [ [ [ 125.901252746582372, 34.306804656982706 ], [ 125.904586791992188, 34.305416107177791 ], [ 125.901802062988963, 34.305137634277571 ], [ 125.901252746582372, 34.306804656982706 ] ] ], [ [ [ 126.011253356933707, 34.306251525878906 ], [ 126.014030456543537, 34.305137634277571 ], [ 126.010971069336506, 34.304306030273438 ], [ 126.011253356933707, 34.306251525878906 ] ] ], [ [ [ 126.998748779296875, 34.308193206787053 ], [ 127.001251220703125, 34.306526184082145 ], [ 126.997360229492301, 34.305694580078352 ], [ 126.998748779296875, 34.308193206787053 ] ] ], [ [ [ 127.086524963379475, 34.309028625488565 ], [ 127.0906982421875, 34.309860229492358 ], [ 127.086250305175895, 34.308193206787053 ], [ 127.086524963379475, 34.309028625488565 ] ] ], [ [ [ 126.609024047851676, 34.310138702392578 ], [ 126.611808776855696, 34.309581756591797 ], [ 126.609580993652457, 34.308471679687443 ], [ 126.609024047851676, 34.310138702392578 ] ] ], [ [ [ 125.945137023925781, 34.312084197998274 ], [ 125.946250915528026, 34.303195953369254 ], [ 125.949028015136719, 34.300415039062784 ], [ 125.9415283203125, 34.307083129883097 ], [ 125.945137023925781, 34.312084197998274 ] ] ], [ [ [ 125.98874664306652, 34.312362670898665 ], [ 125.99153137207054, 34.310695648193359 ], [ 125.987915039062727, 34.310695648193359 ], [ 125.98874664306652, 34.312362670898665 ] ] ], [ [ [ 127.062080383300781, 34.307083129883097 ], [ 127.065139770507813, 34.311527252197493 ], [ 127.064582824707145, 34.307083129883097 ], [ 127.062080383300781, 34.307083129883097 ] ] ], [ [ [ 127.102081298828239, 34.313472747803019 ], [ 127.103195190430142, 34.303749084472656 ], [ 127.094863891601904, 34.303749084472656 ], [ 127.094581604003906, 34.306526184082145 ], [ 127.102081298828239, 34.313472747803019 ] ] ], [ [ [ 127.238746643066634, 34.314304351806811 ], [ 127.24041748046875, 34.312362670898665 ], [ 127.238746643066634, 34.313472747803019 ], [ 127.238746643066634, 34.314304351806811 ] ] ], [ [ [ 125.957359313964844, 34.314304351806811 ], [ 125.965415954589844, 34.310417175292969 ], [ 125.950973510742301, 34.309307098388786 ], [ 125.957359313964844, 34.314304351806811 ] ] ], [ [ [ 127.124862670899006, 34.314025878906421 ], [ 127.133750915527571, 34.315139770507926 ], [ 127.136253356933935, 34.309307098388786 ], [ 127.124862670899006, 34.314025878906421 ] ] ], [ [ [ 126.015975952148438, 34.317359924316634 ], [ 126.019302368164745, 34.310417175292969 ], [ 126.005973815917969, 34.305416107177791 ], [ 125.997085571289063, 34.313472747803019 ], [ 126.015975952148438, 34.317359924316634 ] ] ], [ [ [ 126.039581298828693, 34.319026947021598 ], [ 126.05319213867233, 34.304306030273438 ], [ 126.088470458984375, 34.312084197998274 ], [ 126.095695495605469, 34.275417327880859 ], [ 126.074302673340412, 34.28458404541044 ], [ 126.067085266113281, 34.274028778076456 ], [ 126.062637329101563, 34.288749694824446 ], [ 126.052635192871207, 34.286529541015739 ], [ 126.056808471679688, 34.273750305175895 ], [ 126.049308776856037, 34.283473968506087 ], [ 126.023193359375227, 34.285137176513672 ], [ 126.027641296387173, 34.292083740234546 ], [ 126.015975952148438, 34.295696258545149 ], [ 126.033195495605582, 34.306804656982706 ], [ 126.022087097167969, 34.310695648193359 ], [ 126.039581298828693, 34.319026947021598 ] ] ], [ [ [ 126.500137329102245, 34.3165283203125 ], [ 126.504585266113395, 34.314861297607365 ], [ 126.500968933106037, 34.313194274902628 ], [ 126.500137329102245, 34.3165283203125 ] ] ], [ [ [ 127.017082214355469, 34.320693969726733 ], [ 127.019302368164176, 34.318473815918196 ], [ 127.017082214355469, 34.318473815918196 ], [ 127.017082214355469, 34.320693969726733 ] ] ], [ [ [ 127.011802673339844, 34.321250915527287 ], [ 127.015136718750341, 34.31986236572294 ], [ 127.011528015136719, 34.319305419921989 ], [ 127.011802673339844, 34.321250915527287 ] ] ], [ [ [ 125.96819305419956, 34.321529388427848 ], [ 125.980415344238281, 34.314025878906421 ], [ 125.970413208008267, 34.305973052978743 ], [ 125.96819305419956, 34.321529388427848 ] ] ], [ [ [ 126.024864196777344, 34.323471069335994 ], [ 126.027641296387173, 34.322639465332202 ], [ 126.025138854980469, 34.321319580078125 ], [ 126.024864196777344, 34.323471069335994 ] ] ], [ [ [ 127.319580078125, 34.324859619140909 ], [ 127.323196411132813, 34.318473815918196 ], [ 127.321807861328239, 34.316806793212891 ], [ 127.316253662109489, 34.318748474121207 ], [ 127.319580078125, 34.324859619140909 ] ] ], [ [ [ 126.037361145019986, 34.323192596435604 ], [ 126.040969848632813, 34.323749542236555 ], [ 126.040412902832486, 34.322410583496264 ], [ 126.037361145019986, 34.323192596435604 ] ] ], [ [ [ 126.295417785644531, 34.325695037841911 ], [ 126.302635192871094, 34.323192596435604 ], [ 126.302917480469432, 34.32208251953125 ], [ 126.298194885253906, 34.320415496826342 ], [ 126.295417785644531, 34.325695037841911 ] ] ], [ [ [ 126.1673583984375, 34.32541656494152 ], [ 126.171249389648438, 34.325138092041129 ], [ 126.171524047851904, 34.323749542236555 ], [ 126.1673583984375, 34.32541656494152 ] ] ], [ [ [ 126.120971679687841, 34.329860687255916 ], [ 126.123748779296875, 34.32541656494152 ], [ 126.119857788085938, 34.327640533447209 ], [ 126.120971679687841, 34.329860687255916 ] ] ], [ [ [ 126.149864196777344, 34.328193664551009 ], [ 126.157638549804801, 34.328472137451172 ], [ 126.158195495605469, 34.327083587646655 ], [ 126.149864196777344, 34.328193664551009 ] ] ], [ [ [ 127.087364196777798, 34.330696105957259 ], [ 127.091247558594091, 34.322639465332202 ], [ 127.085418701171875, 34.31986236572294 ], [ 127.077362060546989, 34.327640533447209 ], [ 127.087364196777798, 34.330696105957259 ] ] ], [ [ [ 125.977912902832713, 34.33097076416027 ], [ 125.980972290039404, 34.32541656494152 ], [ 125.976249694824332, 34.323192596435604 ], [ 125.974304199219091, 34.325973510742472 ], [ 125.977912902832713, 34.33097076416027 ] ] ], [ [ [ 126.9031982421875, 34.327915191650618 ], [ 126.907913208007926, 34.327362060546818 ], [ 126.907363891602245, 34.325695037841911 ], [ 126.9031982421875, 34.327915191650618 ] ] ], [ [ [ 127.373191833496207, 34.332359313964844 ], [ 127.376251220703693, 34.331249237060831 ], [ 127.372917175293082, 34.33097076416027 ], [ 127.373191833496207, 34.332359313964844 ] ] ], [ [ [ 126.297920227050895, 34.335414886474894 ], [ 126.300415039062614, 34.328750610351563 ], [ 126.304306030273438, 34.326805114746264 ], [ 126.29624938964912, 34.328750610351563 ], [ 126.297920227050895, 34.335414886474894 ] ] ], [ [ [ 127.081802368164063, 34.335693359375284 ], [ 127.079864501953352, 34.332916259765625 ], [ 127.07902526855537, 34.33458328247093 ], [ 127.081802368164063, 34.335693359375284 ] ] ], [ [ [ 126.603752136230469, 34.337360382080192 ], [ 126.605140686035156, 34.335971832275447 ], [ 126.60430908203125, 34.335693359375284 ], [ 126.603752136230469, 34.337360382080192 ] ] ], [ [ [ 126.911529541015739, 34.340415954589901 ], [ 126.913192749023438, 34.33680725097679 ], [ 126.908470153808707, 34.337917327880973 ], [ 126.911529541015739, 34.340415954589901 ] ] ], [ [ [ 126.615974426269645, 34.338195800781364 ], [ 126.619308471679801, 34.339027404785156 ], [ 126.61875152587902, 34.33680725097679 ], [ 126.615974426269645, 34.338195800781364 ] ] ], [ [ [ 126.969306945800895, 34.339027404785156 ], [ 126.996246337891307, 34.33375167846674 ], [ 127.004302978515625, 34.337638854980753 ], [ 127.016807556152457, 34.323471069335994 ], [ 127.005416870117529, 34.321529388427848 ], [ 127.003196716308821, 34.313751220703182 ], [ 126.972640991210938, 34.300693511963175 ], [ 126.965698242187614, 34.311805725097713 ], [ 126.959861755371094, 34.308471679687443 ], [ 126.957084655762173, 34.327083587646655 ], [ 126.969306945800895, 34.339027404785156 ] ] ], [ [ [ 126.465698242187727, 34.345695495605469 ], [ 126.477912902832259, 34.344306945800895 ], [ 126.47430419921875, 34.330417633056868 ], [ 126.465972900390739, 34.339862823486499 ], [ 126.465698242187727, 34.345695495605469 ] ] ], [ [ [ 125.971252441406591, 34.345695495605469 ], [ 125.976249694824332, 34.343193054199162 ], [ 125.970970153808594, 34.344306945800895 ], [ 125.971252441406591, 34.345695495605469 ] ] ], [ [ [ 126.110694885253906, 34.349861145019474 ], [ 126.11319732666027, 34.34263992309576 ], [ 126.107635498046875, 34.336528778076399 ], [ 126.107360839844205, 34.345695495605469 ], [ 126.110694885253906, 34.349861145019474 ] ] ], [ [ [ 126.21152496337902, 34.349304199218921 ], [ 126.215972900390625, 34.348751068115291 ], [ 126.213752746582031, 34.345417022705078 ], [ 126.21152496337902, 34.349304199218921 ] ] ], [ [ [ 126.792358398437841, 34.353473663330305 ], [ 126.794303894042969, 34.350971221923828 ], [ 126.791252136230469, 34.351806640625 ], [ 126.792358398437841, 34.353473663330305 ] ] ], [ [ [ 125.953475952148551, 34.353748321533317 ], [ 125.95903015136787, 34.344306945800895 ], [ 125.948196411132813, 34.340972900390852 ], [ 125.945137023925781, 34.344306945800895 ], [ 125.953475952148551, 34.353748321533317 ] ] ], [ [ [ 126.768753051757926, 34.353473663330305 ], [ 126.7701416015625, 34.352085113525391 ], [ 126.769302368164063, 34.351806640625 ], [ 126.768753051757926, 34.353473663330305 ] ] ], [ [ [ 126.127639770508495, 34.354305267334098 ], [ 126.12930297851608, 34.352916717529524 ], [ 126.128196716308821, 34.352638244629134 ], [ 126.127639770508495, 34.354305267334098 ] ] ], [ [ [ 125.983474731445313, 34.353748321533317 ], [ 125.989585876464844, 34.347915649414176 ], [ 125.982360839844318, 34.351528167724609 ], [ 125.983474731445313, 34.353748321533317 ] ] ], [ [ [ 125.928749084472656, 34.354305267334098 ], [ 125.931251525879475, 34.351806640625 ], [ 125.930137634277344, 34.351249694824389 ], [ 125.928749084472656, 34.354305267334098 ] ] ], [ [ [ 126.122360229492756, 34.356250762939396 ], [ 126.123748779296875, 34.354305267334098 ], [ 126.122085571289176, 34.355140686035213 ], [ 126.122360229492756, 34.356250762939396 ] ] ], [ [ [ 126.834587097168196, 34.358470916748104 ], [ 126.848472595214844, 34.344306945800895 ], [ 126.855697631835938, 34.351806640625 ], [ 126.857917785644645, 34.343750000000114 ], [ 126.872360229492188, 34.349582672119084 ], [ 126.87985992431652, 34.33680725097679 ], [ 126.898475646972884, 34.344028472900675 ], [ 126.896530151367188, 34.331527709961051 ], [ 126.880691528320313, 34.330139160156477 ], [ 126.883193969726676, 34.309581756591797 ], [ 126.871803283691406, 34.309307098388786 ], [ 126.863746643066975, 34.321529388427848 ], [ 126.86653137207054, 34.313472747803019 ], [ 126.841247558594318, 34.298751831054631 ], [ 126.828475952148665, 34.326248168945313 ], [ 126.805419921875, 34.326805114746264 ], [ 126.793472290039176, 34.315139770507926 ], [ 126.780693054199332, 34.327362060546818 ], [ 126.751251220703125, 34.33458328247093 ], [ 126.778472900390625, 34.332359313964844 ], [ 126.789581298828125, 34.34597396850603 ], [ 126.8065261840826, 34.333473205566577 ], [ 126.819580078125114, 34.337917327880973 ], [ 126.817916870117529, 34.348194122314737 ], [ 126.834587097168196, 34.358470916748104 ] ] ], [ [ [ 127.098197937011719, 34.359306335449446 ], [ 127.101524353028026, 34.356803894043196 ], [ 127.099861145019531, 34.356250762939396 ], [ 127.098197937011719, 34.359306335449446 ] ] ], [ [ [ 126.01513671875, 34.36069488525402 ], [ 126.029029846192088, 34.341255187988395 ], [ 126.053474426269531, 34.332084655761832 ], [ 126.060142517089844, 34.320137023925781 ], [ 126.045417785644759, 34.320415496826342 ], [ 126.037635803222656, 34.329860687255916 ], [ 126.033195495605582, 34.324028015136946 ], [ 126.02347564697277, 34.330417633056868 ], [ 126.020141601562727, 34.321804046631087 ], [ 125.996246337890625, 34.324859619140909 ], [ 125.997642517090071, 34.337638854980753 ], [ 125.991249084472884, 34.338748931884766 ], [ 125.998191833496662, 34.341526031494254 ], [ 126.014030456543537, 34.333473205566577 ], [ 126.011253356933707, 34.339305877685547 ], [ 126.025970458985057, 34.342082977295206 ], [ 126.014030456543537, 34.343471527099553 ], [ 126.02097320556652, 34.350139617920036 ], [ 126.012359619140625, 34.354583740234659 ], [ 126.01513671875, 34.36069488525402 ] ] ], [ [ [ 126.735137939453466, 34.360416412353629 ], [ 126.739303588867301, 34.358196258544922 ], [ 126.735694885254588, 34.357082366943359 ], [ 126.735137939453466, 34.360416412353629 ] ] ], [ [ [ 127.055137634277457, 34.35736083984375 ], [ 127.061248779296989, 34.358749389648665 ], [ 127.061248779296989, 34.356803894043196 ], [ 127.055137634277457, 34.35736083984375 ] ] ], [ [ [ 126.461524963378906, 34.363193511963118 ], [ 126.463195800781364, 34.362083435058764 ], [ 126.461807250977245, 34.361804962158374 ], [ 126.461524963378906, 34.363193511963118 ] ] ], [ [ [ 127.100975036621435, 34.364028930664233 ], [ 127.103195190430142, 34.362083435058764 ], [ 127.100418090820313, 34.362915039062727 ], [ 127.100975036621435, 34.364028930664233 ] ] ], [ [ [ 126.12347412109375, 34.366527557373161 ], [ 126.124862670898665, 34.364028930664233 ], [ 126.122642517089957, 34.364582061767635 ], [ 126.12347412109375, 34.366527557373161 ] ] ], [ [ [ 126.471801757812727, 34.372638702392862 ], [ 126.474586486817088, 34.370418548584155 ], [ 126.47125244140625, 34.371250152587947 ], [ 126.471801757812727, 34.372638702392862 ] ] ], [ [ [ 127.193748474121094, 34.37513732910179 ], [ 127.197914123535725, 34.375972747802962 ], [ 127.197639465332145, 34.373474121093864 ], [ 127.193748474121094, 34.37513732910179 ] ] ], [ [ [ 126.04125213623081, 34.377082824707315 ], [ 126.044860839844432, 34.37513732910179 ], [ 126.044586181640625, 34.373748779296875 ], [ 126.04125213623081, 34.377082824707315 ] ] ], [ [ [ 127.272087097167969, 34.378471374511662 ], [ 127.27569580078125, 34.37791824340843 ], [ 127.272918701171875, 34.375694274902571 ], [ 127.272087097167969, 34.378471374511662 ] ] ], [ [ [ 125.940971374512287, 34.379581451416016 ], [ 125.942359924316406, 34.369304656982649 ], [ 125.934585571289176, 34.364307403564453 ], [ 125.932357788085938, 34.368194580078296 ], [ 125.940971374512287, 34.379581451416016 ] ] ], [ [ [ 127.030136108398892, 34.380695343017578 ], [ 127.049583435058594, 34.362361907958928 ], [ 127.045417785644645, 34.350692749023438 ], [ 127.07624816894554, 34.361804962158374 ], [ 127.10236358642635, 34.337360382080192 ], [ 127.06735992431652, 34.347362518310774 ], [ 127.061531066894645, 34.339584350586108 ], [ 127.080139160156364, 34.337917327880973 ], [ 127.077362060546989, 34.331527709961051 ], [ 127.058197021484489, 34.332637786865234 ], [ 127.040695190430029, 34.308193206787053 ], [ 127.036247253418423, 34.324306488037337 ], [ 127.051246643066975, 34.328750610351563 ], [ 127.051528930664176, 34.340415954589901 ], [ 127.029861450195313, 34.332084655761832 ], [ 127.03208160400402, 34.339027404785156 ], [ 127.01763916015625, 34.337917327880973 ], [ 127.032638549804801, 34.340694427490462 ], [ 127.02902984619152, 34.347637176513786 ], [ 126.984863281250568, 34.359584808349666 ], [ 127.00736236572277, 34.356803894043196 ], [ 127.00736236572277, 34.366806030273551 ], [ 127.016807556152457, 34.367362976074503 ], [ 127.010139465332145, 34.373748779296875 ], [ 127.027359008789063, 34.372917175293082 ], [ 127.030136108398892, 34.380695343017578 ] ] ], [ [ [ 127.276802062988509, 34.381248474121321 ], [ 127.2781982421875, 34.379859924316577 ], [ 127.276527404785156, 34.378749847412223 ], [ 127.276802062988509, 34.381248474121321 ] ] ], [ [ [ 125.965698242188182, 34.382083892822493 ], [ 125.974029541015625, 34.372360229492301 ], [ 125.962638854980696, 34.362640380859318 ], [ 125.962364196777344, 34.376525878906364 ], [ 125.970138549804688, 34.375694274902571 ], [ 125.965698242188182, 34.382083892822493 ] ] ], [ [ [ 126.129585266113281, 34.381248474121321 ], [ 126.131248474121321, 34.379581451416016 ], [ 126.130142211914063, 34.379028320312784 ], [ 126.129585266113281, 34.381248474121321 ] ] ], [ [ [ 126.469024658203239, 34.382362365722884 ], [ 126.470413208007813, 34.380138397216797 ], [ 126.468193054199219, 34.380695343017578 ], [ 126.469024658203239, 34.382362365722884 ] ] ], [ [ [ 126.038192749023779, 34.380695343017578 ], [ 126.041526794433594, 34.382362365722884 ], [ 126.040695190429688, 34.379859924316577 ], [ 126.038192749023779, 34.380695343017578 ] ] ], [ [ [ 126.005691528320313, 34.384029388427791 ], [ 126.007080078125227, 34.37541580200201 ], [ 126.003196716308594, 34.373195648193473 ], [ 126.00180816650402, 34.377639770507869 ], [ 126.005691528320313, 34.384029388427791 ] ] ], [ [ [ 127.022636413574787, 34.381526947021712 ], [ 127.028747558593977, 34.380695343017578 ], [ 127.025138854980469, 34.379306793213004 ], [ 127.022636413574787, 34.381526947021712 ] ] ], [ [ [ 126.014579772949219, 34.383750915527401 ], [ 126.018196105957031, 34.383750915527401 ], [ 126.01791381835983, 34.382637023925895 ], [ 126.014579772949219, 34.383750915527401 ] ] ], [ [ [ 126.344306945801463, 34.3870849609375 ], [ 126.345970153809048, 34.384582519531193 ], [ 126.343475341796875, 34.385417938232706 ], [ 126.344306945801463, 34.3870849609375 ] ] ], [ [ [ 126.327079772949219, 34.386528015136719 ], [ 126.330970764160497, 34.386249542236499 ], [ 126.327362060546875, 34.383193969726847 ], [ 126.327079772949219, 34.386528015136719 ] ] ], [ [ [ 126.854309082031364, 34.388195037841854 ], [ 126.856803894043196, 34.386249542236499 ], [ 126.855697631835938, 34.385971069335938 ], [ 126.854309082031364, 34.388195037841854 ] ] ], [ [ [ 127.091247558594091, 34.392082214355469 ], [ 127.091529846191406, 34.377082824707315 ], [ 127.068191528320313, 34.371528625488509 ], [ 127.078475952148438, 34.382362365722884 ], [ 127.072914123535838, 34.385971069335938 ], [ 127.091247558594091, 34.392082214355469 ] ] ], [ [ [ 126.828193664551009, 34.392360687255859 ], [ 126.836807250976904, 34.384860992431584 ], [ 126.830413818359375, 34.37791824340843 ], [ 126.824859619140852, 34.385417938232706 ], [ 126.828193664551009, 34.392360687255859 ] ] ], [ [ [ 126.3245849609375, 34.392917633056641 ], [ 126.327362060546875, 34.390972137451115 ], [ 126.324859619141307, 34.389862060547159 ], [ 126.3245849609375, 34.392917633056641 ] ] ], [ [ [ 126.30236053466831, 34.395137786865348 ], [ 126.297080993652912, 34.384582519531193 ], [ 126.310417175293082, 34.382915496826286 ], [ 126.309303283691634, 34.374027252197266 ], [ 126.300140380859602, 34.368473052978686 ], [ 126.292083740234375, 34.374027252197266 ], [ 126.286247253417969, 34.364028930664233 ], [ 126.279304504394531, 34.369026184082088 ], [ 126.283470153809276, 34.388748168945426 ], [ 126.30236053466831, 34.395137786865348 ] ] ], [ [ [ 126.987915039063068, 34.394027709961165 ], [ 126.990135192871776, 34.393470764160213 ], [ 126.989860534667969, 34.392639160156421 ], [ 126.987915039063068, 34.394027709961165 ] ] ], [ [ [ 127.025970458984489, 34.395416259765739 ], [ 127.027359008789063, 34.393749237060774 ], [ 127.0262527465826, 34.392917633056641 ], [ 127.025970458984489, 34.395416259765739 ] ] ], [ [ [ 126.326530456543082, 34.395694732666129 ], [ 126.329025268554801, 34.394027709961165 ], [ 126.325973510742301, 34.394306182861555 ], [ 126.326530456543082, 34.395694732666129 ] ] ], [ [ [ 127.03375244140625, 34.387359619140852 ], [ 127.052085876464957, 34.392917633056641 ], [ 127.04985809326206, 34.385417938232706 ], [ 127.03375244140625, 34.387359619140852 ] ] ], [ [ [ 126.312362670898438, 34.396526336669922 ], [ 126.315139770508154, 34.394584655761776 ], [ 126.312919616699446, 34.394027709961165 ], [ 126.312362670898438, 34.396526336669922 ] ] ], [ [ [ 126.982635498046875, 34.395137786865348 ], [ 126.985969543457031, 34.395694732666129 ], [ 126.985694885254361, 34.394584655761776 ], [ 126.982635498046875, 34.395137786865348 ] ] ], [ [ [ 127.261802673339957, 34.396251678467081 ], [ 127.264030456543651, 34.397083282470874 ], [ 127.263748168945313, 34.396251678467081 ], [ 127.261802673339957, 34.396251678467081 ] ] ], [ [ [ 126.863197326660384, 34.399028778076342 ], [ 126.864303588867188, 34.397640228271428 ], [ 126.862915039063182, 34.397914886474837 ], [ 126.863197326660384, 34.399028778076342 ] ] ], [ [ [ 127.492080688476563, 34.397914886474837 ], [ 127.499305725097656, 34.397361755371037 ], [ 127.499305725097656, 34.39597320556669 ], [ 127.492080688476563, 34.397914886474837 ] ] ], [ [ [ 126.033195495605582, 34.393470764160213 ], [ 126.040138244628906, 34.397914886474837 ], [ 126.040969848632813, 34.393196105957031 ], [ 126.033195495605582, 34.393470764160213 ] ] ], [ [ [ 127.059303283691406, 34.399860382080135 ], [ 127.062362670898438, 34.400417327881087 ], [ 127.062362670898438, 34.399307250976563 ], [ 127.059303283691406, 34.399860382080135 ] ] ], [ [ [ 126.626251220703125, 34.401805877685661 ], [ 126.644302368164176, 34.398471832275391 ], [ 126.644302368164176, 34.395137786865348 ], [ 126.636802673339844, 34.387359619140852 ], [ 126.639305114746094, 34.393749237060774 ], [ 126.628196716309162, 34.394027709961165 ], [ 126.626251220703125, 34.401805877685661 ] ] ], [ [ [ 126.34902954101608, 34.399581909179744 ], [ 126.35208129882858, 34.399028778076342 ], [ 126.351806640625114, 34.397640228271428 ], [ 126.34902954101608, 34.399581909179744 ] ] ], [ [ [ 126.685974121093864, 34.403194427490405 ], [ 126.729583740234602, 34.380416870117188 ], [ 126.731246948242188, 34.351806640625 ], [ 126.750419616699219, 34.318748474121207 ], [ 126.772361755371094, 34.312362670898665 ], [ 126.761528015136946, 34.300415039062784 ], [ 126.77708435058662, 34.287082672119141 ], [ 126.747642517089844, 34.291526794433594 ], [ 126.735137939453466, 34.304584503173999 ], [ 126.737083435058594, 34.286251068115178 ], [ 126.710693359375114, 34.297359466552734 ], [ 126.694305419922557, 34.292083740234546 ], [ 126.66874694824287, 34.323471069335994 ], [ 126.653472900390739, 34.33097076416027 ], [ 126.643470764160384, 34.327362060546818 ], [ 126.648750305175781, 34.335140228271484 ], [ 126.641250610351676, 34.340972900390852 ], [ 126.6451416015625, 34.367916107177734 ], [ 126.639305114746094, 34.382915496826286 ], [ 126.649307250976904, 34.392917633056641 ], [ 126.685974121093864, 34.403194427490405 ] ] ], [ [ [ 126.735694885254588, 34.403472900390796 ], [ 126.74485778808662, 34.400970458984489 ], [ 126.742919921875114, 34.389862060547159 ], [ 126.734306335449673, 34.393470764160213 ], [ 126.735694885254588, 34.403472900390796 ] ] ], [ [ [ 125.284027099609716, 34.404026031494197 ], [ 125.292358398437955, 34.391529083252067 ], [ 125.298751831054688, 34.396251678467081 ], [ 125.315139770507813, 34.385971069335938 ], [ 125.300415039063182, 34.386528015136719 ], [ 125.296524047851563, 34.379581451416016 ], [ 125.284027099609716, 34.404026031494197 ] ] ], [ [ [ 126.007362365722884, 34.398471832275391 ], [ 126.01513671875, 34.400417327881087 ], [ 126.011528015136719, 34.395416259765739 ], [ 126.007362365722884, 34.398471832275391 ] ] ], [ [ [ 126.6451416015625, 34.404861450195313 ], [ 126.647361755371207, 34.403472900390796 ], [ 126.644859313965298, 34.404026031494197 ], [ 126.6451416015625, 34.404861450195313 ] ] ], [ [ [ 127.038192749023665, 34.402362823486612 ], [ 127.041809082031364, 34.404582977295149 ], [ 127.041809082031364, 34.40152740478527 ], [ 127.038192749023665, 34.402362823486612 ] ] ], [ [ [ 127.049308776855469, 34.404861450195313 ], [ 127.052085876464957, 34.404304504394759 ], [ 127.048469543457145, 34.403194427490405 ], [ 127.049308776855469, 34.404861450195313 ] ] ], [ [ [ 126.04125213623081, 34.407081604003849 ], [ 126.051528930664745, 34.400695800781477 ], [ 126.054306030273438, 34.392360687255859 ], [ 126.042083740234602, 34.396804809570483 ], [ 126.04125213623081, 34.407081604003849 ] ] ], [ [ [ 126.910972595215071, 34.408195495605582 ], [ 126.913192749023438, 34.407081604003849 ], [ 126.91208648681652, 34.406528472900618 ], [ 126.910972595215071, 34.408195495605582 ] ] ], [ [ [ 127.034584045410838, 34.408473968505973 ], [ 127.03680419921875, 34.403194427490405 ], [ 127.03680419921875, 34.400417327881087 ], [ 127.030975341797216, 34.402637481689453 ], [ 127.034584045410838, 34.408473968505973 ] ] ], [ [ [ 126.353752136230469, 34.410415649414119 ], [ 126.357086181641307, 34.405693054199503 ], [ 126.350692749023665, 34.402915954589844 ], [ 126.353752136230469, 34.410415649414119 ] ] ], [ [ [ 126.945419311523438, 34.412639617919979 ], [ 126.951248168945654, 34.402915954589844 ], [ 126.935691833496094, 34.383472442627237 ], [ 126.947364807129361, 34.378749847412223 ], [ 126.947364807129361, 34.367084503173942 ], [ 126.928192138671875, 34.370140075683594 ], [ 126.924026489258381, 34.359859466553019 ], [ 126.906806945801122, 34.352916717529524 ], [ 126.887916564941747, 34.359027862549055 ], [ 126.88458251953125, 34.373195648193473 ], [ 126.870414733886832, 34.367916107177734 ], [ 126.863197326660384, 34.372917175293082 ], [ 126.874580383300781, 34.391529083252067 ], [ 126.861526489258267, 34.405693054199503 ], [ 126.864860534667969, 34.411251068115234 ], [ 126.874580383300781, 34.399860382080135 ], [ 126.88263702392635, 34.406806945801009 ], [ 126.893196105957486, 34.395694732666129 ], [ 126.894859313965071, 34.403751373290959 ], [ 126.899864196777798, 34.397640228271428 ], [ 126.906806945801122, 34.402915954589844 ], [ 126.913192749023438, 34.391250610351506 ], [ 126.932357788086279, 34.390693664550952 ], [ 126.945419311523438, 34.412639617919979 ] ] ], [ [ [ 126.992080688476563, 34.411251068115234 ], [ 126.994308471679801, 34.410137176513899 ], [ 126.9940261840826, 34.407917022705192 ], [ 126.992080688476563, 34.411251068115234 ] ] ], [ [ [ 127.115692138671875, 34.407360076904411 ], [ 127.119583129882813, 34.411804199219034 ], [ 127.117362976074901, 34.407081604003849 ], [ 127.115692138671875, 34.407360076904411 ] ] ], [ [ [ 126.871246337890625, 34.414859771728686 ], [ 126.872917175293196, 34.413471221923771 ], [ 126.870697021484489, 34.413749694824332 ], [ 126.871246337890625, 34.414859771728686 ] ] ], [ [ [ 126.949584960938068, 34.414306640625114 ], [ 126.953193664550895, 34.410415649414119 ], [ 126.947639465332031, 34.412082672119425 ], [ 126.949584960938068, 34.414306640625114 ] ] ], [ [ [ 126.860969543457145, 34.415416717529297 ], [ 126.864860534667969, 34.414306640625114 ], [ 126.861251831054688, 34.412082672119425 ], [ 126.860969543457145, 34.415416717529297 ] ] ], [ [ [ 127.241806030273665, 34.416805267334041 ], [ 127.262084960937614, 34.393196105957031 ], [ 127.270690917968864, 34.390972137451115 ], [ 127.27263641357456, 34.380695343017578 ], [ 127.247917175292969, 34.3870849609375 ], [ 127.2540283203125, 34.40152740478527 ], [ 127.235420227051463, 34.410415649414119 ], [ 127.241806030273665, 34.416805267334041 ] ] ], [ [ [ 126.367080688477131, 34.417640686035156 ], [ 126.374580383301236, 34.412639617919979 ], [ 126.372360229492529, 34.408195495605582 ], [ 126.364860534668423, 34.410137176513899 ], [ 126.367080688477131, 34.417640686035156 ] ] ], [ [ [ 127.902084350585938, 34.417083740234602 ], [ 127.905136108398438, 34.415973663330249 ], [ 127.90152740478527, 34.413749694824332 ], [ 127.902084350585938, 34.417083740234602 ] ] ], [ [ [ 126.711250305175895, 34.418472290039347 ], [ 126.725135803222656, 34.413192749023381 ], [ 126.727638244629361, 34.407081604003849 ], [ 126.700416564942088, 34.413192749023381 ], [ 126.711250305175895, 34.418472290039347 ] ] ], [ [ [ 127.21097564697277, 34.418193817138956 ], [ 127.215141296386719, 34.41875076293951 ], [ 127.214302062988281, 34.416526794433821 ], [ 127.21097564697277, 34.418193817138956 ] ] ], [ [ [ 127.084587097167969, 34.421806335449219 ], [ 127.078750610351563, 34.414306640625114 ], [ 127.082641601563182, 34.412082672119425 ], [ 127.081802368164063, 34.406528472900618 ], [ 127.07597351074287, 34.415138244628906 ], [ 127.084587097167969, 34.421806335449219 ] ] ], [ [ [ 126.691253662110057, 34.420417785644815 ], [ 126.694305419922557, 34.421249389648608 ], [ 126.694305419922557, 34.419582366943303 ], [ 126.691253662110057, 34.420417785644815 ] ] ], [ [ [ 127.034027099609716, 34.420417785644815 ], [ 127.037086486816406, 34.422359466552962 ], [ 127.037361145019531, 34.421806335449219 ], [ 127.034027099609716, 34.420417785644815 ] ] ], [ [ [ 126.684028625488622, 34.421527862548828 ], [ 126.690139770507813, 34.420696258545036 ], [ 126.684585571289745, 34.419582366943303 ], [ 126.684028625488622, 34.421527862548828 ] ] ], [ [ [ 126.857360839843864, 34.418472290039347 ], [ 126.861808776855469, 34.422637939453352 ], [ 126.862640380859375, 34.420417785644815 ], [ 126.857360839843864, 34.418472290039347 ] ] ], [ [ [ 127.009025573731151, 34.422916412353743 ], [ 127.011253356934048, 34.423751831054915 ], [ 127.009582519531477, 34.421806335449219 ], [ 127.009025573731151, 34.422916412353743 ] ] ], [ [ [ 127.122085571289176, 34.421249389648608 ], [ 127.124031066895213, 34.421806335449219 ], [ 127.124580383300895, 34.420139312744254 ], [ 127.122085571289176, 34.421249389648608 ] ] ], [ [ [ 127.079307556152344, 34.426250457763615 ], [ 127.084861755371094, 34.422916412353743 ], [ 127.077919006347656, 34.423473358154524 ], [ 127.079307556152344, 34.426250457763615 ] ] ], [ [ [ 126.004585266113395, 34.426807403564737 ], [ 126.006805419921875, 34.424583435058878 ], [ 126.004028320312727, 34.424861907959269 ], [ 126.004585266113395, 34.426807403564737 ] ] ], [ [ [ 126.874031066894531, 34.42763900756853 ], [ 126.877914428710938, 34.418193817138956 ], [ 126.877082824707031, 34.414028167724894 ], [ 126.868469238281591, 34.421806335449219 ], [ 126.874031066894531, 34.42763900756853 ] ] ], [ [ [ 125.984024047851904, 34.428195953369141 ], [ 125.990135192871435, 34.424861907959269 ], [ 125.991806030273551, 34.421249389648608 ], [ 125.986251831055142, 34.422637939453352 ], [ 125.984024047851904, 34.428195953369141 ] ] ], [ [ [ 126.081527709960938, 34.428195953369141 ], [ 126.085418701171875, 34.425971984863224 ], [ 126.082641601562841, 34.425140380859432 ], [ 126.081527709960938, 34.428195953369141 ] ] ], [ [ [ 126.459861755371207, 34.426528930664176 ], [ 126.465972900390739, 34.427360534667969 ], [ 126.460136413574219, 34.425140380859432 ], [ 126.459861755371207, 34.426528930664176 ] ] ], [ [ [ 127.228752136231151, 34.429306030273665 ], [ 127.225975036621321, 34.429584503173885 ], [ 127.229026794433821, 34.4309730529788 ], [ 127.228752136231151, 34.429306030273665 ] ] ], [ [ [ 126.851249694824332, 34.429584503173885 ], [ 126.857086181640852, 34.428470611572322 ], [ 126.857086181640852, 34.425415039062671 ], [ 126.851249694824332, 34.429584503173885 ] ] ], [ [ [ 126.928474426269986, 34.430694580078239 ], [ 126.932083129882813, 34.43125152587919 ], [ 126.931526184082486, 34.428749084472884 ], [ 126.928474426269986, 34.430694580078239 ] ] ], [ [ [ 127.340698242187727, 34.430137634277457 ], [ 127.342918395996094, 34.43125152587919 ], [ 127.342636108398779, 34.429862976074446 ], [ 127.340698242187727, 34.430137634277457 ] ] ], [ [ [ 125.282363891602131, 34.432361602783146 ], [ 125.289306640625455, 34.425140380859432 ], [ 125.285415649414631, 34.417362213134993 ], [ 125.276252746582145, 34.428749084472884 ], [ 125.282363891602131, 34.432361602783146 ] ] ], [ [ [ 126.43430328369152, 34.429306030273665 ], [ 126.441253662109375, 34.434307098388672 ], [ 126.442359924316747, 34.432640075683537 ], [ 126.43430328369152, 34.429306030273665 ] ] ], [ [ [ 126.70263671875, 34.434307098388672 ], [ 126.714302062988395, 34.434028625488452 ], [ 126.710136413574901, 34.432918548584098 ], [ 126.70263671875, 34.434307098388672 ] ] ], [ [ [ 127.329307556152344, 34.435974121093807 ], [ 127.331527709961051, 34.434307098388672 ], [ 127.329025268555142, 34.434860229492244 ], [ 127.329307556152344, 34.435974121093807 ] ] ], [ [ [ 127.320693969726904, 34.437362670898722 ], [ 127.328475952148551, 34.434307098388672 ], [ 127.329582214355469, 34.432640075683537 ], [ 127.320693969726904, 34.430694580078239 ], [ 127.320693969726904, 34.437362670898722 ] ] ], [ [ [ 127.005973815918651, 34.43680572509777 ], [ 127.011528015136719, 34.43680572509777 ], [ 127.012084960937841, 34.434860229492244 ], [ 127.005973815918651, 34.43680572509777 ] ] ], [ [ [ 127.2923583984375, 34.438751220703068 ], [ 127.296249389648551, 34.436527252197379 ], [ 127.29180908203125, 34.436248779297159 ], [ 127.2923583984375, 34.438751220703068 ] ] ], [ [ [ 126.431808471680142, 34.435974121093807 ], [ 126.435691833496435, 34.43680572509777 ], [ 126.428749084473111, 34.433193206787337 ], [ 126.431808471680142, 34.435974121093807 ] ] ], [ [ [ 126.087364196777457, 34.439861297607422 ], [ 126.09124755859375, 34.438751220703068 ], [ 126.08819580078125, 34.43680572509777 ], [ 126.087364196777457, 34.439861297607422 ] ] ], [ [ [ 127.223472595215412, 34.439861297607422 ], [ 127.227363586426236, 34.440139770507813 ], [ 127.227081298828125, 34.438751220703068 ], [ 127.223472595215412, 34.439861297607422 ] ] ], [ [ [ 127.36624908447277, 34.440971374511776 ], [ 127.369308471679915, 34.440139770507813 ], [ 127.36624908447277, 34.439582824707259 ], [ 127.36624908447277, 34.440971374511776 ] ] ], [ [ [ 127.297637939453125, 34.43680572509777 ], [ 127.315971374511832, 34.441528320312727 ], [ 127.309585571289176, 34.430137634277457 ], [ 127.297637939453125, 34.43680572509777 ] ] ], [ [ [ 126.061248779297102, 34.440139770507813 ], [ 126.065696716308594, 34.44235992431652 ], [ 126.065414428711051, 34.438472747802905 ], [ 126.061248779297102, 34.440139770507813 ] ] ], [ [ [ 126.834587097168196, 34.442916870117301 ], [ 126.834030151367188, 34.431804656982592 ], [ 126.845970153808594, 34.429306030273665 ], [ 126.842918395996094, 34.420696258545036 ], [ 126.82402801513706, 34.419860839843693 ], [ 126.839027404785611, 34.410972595215071 ], [ 126.850692749023551, 34.418193817138956 ], [ 126.848472595214844, 34.407360076904411 ], [ 126.857086181640852, 34.408473968505973 ], [ 126.865974426270213, 34.389862060547159 ], [ 126.849029541015625, 34.388473510742415 ], [ 126.824584960938182, 34.399307250976563 ], [ 126.818748474121321, 34.382083892822493 ], [ 126.79180908203125, 34.381248474121321 ], [ 126.780418395996321, 34.368473052978686 ], [ 126.78013610839912, 34.351806640625 ], [ 126.7681961059576, 34.356529235839957 ], [ 126.779304504394531, 34.381805419921932 ], [ 126.749305725098225, 34.379306793213004 ], [ 126.7681961059576, 34.398750305175781 ], [ 126.764579772949446, 34.41069412231468 ], [ 126.788192749023438, 34.433193206787337 ], [ 126.816528320312614, 34.4334716796875 ], [ 126.834587097168196, 34.442916870117301 ] ] ], [ [ [ 127.092086791992188, 34.442638397217081 ], [ 127.094863891601904, 34.441249847412166 ], [ 127.09236145019554, 34.440692901611612 ], [ 127.092086791992188, 34.442638397217081 ] ] ], [ [ [ 127.539581298828125, 34.440418243408374 ], [ 127.547080993653026, 34.443195343017692 ], [ 127.546806335449219, 34.442081451415959 ], [ 127.539581298828125, 34.440418243408374 ] ] ], [ [ [ 127.303192138671989, 34.444305419921875 ], [ 127.307083129883267, 34.444305419921875 ], [ 127.306526184082145, 34.442638397217081 ], [ 127.303192138671989, 34.444305419921875 ] ] ], [ [ [ 126.424308776855696, 34.444305419921875 ], [ 126.429580688476904, 34.444305419921875 ], [ 126.429862976074219, 34.443195343017692 ], [ 126.424308776855696, 34.444305419921875 ] ] ], [ [ [ 127.29013824462902, 34.447639465332088 ], [ 127.29486083984375, 34.444862365722827 ], [ 127.289306640625, 34.440418243408374 ], [ 127.29013824462902, 34.447639465332088 ] ] ], [ [ [ 126.811805725098338, 34.449584960937614 ], [ 126.813468933105923, 34.449028015137003 ], [ 126.811805725098338, 34.447917938232649 ], [ 126.811805725098338, 34.449584960937614 ] ] ], [ [ [ 127.019584655762287, 34.449859619140796 ], [ 127.024864196777685, 34.447639465332088 ], [ 127.021530151367188, 34.446250915527344 ], [ 127.019584655762287, 34.449859619140796 ] ] ], [ [ [ 125.290138244629247, 34.451805114746151 ], [ 125.295417785644645, 34.438472747802905 ], [ 125.277359008789404, 34.434581756591854 ], [ 125.290138244629247, 34.451805114746151 ] ] ], [ [ [ 127.369026184082259, 34.452083587646712 ], [ 127.371528625488281, 34.451805114746151 ], [ 127.369857788086051, 34.450695037841797 ], [ 127.369026184082259, 34.452083587646712 ] ] ], [ [ [ 127.782363891601563, 34.45152664184593 ], [ 127.786247253418082, 34.453472137451456 ], [ 127.786247253418082, 34.45152664184593 ], [ 127.782363891601563, 34.45152664184593 ] ] ], [ [ [ 125.297637939453352, 34.453193664551065 ], [ 125.300415039063182, 34.452640533447266 ], [ 125.300697326660384, 34.450138092041016 ], [ 125.297637939453352, 34.453193664551065 ] ] ], [ [ [ 127.282081604003906, 34.454860687255803 ], [ 127.284858703613281, 34.453750610351619 ], [ 127.283752441406818, 34.452915191650504 ], [ 127.282081604003906, 34.454860687255803 ] ] ], [ [ [ 125.996803283691747, 34.454303741455249 ], [ 126.002082824707486, 34.452915191650504 ], [ 126.00180816650402, 34.452083587646712 ], [ 125.996803283691747, 34.454303741455249 ] ] ], [ [ [ 127.36347198486385, 34.453193664551065 ], [ 127.36347198486385, 34.455417633056925 ], [ 127.365135192871435, 34.455970764160156 ], [ 127.367362976074673, 34.455417633056925 ], [ 127.36347198486385, 34.453193664551065 ] ] ], [ [ [ 126.040969848632813, 34.457084655761719 ], [ 126.042640686035725, 34.455696105957145 ], [ 126.04125213623081, 34.455417633056925 ], [ 126.040969848632813, 34.457084655761719 ] ] ], [ [ [ 126.414024353027344, 34.456249237060717 ], [ 126.419860839844091, 34.45124816894554 ], [ 126.413475036621094, 34.454582214355412 ], [ 126.414024353027344, 34.456249237060717 ] ] ], [ [ [ 125.984024047851904, 34.456806182861328 ], [ 125.986251831055142, 34.455417633056925 ], [ 125.984306335449219, 34.453472137451456 ], [ 125.984024047851904, 34.456806182861328 ] ] ], [ [ [ 126.02569580078125, 34.457916259765852 ], [ 126.0281982421875, 34.458194732666072 ], [ 126.027641296387173, 34.455970764160156 ], [ 126.02569580078125, 34.457916259765852 ] ] ], [ [ [ 127.044586181640852, 34.46041488647478 ], [ 127.049308776855469, 34.451805114746151 ], [ 127.057914733887287, 34.453472137451456 ], [ 127.054031372070995, 34.457084655761719 ], [ 127.055137634277457, 34.458751678467024 ], [ 127.065414428710938, 34.45152664184593 ], [ 127.075141906738281, 34.429306030273665 ], [ 127.062637329101904, 34.401805877685661 ], [ 127.061248779296989, 34.426250457763615 ], [ 127.050140380859375, 34.428470611572322 ], [ 127.05291748046875, 34.417362213134993 ], [ 127.046524047851563, 34.414585113525504 ], [ 127.037918090820313, 34.421527862548828 ], [ 127.0343017578125, 34.449584960937614 ], [ 127.022636413574787, 34.454303741455249 ], [ 127.044586181640852, 34.46041488647478 ] ] ], [ [ [ 127.805694580078239, 34.461528778076286 ], [ 127.802360534668537, 34.452640533447266 ], [ 127.817916870117415, 34.452083587646712 ], [ 127.804031372070313, 34.429027557373274 ], [ 127.810142517089844, 34.424304962158317 ], [ 127.80625152587902, 34.407638549804972 ], [ 127.785415649414063, 34.417083740234602 ], [ 127.800971984863622, 34.431526184082031 ], [ 127.784858703613281, 34.43125152587919 ], [ 127.79736328125, 34.439582824707259 ], [ 127.794303894042969, 34.456527709960938 ], [ 127.805694580078239, 34.461528778076286 ] ] ], [ [ [ 126.092361450195654, 34.462081909179688 ], [ 126.096252441406477, 34.457359313965071 ], [ 126.104309082031705, 34.454303741455249 ], [ 126.092636108398438, 34.455970764160156 ], [ 126.092361450195654, 34.462081909179688 ] ] ], [ [ [ 127.359580993652571, 34.462360382080078 ], [ 127.361251831055142, 34.460971832275334 ], [ 127.359306335449219, 34.460693359375171 ], [ 127.359580993652571, 34.462360382080078 ] ] ], [ [ [ 125.29374694824287, 34.461250305175724 ], [ 125.300697326660384, 34.458751678467024 ], [ 125.294860839843864, 34.458473205566634 ], [ 125.29374694824287, 34.461250305175724 ] ] ], [ [ [ 126.788192749023438, 34.461250305175724 ], [ 126.791526794434048, 34.462638854980639 ], [ 126.788475036621548, 34.46041488647478 ], [ 126.788192749023438, 34.461250305175724 ] ] ], [ [ [ 125.98569488525402, 34.460971832275334 ], [ 125.99153137207054, 34.463470458984432 ], [ 125.992080688476676, 34.460971832275334 ], [ 125.98569488525402, 34.460971832275334 ] ] ], [ [ [ 126.958747863769759, 34.459026336670036 ], [ 126.969863891602017, 34.46319580078125 ], [ 126.967086791992188, 34.445137023926009 ], [ 126.958747863769759, 34.459026336670036 ] ] ], [ [ [ 127.081527709960938, 34.462081909179688 ], [ 127.09375, 34.463470458984432 ], [ 127.0906982421875, 34.450973510742358 ], [ 127.089584350586506, 34.460971832275334 ], [ 127.081527709960938, 34.462081909179688 ] ] ], [ [ [ 126.413475036621094, 34.466804504394702 ], [ 126.418472290039176, 34.460693359375171 ], [ 126.418472290039176, 34.458473205566634 ], [ 126.411804199218864, 34.459861755371378 ], [ 126.413475036621094, 34.466804504394702 ] ] ], [ [ [ 127.443473815918082, 34.466804504394702 ], [ 127.450141906738736, 34.464584350585994 ], [ 127.450141906738736, 34.456527709960938 ], [ 127.449584960937614, 34.460971832275334 ], [ 127.443473815918082, 34.466804504394702 ] ] ], [ [ [ 125.300971984863395, 34.464584350585994 ], [ 125.305137634277798, 34.466526031494141 ], [ 125.303474426270213, 34.463470458984432 ], [ 125.300971984863395, 34.464584350585994 ] ] ], [ [ [ 127.369026184082259, 34.472637176513672 ], [ 127.372917175293082, 34.470138549804915 ], [ 127.369026184082259, 34.471805572509879 ], [ 127.369026184082259, 34.472637176513672 ] ] ], [ [ [ 127.457359313964844, 34.476528167724837 ], [ 127.472640991211392, 34.464584350585994 ], [ 127.490974426269645, 34.465415954589957 ], [ 127.483474731445313, 34.458751678467024 ], [ 127.493194580078352, 34.458473205566634 ], [ 127.497917175292969, 34.467361450195256 ], [ 127.503753662109489, 34.462638854980639 ], [ 127.505691528320995, 34.473751068115178 ], [ 127.52069091796875, 34.453750610351619 ], [ 127.537635803222884, 34.448471069335881 ], [ 127.538749694824332, 34.430416107177848 ], [ 127.53069305419956, 34.422084808349609 ], [ 127.520141601562955, 34.426250457763615 ], [ 127.486808776856151, 34.413192749023381 ], [ 127.492080688476563, 34.432640075683537 ], [ 127.474304199218977, 34.432640075683537 ], [ 127.461524963379134, 34.443748474121094 ], [ 127.481246948242301, 34.441806793213118 ], [ 127.484863281250114, 34.449306488037223 ], [ 127.449584960937614, 34.44819259643549 ], [ 127.458190917968977, 34.452362060547102 ], [ 127.452362060547443, 34.469028472900561 ], [ 127.457359313964844, 34.476528167724837 ] ] ], [ [ [ 127.235969543457145, 34.476249694824276 ], [ 127.238746643066634, 34.473472595215014 ], [ 127.235420227051463, 34.474029541015568 ], [ 127.235969543457145, 34.476249694824276 ] ] ], [ [ [ 127.788475036621094, 34.479026794433594 ], [ 127.794029235840298, 34.480140686035099 ], [ 127.790969848632813, 34.474304199218977 ], [ 127.788475036621094, 34.479026794433594 ] ] ], [ [ [ 127.399864196777344, 34.481529235839844 ], [ 127.405693054199673, 34.474582672119368 ], [ 127.396804809570654, 34.478748321533203 ], [ 127.399864196777344, 34.481529235839844 ] ] ], [ [ [ 127.446525573730582, 34.484027862549112 ], [ 127.445968627929801, 34.471527099609489 ], [ 127.440696716308594, 34.46875 ], [ 127.435691833496776, 34.473751068115178 ], [ 127.446525573730582, 34.484027862549112 ] ] ], [ [ [ 127.788749694824901, 34.482917785644759 ], [ 127.790695190429688, 34.484306335449332 ], [ 127.790412902832486, 34.482360839843807 ], [ 127.788749694824901, 34.482917785644759 ] ] ], [ [ [ 126.166809082031818, 34.488193511963175 ], [ 126.169303894043196, 34.48680496215826 ], [ 126.167083740234489, 34.486251831054858 ], [ 126.166809082031818, 34.488193511963175 ] ] ], [ [ [ 126.085693359375341, 34.493473052978743 ], [ 126.08680725097679, 34.487083435058821 ], [ 126.080970764160725, 34.484306335449332 ], [ 126.078750610352017, 34.491527557373047 ], [ 126.085693359375341, 34.493473052978743 ] ] ], [ [ [ 127.394027709960938, 34.492637634277571 ], [ 127.398193359375568, 34.493194580078182 ], [ 127.399581909179688, 34.489860534667912 ], [ 127.394027709960938, 34.492637634277571 ] ] ], [ [ [ 126.100975036621094, 34.492084503173828 ], [ 126.111251831055029, 34.491806030273438 ], [ 126.110694885253906, 34.48930740356468 ], [ 126.100975036621094, 34.492084503173828 ] ] ], [ [ [ 127.2168045043951, 34.49569320678728 ], [ 127.235420227051463, 34.479026794433594 ], [ 127.208747863769531, 34.429584503173885 ], [ 127.165969848632926, 34.435138702392805 ], [ 127.161804199219432, 34.42763900756853 ], [ 127.14347076416027, 34.428749084472884 ], [ 127.142082214355469, 34.420139312744254 ], [ 127.115417480468864, 34.438751220703068 ], [ 127.116249084472656, 34.44819259643549 ], [ 127.099029541015739, 34.442638397217081 ], [ 127.105972290039176, 34.454860687255803 ], [ 127.092636108399006, 34.470138549804915 ], [ 127.113746643066747, 34.475971221923885 ], [ 127.115417480468864, 34.490139007568473 ], [ 127.123748779296875, 34.490695953369254 ], [ 127.128196716308707, 34.478195190429801 ], [ 127.142364501953466, 34.472637176513672 ], [ 127.176803588867188, 34.491527557373047 ], [ 127.200691223144645, 34.487915039062614 ], [ 127.2168045043951, 34.49569320678728 ] ] ], [ [ [ 127.231529235839844, 34.492916107177962 ], [ 127.238471984863963, 34.494583129883097 ], [ 127.235420227051463, 34.491249084472827 ], [ 127.231529235839844, 34.492916107177962 ] ] ], [ [ [ 126.046806335449219, 34.495418548584041 ], [ 126.066253662109375, 34.491249084472827 ], [ 126.058197021484602, 34.481250762939453 ], [ 126.07069396972679, 34.480693817138899 ], [ 126.042640686035725, 34.458751678467024 ], [ 126.035697937012401, 34.460693359375171 ], [ 126.042358398437614, 34.469860076904354 ], [ 126.031806945800781, 34.483196258545149 ], [ 126.039581298828693, 34.479583740234546 ], [ 126.050971984863622, 34.492084503173828 ], [ 126.046806335449219, 34.495418548584041 ] ] ], [ [ [ 127.129302978515625, 34.496528625488395 ], [ 127.128196716308707, 34.497081756591797 ], [ 127.129859924316406, 34.498195648193359 ], [ 127.129302978515625, 34.496528625488395 ] ] ], [ [ [ 127.146247863769759, 34.498195648193359 ], [ 127.149864196777571, 34.496250152587834 ], [ 127.145973205567088, 34.494304656982536 ], [ 127.146247863769759, 34.498195648193359 ] ] ], [ [ [ 127.268470764160156, 34.498195648193359 ], [ 127.272087097167969, 34.496807098388956 ], [ 127.269027709960938, 34.496528625488395 ], [ 127.268470764160156, 34.498195648193359 ] ] ], [ [ [ 127.79736328125, 34.491527557373047 ], [ 127.826805114746094, 34.495418548584041 ], [ 127.812919616699673, 34.491806030273438 ], [ 127.826248168945313, 34.485694885253906 ], [ 127.821525573730582, 34.475418090820483 ], [ 127.804862976074219, 34.482639312744197 ], [ 127.804306030273438, 34.470973968505916 ], [ 127.796524047851676, 34.472637176513672 ], [ 127.79736328125, 34.491527557373047 ] ] ], [ [ [ 127.113471984863281, 34.500415802002067 ], [ 127.115135192871662, 34.499305725097884 ], [ 127.113471984863281, 34.499027252197493 ], [ 127.113471984863281, 34.500415802002067 ] ] ], [ [ [ 127.804306030273438, 34.502918243408317 ], [ 127.806526184082031, 34.500972747803019 ], [ 127.804031372070313, 34.501804351806811 ], [ 127.804306030273438, 34.502918243408317 ] ] ], [ [ [ 127.147361755371207, 34.502918243408317 ], [ 127.150413513183707, 34.502361297607365 ], [ 127.148475646972656, 34.500694274902457 ], [ 127.147361755371207, 34.502918243408317 ] ] ], [ [ [ 127.502639770508495, 34.505138397217024 ], [ 127.500968933105469, 34.502361297607365 ], [ 127.499031066894872, 34.504581451416072 ], [ 127.502639770508495, 34.505138397217024 ] ] ], [ [ [ 126.162086486816406, 34.511249542236385 ], [ 126.169029235840526, 34.509304046631087 ], [ 126.162361145019872, 34.505973815918026 ], [ 126.162086486816406, 34.511249542236385 ] ] ], [ [ [ 126.123748779296875, 34.510971069335994 ], [ 126.120971679687841, 34.511249542236385 ], [ 126.124031066894872, 34.512359619140739 ], [ 126.123748779296875, 34.510971069335994 ] ] ], [ [ [ 127.805694580078239, 34.510139465332031 ], [ 127.807357788085938, 34.511806488037337 ], [ 127.807914733886719, 34.510971069335994 ], [ 127.805694580078239, 34.510139465332031 ] ] ], [ [ [ 127.412361145019531, 34.512359619140739 ], [ 127.414863586425895, 34.510692596435831 ], [ 127.412086486816406, 34.510971069335994 ], [ 127.412361145019531, 34.512359619140739 ] ] ], [ [ [ 126.125419616699787, 34.514305114746094 ], [ 126.126808166503906, 34.51291656494152 ], [ 126.124580383301463, 34.5126380920413 ], [ 126.125419616699787, 34.514305114746094 ] ] ], [ [ [ 127.467918395996321, 34.514583587646655 ], [ 127.46902465820358, 34.512359619140739 ], [ 127.467361450195995, 34.513195037841911 ], [ 127.467918395996321, 34.514583587646655 ] ] ], [ [ [ 127.412086486816406, 34.516529083251953 ], [ 127.414581298828239, 34.515140533447209 ], [ 127.412635803222997, 34.514305114746094 ], [ 127.412086486816406, 34.516529083251953 ] ] ], [ [ [ 127.808197021485057, 34.516250610351563 ], [ 127.811531066894759, 34.515972137451399 ], [ 127.810691833496435, 34.514583587646655 ], [ 127.808197021485057, 34.516250610351563 ] ] ], [ [ [ 126.085975646972656, 34.516803741455362 ], [ 126.089027404785156, 34.514305114746094 ], [ 126.085693359375341, 34.515693664551009 ], [ 126.085975646972656, 34.516803741455362 ] ] ], [ [ [ 126.084304809570426, 34.519027709961222 ], [ 126.08680725097679, 34.519027709961222 ], [ 126.084304809570426, 34.517082214355753 ], [ 126.084304809570426, 34.519027709961222 ] ] ], [ [ [ 126.093750000000568, 34.520416259765625 ], [ 126.097915649414063, 34.517360687255916 ], [ 126.093193054199446, 34.519027709961222 ], [ 126.093750000000568, 34.520416259765625 ] ] ], [ [ [ 127.159301757812614, 34.520137786865234 ], [ 127.162086486816406, 34.517917633056868 ], [ 127.159584045410725, 34.518749237060661 ], [ 127.159301757812614, 34.520137786865234 ] ] ], [ [ [ 127.128471374511719, 34.524028778076229 ], [ 127.13791656494152, 34.518196105957259 ], [ 127.130973815918537, 34.505695343017805 ], [ 127.113471984863281, 34.501804351806811 ], [ 127.097640991210938, 34.509582519531477 ], [ 127.11152648925804, 34.521804809570369 ], [ 127.12180328369152, 34.5126380920413 ], [ 127.128471374511719, 34.524028778076229 ] ] ], [ [ [ 125.682640075683821, 34.523471832275675 ], [ 125.687919616699219, 34.520973205566577 ], [ 125.685974121093977, 34.519306182861442 ], [ 125.682640075683821, 34.523471832275675 ] ] ], [ [ [ 127.213195800781477, 34.524581909179631 ], [ 127.214859008789063, 34.524860382080021 ], [ 127.214584350586392, 34.52430725097679 ], [ 127.213195800781477, 34.524581909179631 ] ] ], [ [ [ 126.013473510742415, 34.531806945801065 ], [ 126.015975952148438, 34.529304504394645 ], [ 126.012916564941406, 34.53013992309576 ], [ 126.013473510742415, 34.531806945801065 ] ] ], [ [ [ 126.102081298828807, 34.529026031494254 ], [ 126.107917785644531, 34.529861450195597 ], [ 126.107360839844205, 34.527084350585938 ], [ 126.102081298828807, 34.529026031494254 ] ] ], [ [ [ 126.217918395996662, 34.535137176513786 ], [ 126.22013854980537, 34.534305572509993 ], [ 126.218475341796875, 34.533473968505859 ], [ 126.217918395996662, 34.535137176513786 ] ] ], [ [ [ 126.454025268554688, 34.536804199218921 ], [ 126.4576416015625, 34.534584045410213 ], [ 126.452362060546875, 34.535137176513786 ], [ 126.454025268554688, 34.536804199218921 ] ] ], [ [ [ 127.770690917969318, 34.536804199218921 ], [ 127.774307250976676, 34.535137176513786 ], [ 127.769584655761719, 34.534305572509993 ], [ 127.770690917969318, 34.536804199218921 ] ] ], [ [ [ 126.422637939453125, 34.536804199218921 ], [ 126.425697326660611, 34.537082672119311 ], [ 126.423194885253906, 34.535694122314567 ], [ 126.422637939453125, 34.536804199218921 ] ] ], [ [ [ 126.779586791992529, 34.538471221923828 ], [ 126.785415649414063, 34.534862518310774 ], [ 126.783195495606151, 34.530693054199389 ], [ 126.777641296386832, 34.532081604003906 ], [ 126.779586791992529, 34.538471221923828 ] ] ], [ [ [ 126.174858093261719, 34.537361145019474 ], [ 126.177085876464844, 34.534584045410213 ], [ 126.174583435058594, 34.533473968505859 ], [ 126.174858093261719, 34.537361145019474 ] ] ], [ [ [ 126.351524353027457, 34.539306640625 ], [ 126.354583740234489, 34.535694122314567 ], [ 126.350692749023665, 34.537082672119311 ], [ 126.351524353027457, 34.539306640625 ] ] ], [ [ [ 127.459587097167969, 34.545696258544922 ], [ 127.474029541016307, 34.544303894043196 ], [ 127.479026794433594, 34.536251068115519 ], [ 127.459030151367756, 34.52763748168968 ], [ 127.475692749023892, 34.513748168945313 ], [ 127.467918395996321, 34.517917633056868 ], [ 127.457916259765625, 34.513748168945313 ], [ 127.491806030273438, 34.508193969726733 ], [ 127.506248474121207, 34.490417480469034 ], [ 127.494583129883267, 34.483749389648551 ], [ 127.489303588867529, 34.489860534667912 ], [ 127.484306335449332, 34.483749389648551 ], [ 127.46902465820358, 34.48652648925804 ], [ 127.459030151367756, 34.478195190429801 ], [ 127.440971374511719, 34.490970611572266 ], [ 127.458473205566634, 34.505973815918026 ], [ 127.434303283691861, 34.520416259765625 ], [ 127.459587097167969, 34.545696258544922 ] ] ], [ [ [ 126.037635803222656, 34.54486083984375 ], [ 126.042358398437614, 34.544029235839787 ], [ 126.044029235839844, 34.543193817138842 ], [ 126.037635803222656, 34.54486083984375 ] ] ], [ [ [ 126.432357788085938, 34.54486083984375 ], [ 126.436805725097884, 34.539859771728572 ], [ 126.43430328369152, 34.539306640625 ], [ 126.432357788085938, 34.54486083984375 ] ] ], [ [ [ 127.44847106933662, 34.547637939453409 ], [ 127.448196411132813, 34.539585113525391 ], [ 127.441802978516307, 34.539859771728572 ], [ 127.44847106933662, 34.547637939453409 ] ] ], [ [ [ 127.444305419921875, 34.548751831054972 ], [ 127.446525573730582, 34.547359466552848 ], [ 127.443748474121094, 34.547916412353629 ], [ 127.444305419921875, 34.548751831054972 ] ] ], [ [ [ 126.222640991211279, 34.552639007568416 ], [ 126.226249694824901, 34.550415039062557 ], [ 126.222358703613281, 34.551528930664063 ], [ 126.222640991211279, 34.552639007568416 ] ] ], [ [ [ 126.219024658203125, 34.552360534668026 ], [ 126.221527099609375, 34.552917480468977 ], [ 126.221801757812955, 34.552082061767862 ], [ 126.219024658203125, 34.552360534668026 ] ] ], [ [ [ 127.741806030273551, 34.553417205810831 ], [ 127.757637023925895, 34.552639007568416 ], [ 127.762359619140625, 34.534305572509993 ], [ 127.780418395996662, 34.520137786865234 ], [ 127.781806945800781, 34.510692596435831 ], [ 127.767913818359489, 34.509029388427678 ], [ 127.787635803222656, 34.50736236572294 ], [ 127.798751831054915, 34.497081756591797 ], [ 127.790695190429688, 34.48680496215826 ], [ 127.762359619140625, 34.490417480469034 ], [ 127.769027709960938, 34.492084503173828 ], [ 127.773193359375227, 34.499305725097884 ], [ 127.734580993653026, 34.502639770507756 ], [ 127.740974426269531, 34.510417938232592 ], [ 127.725135803222656, 34.516529083251953 ], [ 127.732917785644645, 34.526805877685547 ], [ 127.718475341796875, 34.523471832275675 ], [ 127.696525573730469, 34.538192749023665 ], [ 127.711524963378906, 34.537639617919865 ], [ 127.741806030273551, 34.553417205810831 ] ] ], [ [ [ 127.435691833496776, 34.554027557373331 ], [ 127.438468933105469, 34.552917480468977 ], [ 127.438468933105469, 34.551250457763672 ], [ 127.435691833496776, 34.554027557373331 ] ] ], [ [ [ 127.44264221191429, 34.553470611572209 ], [ 127.446525573730582, 34.554027557373331 ], [ 127.44569396972679, 34.552639007568416 ], [ 127.44264221191429, 34.553470611572209 ] ] ], [ [ [ 126.307357788085938, 34.556251525879077 ], [ 126.310142517089957, 34.555137634277344 ], [ 126.307083129882926, 34.555416107177734 ], [ 126.307357788085938, 34.556251525879077 ] ] ], [ [ [ 127.457641601562841, 34.556251525879077 ], [ 127.461250305176463, 34.555694580078125 ], [ 127.458190917968977, 34.554027557373331 ], [ 127.457641601562841, 34.556251525879077 ] ] ], [ [ [ 126.313751220703239, 34.556526184082259 ], [ 126.316802978515739, 34.556804656982479 ], [ 126.316802978515739, 34.555416107177734 ], [ 126.313751220703239, 34.556526184082259 ] ] ], [ [ [ 126.208190917969318, 34.555416107177734 ], [ 126.21319580078125, 34.558193206787394 ], [ 126.21319580078125, 34.555973052978686 ], [ 126.208190917969318, 34.555416107177734 ] ] ], [ [ [ 126.317359924316861, 34.562362670898608 ], [ 126.319305419921989, 34.56291580200218 ], [ 126.318473815917969, 34.561805725097656 ], [ 126.317359924316861, 34.562362670898608 ] ] ], [ [ [ 126.781806945801236, 34.564304351806754 ], [ 126.782913208007813, 34.562084197998047 ], [ 126.781250000000114, 34.56263732910179 ], [ 126.781806945801236, 34.564304351806754 ] ] ], [ [ [ 127.764305114746207, 34.564304351806754 ], [ 127.768753051757813, 34.563751220703352 ], [ 127.76374816894554, 34.562084197998047 ], [ 127.764305114746207, 34.564304351806754 ] ] ], [ [ [ 125.881248474121094, 34.564304351806754 ], [ 125.890693664551236, 34.56263732910179 ], [ 125.881805419921875, 34.561527252197266 ], [ 125.881248474121094, 34.564304351806754 ] ] ], [ [ [ 127.74736022949287, 34.567916870117188 ], [ 127.748748779296989, 34.56291580200218 ], [ 127.744026184082031, 34.56541824340826 ], [ 127.74736022949287, 34.567916870117188 ] ] ], [ [ [ 125.911529541016307, 34.567638397216967 ], [ 125.915695190429801, 34.566806793213175 ], [ 125.91208648681652, 34.565139770507869 ], [ 125.911529541016307, 34.567638397216967 ] ] ], [ [ [ 126.32291412353527, 34.566806793213175 ], [ 126.330970764160497, 34.563194274902401 ], [ 126.319580078125568, 34.559307098388899 ], [ 126.32291412353527, 34.566806793213175 ] ] ], [ [ [ 126.094581604004361, 34.568748474121321 ], [ 126.102081298828807, 34.554862976074332 ], [ 126.082641601562841, 34.555694580078125 ], [ 126.086250305176463, 34.545970916748104 ], [ 126.077362060547102, 34.540138244629134 ], [ 126.062362670898551, 34.540138244629134 ], [ 126.056251525879361, 34.530418395996151 ], [ 126.025413513183935, 34.534584045410213 ], [ 126.029304504394759, 34.544029235839787 ], [ 126.045135498047102, 34.537639617919865 ], [ 126.046806335449219, 34.545970916748104 ], [ 126.060691833496776, 34.54819488525402 ], [ 126.060142517089844, 34.554862976074332 ], [ 126.040412902832486, 34.557914733886832 ], [ 126.027359008789063, 34.551250457763672 ], [ 126.033470153808707, 34.563472747802962 ], [ 126.069580078125, 34.557918548583984 ], [ 126.094581604004361, 34.568748474121321 ] ] ], [ [ [ 126.013748168945426, 34.568195343017578 ], [ 126.016525268554915, 34.567081451416016 ], [ 126.01486206054733, 34.565971374511662 ], [ 126.013748168945426, 34.568195343017578 ] ] ], [ [ [ 126.197082519531591, 34.567916870117188 ], [ 126.199028015136832, 34.568473815917969 ], [ 126.198753356933707, 34.567081451416016 ], [ 126.197082519531591, 34.567916870117188 ] ] ], [ [ [ 127.457359313964844, 34.570415496826286 ], [ 127.459861755371548, 34.564861297607706 ], [ 127.458747863769645, 34.563194274902401 ], [ 127.455139160156477, 34.565139770507869 ], [ 127.457359313964844, 34.570415496826286 ] ] ], [ [ [ 127.46624755859375, 34.568748474121321 ], [ 127.471527099609489, 34.564582824707315 ], [ 127.46624755859375, 34.56291580200218 ], [ 127.46624755859375, 34.568748474121321 ] ] ], [ [ [ 126.149581909180029, 34.570972442627237 ], [ 126.156524658203352, 34.566528320312614 ], [ 126.151802062988736, 34.561527252197266 ], [ 126.14569091796875, 34.564861297607706 ], [ 126.149581909180029, 34.570972442627237 ] ] ], [ [ [ 127.729026794433707, 34.570693969726676 ], [ 127.742080688477131, 34.56263732910179 ], [ 127.72430419921875, 34.560695648193473 ], [ 127.729026794433707, 34.570693969726676 ] ] ], [ [ [ 126.080139160156932, 34.57180404663103 ], [ 126.083190917969432, 34.568473815917969 ], [ 126.080413818359602, 34.570137023925895 ], [ 126.080139160156932, 34.57180404663103 ] ] ], [ [ [ 126.070968627929801, 34.572082519531421 ], [ 126.07347106933662, 34.570972442627237 ], [ 126.07069396972679, 34.571529388427791 ], [ 126.070968627929801, 34.572082519531421 ] ] ], [ [ [ 126.196250915527798, 34.572360992431584 ], [ 126.199859619140625, 34.570972442627237 ], [ 126.195419311524006, 34.570972442627237 ], [ 126.196250915527798, 34.572360992431584 ] ] ], [ [ [ 127.474029541016307, 34.573192596435774 ], [ 127.476806640625, 34.570972442627237 ], [ 127.47208404541027, 34.571250915527628 ], [ 127.474029541016307, 34.573192596435774 ] ] ], [ [ [ 125.90069580078125, 34.574028015136889 ], [ 125.90374755859375, 34.572917938232536 ], [ 125.900413513184048, 34.573192596435774 ], [ 125.90069580078125, 34.574028015136889 ] ] ], [ [ [ 127.417083740234602, 34.570137023925895 ], [ 127.430137634277457, 34.565139770507869 ], [ 127.402641296387173, 34.562362670898608 ], [ 127.417083740234602, 34.570137023925895 ] ] ], [ [ [ 127.452362060547443, 34.5745849609375 ], [ 127.454864501953125, 34.572917938232536 ], [ 127.451805114746321, 34.572360992431584 ], [ 127.452362060547443, 34.5745849609375 ] ] ], [ [ [ 127.73874664306652, 34.575138092041243 ], [ 127.742919921875455, 34.570972442627237 ], [ 127.738471984863509, 34.570137023925895 ], [ 127.73874664306652, 34.575138092041243 ] ] ], [ [ [ 125.895416259765625, 34.575138092041243 ], [ 125.899024963379134, 34.575138092041243 ], [ 125.895690917968977, 34.573471069335938 ], [ 125.895416259765625, 34.575138092041243 ] ] ], [ [ [ 126.078475952148438, 34.574859619140682 ], [ 126.082359313964844, 34.574859619140682 ], [ 126.080413818359602, 34.572639465331974 ], [ 126.078475952148438, 34.574859619140682 ] ] ], [ [ [ 127.440971374511719, 34.569862365722884 ], [ 127.449584960937614, 34.575416564941634 ], [ 127.453193664551236, 34.561248779297046 ], [ 127.440971374511719, 34.569862365722884 ] ] ], [ [ [ 125.906250000000114, 34.575973510742244 ], [ 125.908752441406477, 34.576248168945597 ], [ 125.908470153808821, 34.5745849609375 ], [ 125.906250000000114, 34.575973510742244 ] ] ], [ [ [ 126.155975341796875, 34.576805114746207 ], [ 126.157638549804801, 34.576526641845817 ], [ 126.157363891601676, 34.575138092041243 ], [ 126.155975341796875, 34.576805114746207 ] ] ], [ [ [ 126.093475341796989, 34.576248168945597 ], [ 126.101806640625, 34.573749542236328 ], [ 126.093193054199446, 34.575416564941634 ], [ 126.093475341796989, 34.576248168945597 ] ] ], [ [ [ 127.580696105957031, 34.576805114746207 ], [ 127.583190917968864, 34.576526641845817 ], [ 127.582916259765739, 34.575695037842024 ], [ 127.580696105957031, 34.576805114746207 ] ] ], [ [ [ 127.725975036621207, 34.579860687255859 ], [ 127.728752136230696, 34.573192596435774 ], [ 127.712081909180029, 34.564582824707315 ], [ 127.709587097168651, 34.576248168945597 ], [ 127.725975036621207, 34.579860687255859 ] ] ], [ [ [ 126.082916259765625, 34.576248168945597 ], [ 126.08819580078125, 34.577915191650391 ], [ 126.08680725097679, 34.574306488037109 ], [ 126.082916259765625, 34.576248168945597 ] ] ], [ [ [ 127.680694580078125, 34.580417633056811 ], [ 127.682914733886719, 34.577083587646598 ], [ 127.678192138672443, 34.578472137451342 ], [ 127.680694580078125, 34.580417633056811 ] ] ], [ [ [ 126.145973205566406, 34.582359313964957 ], [ 126.146804809570313, 34.574859619140682 ], [ 126.136528015136719, 34.578472137451342 ], [ 126.13791656494152, 34.580696105957031 ], [ 126.145973205566406, 34.582359313964957 ] ] ], [ [ [ 126.200416564941406, 34.582359313964957 ], [ 126.196250915527798, 34.574028015136889 ], [ 126.189025878906364, 34.575695037842024 ], [ 126.194580078125682, 34.582359313964957 ], [ 126.200416564941406, 34.582359313964957 ] ] ], [ [ [ 127.415138244628906, 34.579029083251896 ], [ 127.425140380859375, 34.581249237060604 ], [ 127.423751831055256, 34.574859619140682 ], [ 127.415138244628906, 34.579029083251896 ] ] ], [ [ [ 127.755142211914176, 34.58013916015625 ], [ 127.765693664550781, 34.575416564941634 ], [ 127.755691528320767, 34.576805114746207 ], [ 127.755142211914176, 34.58013916015625 ] ] ], [ [ [ 125.837638854980469, 34.584304809570313 ], [ 125.839859008789063, 34.582359313964957 ], [ 125.837364196777344, 34.582084655761946 ], [ 125.837638854980469, 34.584304809570313 ] ] ], [ [ [ 127.659027099609489, 34.585693359375227 ], [ 127.67124938964912, 34.58013916015625 ], [ 127.670692443847997, 34.572360992431584 ], [ 127.69486236572277, 34.575695037842024 ], [ 127.70513916015625, 34.563472747802962 ], [ 127.687362670898665, 34.558193206787394 ], [ 127.690414428711165, 34.568195343017578 ], [ 127.688194274902457, 34.571250915527628 ], [ 127.673751831055029, 34.554584503173942 ], [ 127.668746948242301, 34.560417175293253 ], [ 127.658470153809276, 34.552360534668026 ], [ 127.640419006348225, 34.569583892822322 ], [ 127.63903045654331, 34.555973052978686 ], [ 127.637916564941406, 34.5745849609375 ], [ 127.659027099609489, 34.585693359375227 ] ] ], [ [ [ 127.40736389160179, 34.587081909179972 ], [ 127.409858703613281, 34.587360382080135 ], [ 127.407913208008381, 34.586250305175781 ], [ 127.40736389160179, 34.587081909179972 ] ] ], [ [ [ 126.29930877685581, 34.587360382080135 ], [ 126.307083129882926, 34.584861755371264 ], [ 126.297363281250114, 34.581527709961165 ], [ 126.29930877685581, 34.587360382080135 ] ] ], [ [ [ 126.250137329101563, 34.589862823486442 ], [ 126.302085876464844, 34.571529388427791 ], [ 126.309860229492756, 34.562084197998047 ], [ 126.301803588867188, 34.556251525879077 ], [ 126.315971374511946, 34.542915344238281 ], [ 126.341804504394645, 34.549861907959155 ], [ 126.335136413574332, 34.540138244629134 ], [ 126.344863891601676, 34.542915344238281 ], [ 126.35208129882858, 34.527362823486499 ], [ 126.377639770508267, 34.512359619140739 ], [ 126.382637023926009, 34.502361297607365 ], [ 126.373191833496321, 34.496528625488395 ], [ 126.384864807128906, 34.480693817138899 ], [ 126.364303588867301, 34.484584808349723 ], [ 126.358474731445313, 34.477359771728629 ], [ 126.372085571289063, 34.471527099609489 ], [ 126.35819244384777, 34.456806182861328 ], [ 126.365692138672216, 34.44235992431652 ], [ 126.33597564697277, 34.414585113525504 ], [ 126.336250305176236, 34.399860382080135 ], [ 126.323196411132926, 34.400138854980696 ], [ 126.325973510742301, 34.415138244628906 ], [ 126.319030761718977, 34.425415039062671 ], [ 126.319030761718977, 34.41875076293951 ], [ 126.310417175293082, 34.419582366943303 ], [ 126.314308166504361, 34.400138854980696 ], [ 126.302635192871094, 34.413471221923771 ], [ 126.306526184082145, 34.402915954589844 ], [ 126.292915344238281, 34.408473968505973 ], [ 126.288749694824673, 34.403751373290959 ], [ 126.297080993652912, 34.397083282470874 ], [ 126.289024353027344, 34.393196105957031 ], [ 126.263748168945313, 34.396251678467081 ], [ 126.259864807128906, 34.386249542236499 ], [ 126.268470764160725, 34.384860992431584 ], [ 126.267364501953125, 34.377639770507869 ], [ 126.245971679687727, 34.379306793213004 ], [ 126.236526489257926, 34.368751525878849 ], [ 126.230140686035384, 34.374584197998217 ], [ 126.22041320800804, 34.366806030273551 ], [ 126.20263671875, 34.370971679687557 ], [ 126.21430206298885, 34.360416412353629 ], [ 126.185691833496662, 34.351249694824389 ], [ 126.179580688477131, 34.351249694824389 ], [ 126.18180847168037, 34.359027862549055 ], [ 126.162361145019872, 34.352359771728743 ], [ 126.15264129638706, 34.366527557373161 ], [ 126.144584655761832, 34.364582061767635 ], [ 126.145973205566406, 34.358196258544922 ], [ 126.128471374512287, 34.358196258544922 ], [ 126.1370849609375, 34.364860534668026 ], [ 126.129859924316406, 34.365417480468977 ], [ 126.138473510742301, 34.369026184082088 ], [ 126.134307861328807, 34.374305725097656 ], [ 126.145416259765625, 34.379859924316577 ], [ 126.142082214355923, 34.385139465332145 ], [ 126.114303588867529, 34.381248474121321 ], [ 126.110969543457031, 34.394584655761776 ], [ 126.08985900878929, 34.414585113525504 ], [ 126.100692749023892, 34.430694580078239 ], [ 126.095695495605469, 34.436248779297159 ], [ 126.111808776856151, 34.448471069335881 ], [ 126.125137329101676, 34.443195343017692 ], [ 126.115974426269645, 34.459304809570426 ], [ 126.171524047851904, 34.484584808349723 ], [ 126.189857482910156, 34.514026641845703 ], [ 126.189857482910156, 34.498195648193359 ], [ 126.204864501953239, 34.496250152587834 ], [ 126.19819641113304, 34.510417938232592 ], [ 126.223197937012401, 34.516529083251953 ], [ 126.21152496337902, 34.527084350585938 ], [ 126.224861145019986, 34.530971527099553 ], [ 126.225418090820313, 34.541248321533487 ], [ 126.234306335449219, 34.535415649414176 ], [ 126.250137329101563, 34.560974121093864 ], [ 126.239585876465071, 34.565692901611499 ], [ 126.24375152587902, 34.582084655761946 ], [ 126.2379150390625, 34.583194732666129 ], [ 126.250137329101563, 34.589862823486442 ] ] ], [ [ [ 127.600418090820313, 34.589862823486442 ], [ 127.605415344238395, 34.587917327881087 ], [ 127.599586486816406, 34.588470458984318 ], [ 127.600418090820313, 34.589862823486442 ] ] ], [ [ [ 127.692085266113281, 34.591526031494368 ], [ 127.696807861328807, 34.590415954589844 ], [ 127.691528320312614, 34.589584350586051 ], [ 127.692085266113281, 34.591526031494368 ] ] ], [ [ [ 125.996246337890625, 34.588195800781477 ], [ 126.000419616699901, 34.591251373291186 ], [ 126.000419616699901, 34.587638854980526 ], [ 125.996246337890625, 34.588195800781477 ] ] ], [ [ [ 126.004028320312727, 34.589862823486442 ], [ 126.007362365722884, 34.590415954589844 ], [ 126.00485992431652, 34.587360382080135 ], [ 126.004028320312727, 34.589862823486442 ] ] ], [ [ [ 127.536247253417969, 34.590972900390796 ], [ 127.539306640625, 34.590694427490234 ], [ 127.537635803222884, 34.587638854980526 ], [ 127.536247253417969, 34.590972900390796 ] ] ], [ [ [ 126.186805725097656, 34.593193054199503 ], [ 126.189582824707145, 34.591251373291186 ], [ 126.185974121093864, 34.590972900390796 ], [ 126.186805725097656, 34.593193054199503 ] ] ], [ [ [ 125.987640380860057, 34.591251373291186 ], [ 125.989860534667969, 34.592918395996094 ], [ 125.99041748046875, 34.591251373291186 ], [ 125.987640380860057, 34.591251373291186 ] ] ], [ [ [ 127.556526184082031, 34.594028472900447 ], [ 127.55986022949287, 34.588470458984318 ], [ 127.568473815917969, 34.585971832275618 ], [ 127.559303283691747, 34.585140228271428 ], [ 127.556526184082031, 34.594028472900447 ] ] ], [ [ [ 127.56430816650402, 34.591804504394588 ], [ 127.569305419921875, 34.592639923095703 ], [ 127.571525573730469, 34.590415954589844 ], [ 127.56430816650402, 34.591804504394588 ] ] ], [ [ [ 127.732917785644645, 34.595417022705362 ], [ 127.730972290039404, 34.587917327881087 ], [ 127.74430847168037, 34.582084655761946 ], [ 127.73486328125, 34.574028015136889 ], [ 127.712081909180029, 34.591526031494368 ], [ 127.732917785644645, 34.595417022705362 ] ] ], [ [ [ 127.680419921875341, 34.59375 ], [ 127.690696716308821, 34.594028472900447 ], [ 127.68597412109375, 34.587917327881087 ], [ 127.680419921875341, 34.59375 ] ] ], [ [ [ 127.622642517089844, 34.597084045410156 ], [ 127.625694274902344, 34.588195800781477 ], [ 127.606246948242188, 34.588748931884879 ], [ 127.605972290039517, 34.589862823486442 ], [ 127.622642517089844, 34.597084045410156 ] ] ], [ [ [ 127.512359619140852, 34.598472595215071 ], [ 127.51291656494152, 34.595695495605582 ], [ 127.511253356933594, 34.596805572509766 ], [ 127.512359619140852, 34.598472595215071 ] ] ], [ [ [ 127.577079772949219, 34.599304199218864 ], [ 127.58041381835983, 34.596805572509766 ], [ 127.577079772949219, 34.595973968505973 ], [ 127.577079772949219, 34.599304199218864 ] ] ], [ [ [ 125.870697021484489, 34.598472595215071 ], [ 125.876251220703807, 34.59819412231451 ], [ 125.876525878906477, 34.595417022705362 ], [ 125.870697021484489, 34.598472595215071 ] ] ], [ [ [ 127.660140991211392, 34.604026794433821 ], [ 127.654586791992188, 34.597084045410156 ], [ 127.659858703613281, 34.591804504394588 ], [ 127.645416259765625, 34.590137481689453 ], [ 127.649024963379134, 34.604026794433821 ], [ 127.660140991211392, 34.604026794433821 ] ] ], [ [ [ 125.956527709961051, 34.597637176513899 ], [ 125.986808776855469, 34.600692749023608 ], [ 125.975975036621207, 34.595138549804801 ], [ 125.979026794433707, 34.579303741455305 ], [ 125.969581604004475, 34.577362060547159 ], [ 125.972915649414176, 34.59486007690424 ], [ 125.956527709961051, 34.597637176513899 ] ] ], [ [ [ 127.606529235839844, 34.605140686035384 ], [ 127.601524353027571, 34.594306945801009 ], [ 127.594024658203466, 34.597084045410156 ], [ 127.597084045410156, 34.602359771728516 ], [ 127.606529235839844, 34.605140686035384 ] ] ], [ [ [ 127.715698242188182, 34.604862213134993 ], [ 127.712638854981151, 34.605140686035384 ], [ 127.715972900390852, 34.605415344238395 ], [ 127.715698242188182, 34.604862213134993 ] ] ], [ [ [ 125.990135192871435, 34.606796264648608 ], [ 125.993194580078125, 34.603473663330078 ], [ 125.989585876464844, 34.604862213134993 ], [ 125.990135192871435, 34.606796264648608 ] ] ], [ [ [ 126.005958557129247, 34.607360839843693 ], [ 126.007080078125227, 34.600139617919979 ], [ 125.997642517090071, 34.597637176513899 ], [ 125.998474121093864, 34.602085113525504 ], [ 126.005958557129247, 34.607360839843693 ] ] ], [ [ [ 127.706253051757813, 34.610416412353743 ], [ 127.725692749023665, 34.607360839843693 ], [ 127.703750610352131, 34.604026794433821 ], [ 127.706253051757813, 34.610416412353743 ] ] ], [ [ [ 127.097358703613281, 34.612361907959269 ], [ 127.106529235839844, 34.605140686035384 ], [ 127.110694885254247, 34.595973968505973 ], [ 127.090972900390625, 34.595973968505973 ], [ 127.097358703613281, 34.612361907959269 ] ] ], [ [ [ 126.10874938964912, 34.614860534667969 ], [ 126.115417480468977, 34.612083435058707 ], [ 126.108474731445313, 34.611526489257926 ], [ 126.10874938964912, 34.614860534667969 ] ] ], [ [ [ 126.259582519531364, 34.612361907959269 ], [ 126.278472900390739, 34.610973358154354 ], [ 126.259025573730582, 34.610137939453352 ], [ 126.259582519531364, 34.612361907959269 ] ] ], [ [ [ 126.05014038085983, 34.612361907959269 ], [ 126.05291748046875, 34.610416412353743 ], [ 126.046806335449219, 34.608749389648438 ], [ 126.05014038085983, 34.612361907959269 ] ] ], [ [ [ 127.58347320556652, 34.614028930664006 ], [ 127.587364196777344, 34.6129150390625 ], [ 127.582641601562727, 34.610973358154354 ], [ 127.58347320556652, 34.614028930664006 ] ] ], [ [ [ 125.872917175292969, 34.617084503174055 ], [ 125.889030456543651, 34.607917785644645 ], [ 125.892639160156477, 34.597362518310717 ], [ 125.878471374511719, 34.605415344238395 ], [ 125.872917175292969, 34.617084503174055 ] ] ], [ [ [ 125.868194580078239, 34.617362976074276 ], [ 125.872917175292969, 34.607360839843693 ], [ 125.869026184082031, 34.602085113525504 ], [ 125.867362976074446, 34.602638244629077 ], [ 125.868194580078239, 34.617362976074276 ] ] ], [ [ [ 126.18096923828125, 34.615417480468921 ], [ 126.185691833496662, 34.611804962158317 ], [ 126.182640075684162, 34.610973358154354 ], [ 126.18096923828125, 34.615417480468921 ] ] ], [ [ [ 126.175140380859716, 34.617916107177848 ], [ 126.17903137207054, 34.615970611572322 ], [ 126.174583435058594, 34.617084503174055 ], [ 126.175140380859716, 34.617916107177848 ] ] ], [ [ [ 127.552635192871435, 34.617916107177848 ], [ 127.564582824707486, 34.614028930664006 ], [ 127.56735992431652, 34.604862213134993 ], [ 127.55124664306652, 34.601806640625284 ], [ 127.550415039062727, 34.59375 ], [ 127.535415649414176, 34.596805572509766 ], [ 127.538475036621207, 34.609306335449219 ], [ 127.525413513184162, 34.60214996337919 ], [ 127.52458190918037, 34.617084503174055 ], [ 127.541252136230696, 34.611804962158317 ], [ 127.552635192871435, 34.617916107177848 ] ] ], [ [ [ 126.036247253418082, 34.619026184082031 ], [ 126.039306640625114, 34.61875152587919 ], [ 126.039306640625114, 34.617362976074276 ], [ 126.036247253418082, 34.619026184082031 ] ] ], [ [ [ 127.711807250976563, 34.619861602783374 ], [ 127.716247558593864, 34.615970611572322 ], [ 127.716804504394645, 34.613750457763615 ], [ 127.713470458984943, 34.615139007568359 ], [ 127.711807250976563, 34.619861602783374 ] ] ], [ [ [ 126.163475036621207, 34.619861602783374 ], [ 126.167640686035611, 34.619026184082031 ], [ 126.163192749023665, 34.61875152587919 ], [ 126.163475036621207, 34.619861602783374 ] ] ], [ [ [ 127.008193969726563, 34.618194580078239 ], [ 127.016807556152457, 34.61875152587919 ], [ 127.012084960937841, 34.610416412353743 ], [ 127.008193969726563, 34.618194580078239 ] ] ], [ [ [ 125.862640380859375, 34.621250152587891 ], [ 125.866806030273438, 34.620971679687727 ], [ 125.866531372070654, 34.619583129882983 ], [ 125.862640380859375, 34.621250152587891 ] ] ], [ [ [ 125.875419616699219, 34.620693206787337 ], [ 125.878196716308594, 34.622081756592081 ], [ 125.879585266113281, 34.620140075683537 ], [ 125.875419616699219, 34.620693206787337 ] ] ], [ [ [ 126.219581604004247, 34.623748779296989 ], [ 126.222084045410156, 34.622081756592081 ], [ 126.219306945800781, 34.622638702392635 ], [ 126.219581604004247, 34.623748779296989 ] ] ], [ [ [ 127.635696411132813, 34.624584197998161 ], [ 127.647636413574219, 34.619304656982422 ], [ 127.655418395996776, 34.608196258545206 ], [ 127.631530761719205, 34.607360839843693 ], [ 127.624580383300895, 34.615139007568359 ], [ 127.635696411132813, 34.624584197998161 ] ] ], [ [ [ 126.110420227051236, 34.62402725219755 ], [ 126.125694274902457, 34.61875152587919 ], [ 126.107917785644531, 34.622360229492244 ], [ 126.110420227051236, 34.62402725219755 ] ] ], [ [ [ 126.367362976074332, 34.624584197998161 ], [ 126.369308471680029, 34.622638702392635 ], [ 126.367080688477131, 34.623195648193587 ], [ 126.367362976074332, 34.624584197998161 ] ] ], [ [ [ 126.194862365722884, 34.625137329101563 ], [ 126.219306945800781, 34.624584197998161 ], [ 126.215415954589844, 34.617362976074276 ], [ 126.194862365722884, 34.625137329101563 ] ] ], [ [ [ 127.527084350585938, 34.627639770507813 ], [ 127.528747558593864, 34.623748779296989 ], [ 127.527084350585938, 34.623748779296989 ], [ 127.527084350585938, 34.627639770507813 ] ] ], [ [ [ 126.05596923828125, 34.630138397216911 ], [ 126.072639465332031, 34.625972747802905 ], [ 126.072914123535497, 34.614582061767805 ], [ 126.082916259765625, 34.616249084472713 ], [ 126.088470458984375, 34.604862213134993 ], [ 126.10013580322277, 34.608196258545206 ], [ 126.092361450195654, 34.600692749023608 ], [ 126.103752136230582, 34.595138549804801 ], [ 126.101524353027685, 34.588470458984318 ], [ 126.111526489257813, 34.588748931884879 ], [ 126.1048583984375, 34.579029083251896 ], [ 126.071807861328239, 34.588748931884879 ], [ 126.069580078125, 34.611526489257926 ], [ 126.048469543457259, 34.619861602783374 ], [ 126.05596923828125, 34.630138397216911 ] ] ], [ [ [ 126.068748474121094, 34.629859924316349 ], [ 126.071525573730582, 34.629859924316349 ], [ 126.071525573730582, 34.629306793213118 ], [ 126.068748474121094, 34.629859924316349 ] ] ], [ [ [ 125.82152557373081, 34.614582061767805 ], [ 125.857086181640625, 34.629581451415959 ], [ 125.853195190429688, 34.619026184082031 ], [ 125.862640380859375, 34.604862213134993 ], [ 125.811248779296875, 34.595973968505973 ], [ 125.810691833496207, 34.603195190429688 ], [ 125.829307556152457, 34.608749389648438 ], [ 125.813194274902571, 34.610137939453352 ], [ 125.803192138672557, 34.622917175293196 ], [ 125.82152557373081, 34.614582061767805 ] ] ], [ [ [ 126.002082824707486, 34.631526947021484 ], [ 126.009307861328125, 34.610973358154354 ], [ 125.98542022705135, 34.609027862548999 ], [ 125.99736022949287, 34.618473052978629 ], [ 125.99041748046875, 34.620971679687727 ], [ 125.994026184082031, 34.629028320312557 ], [ 126.002082824707486, 34.631526947021484 ] ] ], [ [ [ 127.535972595215298, 34.633750915527571 ], [ 127.549308776855469, 34.632637023926009 ], [ 127.552360534667969, 34.626804351806697 ], [ 127.535140991211506, 34.623474121093977 ], [ 127.535972595215298, 34.633750915527571 ] ] ], [ [ [ 126.065696716308594, 34.635139465332088 ], [ 126.068473815918082, 34.632637023926009 ], [ 126.065139770508381, 34.633750915527571 ], [ 126.065696716308594, 34.635139465332088 ] ] ], [ [ [ 126.02874755859375, 34.635417938232479 ], [ 126.0281982421875, 34.627918243408203 ], [ 126.039863586425895, 34.628471374512003 ], [ 126.03125, 34.619583129882983 ], [ 126.033752441406364, 34.606250762939737 ], [ 126.038749694824901, 34.608749389648438 ], [ 126.039863586425895, 34.600418090820369 ], [ 126.055137634277457, 34.604305267334212 ], [ 126.052635192871207, 34.586807250976733 ], [ 126.060142517089844, 34.59236145019554 ], [ 126.064582824707259, 34.583194732666129 ], [ 126.055419921875568, 34.567916870117188 ], [ 126.048751831054915, 34.574306488037109 ], [ 126.041526794433594, 34.567916870117188 ], [ 126.035140991211279, 34.576526641845817 ], [ 126.025970458985057, 34.571250915527628 ], [ 126.029304504394759, 34.565139770507869 ], [ 126.018196105957031, 34.564861297607706 ], [ 126.021804809570313, 34.574306488037109 ], [ 126.014305114746207, 34.585140228271428 ], [ 126.02652740478527, 34.592639923095703 ], [ 126.019584655761719, 34.600139617919979 ], [ 126.010971069336506, 34.596248626709155 ], [ 126.016525268554915, 34.618473052978629 ], [ 126.010139465332713, 34.630973815918082 ], [ 126.02874755859375, 34.635417938232479 ] ] ], [ [ [ 125.937919616699787, 34.632637023926009 ], [ 125.943748474121207, 34.631526947021484 ], [ 125.940971374512287, 34.629028320312557 ], [ 125.937919616699787, 34.632637023926009 ] ] ], [ [ [ 127.710975646972656, 34.637084960937614 ], [ 127.712638854981151, 34.635139465332088 ], [ 127.709861755371321, 34.635692596435717 ], [ 127.710975646972656, 34.637084960937614 ] ] ], [ [ [ 126.204307556153026, 34.637084960937614 ], [ 126.205696105957031, 34.635692596435717 ], [ 126.204582214355696, 34.634860992431925 ], [ 126.204307556153026, 34.637084960937614 ] ] ], [ [ [ 126.074302673340412, 34.634860992431925 ], [ 126.079864501953125, 34.634860992431925 ], [ 126.07958221435581, 34.633750915527571 ], [ 126.074302673340412, 34.634860992431925 ] ] ], [ [ [ 126.092361450195654, 34.637638092041186 ], [ 126.096252441406477, 34.636806488037394 ], [ 126.095138549804688, 34.635139465332088 ], [ 126.092361450195654, 34.637638092041186 ] ] ], [ [ [ 126.080139160156932, 34.637638092041186 ], [ 126.088470458984375, 34.63347244262718 ], [ 126.088752746582031, 34.629306793213118 ], [ 126.080139160156932, 34.637638092041186 ] ] ], [ [ [ 127.518470764160838, 34.640972137451456 ], [ 127.513748168945313, 34.632083892822266 ], [ 127.523750305175781, 34.625694274902344 ], [ 127.52180480957054, 34.618473052978629 ], [ 127.508750915528026, 34.633193969726619 ], [ 127.518470764160838, 34.640972137451456 ] ] ], [ [ [ 126.08819580078125, 34.642917633056754 ], [ 126.091804504394531, 34.640140533447493 ], [ 126.087913513184048, 34.640972137451456 ], [ 126.08819580078125, 34.642917633056754 ] ] ], [ [ [ 127.55097198486385, 34.642917633056754 ], [ 127.568748474121094, 34.634582519531534 ], [ 127.569862365722884, 34.626525878906477 ], [ 127.546806335449219, 34.637084960937614 ], [ 127.55097198486385, 34.642917633056754 ] ] ], [ [ [ 125.961807250976563, 34.645137786865462 ], [ 125.974861145020213, 34.634582519531534 ], [ 125.977081298828125, 34.61875152587919 ], [ 125.964302062988281, 34.629028320312557 ], [ 125.955413818359716, 34.623195648193587 ], [ 125.946250915528026, 34.634029388427734 ], [ 125.961807250976563, 34.645137786865462 ] ] ], [ [ [ 126.005973815917969, 34.644306182861328 ], [ 126.019859313965071, 34.639862060547102 ], [ 126.002082824707486, 34.638473510742188 ], [ 126.005973815917969, 34.644306182861328 ] ] ], [ [ [ 126.026252746582259, 34.645694732666243 ], [ 126.029586791992415, 34.645694732666243 ], [ 126.029861450195881, 34.644859313964901 ], [ 126.026252746582259, 34.645694732666243 ] ] ], [ [ [ 127.799583435058707, 34.648750305175724 ], [ 127.801246643066406, 34.646804809570426 ], [ 127.799026489257926, 34.645973205566463 ], [ 127.799583435058707, 34.648750305175724 ] ] ], [ [ [ 126.007637023925895, 34.647083282470817 ], [ 126.010696411132926, 34.648750305175724 ], [ 126.0120849609375, 34.646526336670036 ], [ 126.007637023925895, 34.647083282470817 ] ] ], [ [ [ 126.108474731445313, 34.647640228271769 ], [ 126.112915039062614, 34.646251678467024 ], [ 126.110137939453125, 34.644584655761719 ], [ 126.108474731445313, 34.647640228271769 ] ] ], [ [ [ 126.043746948242188, 34.648193359375171 ], [ 126.048194885253906, 34.648471832275561 ], [ 126.047920227051122, 34.642917633056754 ], [ 126.043746948242188, 34.648193359375171 ] ] ], [ [ [ 126.005142211914176, 34.652637481689737 ], [ 126.007080078125227, 34.650970458984432 ], [ 126.004585266113395, 34.651527404785384 ], [ 126.005142211914176, 34.652637481689737 ] ] ], [ [ [ 126.250968933105469, 34.653194427490348 ], [ 126.252639770508381, 34.652915954589957 ], [ 126.251251220703466, 34.652084350586165 ], [ 126.250968933105469, 34.653194427490348 ] ] ], [ [ [ 125.950973510742301, 34.652915954589957 ], [ 125.959861755371662, 34.6537513732913 ], [ 125.959861755371662, 34.651805877685774 ], [ 125.950973510742301, 34.652915954589957 ] ] ], [ [ [ 125.883750915527912, 34.654861450195483 ], [ 125.895973205566634, 34.651527404785384 ], [ 125.882362365722997, 34.649581909179915 ], [ 125.883750915527912, 34.654861450195483 ] ] ], [ [ [ 127.554306030273551, 34.655971527099837 ], [ 127.557357788086051, 34.655139923095646 ], [ 127.554306030273551, 34.655418395996037 ], [ 127.554306030273551, 34.655971527099837 ] ] ], [ [ [ 125.46402740478527, 34.655971527099837 ], [ 125.478195190430029, 34.649028778076115 ], [ 125.4656982421875, 34.637359619140625 ], [ 125.455696105957372, 34.642360687255803 ], [ 125.46402740478527, 34.655971527099837 ] ] ], [ [ [ 126.082359313964844, 34.658473968506087 ], [ 126.085418701171875, 34.658473968506087 ], [ 126.082359313964844, 34.657917022705305 ], [ 126.082359313964844, 34.658473968506087 ] ] ], [ [ [ 127.55124664306652, 34.657360076904354 ], [ 127.549026489257813, 34.658195495605696 ], [ 127.55124664306652, 34.65958404541027 ], [ 127.55124664306652, 34.657360076904354 ] ] ], [ [ [ 126.011802673340298, 34.660137176513672 ], [ 126.01513671875, 34.658195495605696 ], [ 126.011528015136719, 34.659305572509879 ], [ 126.011802673340298, 34.660137176513672 ] ] ], [ [ [ 126.352638244628906, 34.658748626709098 ], [ 126.350135803222656, 34.657917022705305 ], [ 126.353195190429688, 34.660415649414063 ], [ 126.352638244628906, 34.658748626709098 ] ] ], [ [ [ 126.187080383300781, 34.662918090820313 ], [ 126.188751220703352, 34.661529541015568 ], [ 126.186531066894645, 34.660694122314453 ], [ 126.187080383300781, 34.662918090820313 ] ] ], [ [ [ 125.847084045410497, 34.663192749023722 ], [ 125.851249694824446, 34.662639617919922 ], [ 125.850418090820313, 34.660972595215014 ], [ 125.847084045410497, 34.663192749023722 ] ] ], [ [ [ 127.730697631835938, 34.662639617919922 ], [ 127.734580993653026, 34.662082672119368 ], [ 127.734024047851904, 34.660694122314453 ], [ 127.730697631835938, 34.662639617919922 ] ] ], [ [ [ 126.017639160156364, 34.667640686035327 ], [ 126.021247863769531, 34.666526794433594 ], [ 126.018753051757813, 34.664859771728459 ], [ 126.017639160156364, 34.667640686035327 ] ] ], [ [ [ 126.047637939453125, 34.669029235839844 ], [ 126.046249389648551, 34.661251068115405 ], [ 126.0504150390625, 34.649860382080078 ], [ 126.043472290039517, 34.652915954589957 ], [ 126.047637939453125, 34.669029235839844 ] ] ], [ [ [ 127.707916259765625, 34.670139312744197 ], [ 127.713195800781364, 34.671249389648381 ], [ 127.713195800781364, 34.669582366943644 ], [ 127.707916259765625, 34.670139312744197 ] ] ], [ [ [ 126.033752441406364, 34.667915344238509 ], [ 126.038475036621094, 34.672359466552734 ], [ 126.039581298828693, 34.669029235839844 ], [ 126.033752441406364, 34.667915344238509 ] ] ], [ [ [ 126.153198242188182, 34.672916412353516 ], [ 126.18791961669956, 34.651248931884822 ], [ 126.184585571289063, 34.637916564941406 ], [ 126.200691223145213, 34.642639160156193 ], [ 126.201530456543196, 34.635692596435717 ], [ 126.174858093261719, 34.621528625488281 ], [ 126.163475036621207, 34.628471374512003 ], [ 126.152084350585938, 34.618194580078239 ], [ 126.122642517089957, 34.615417480468921 ], [ 126.129028320312614, 34.61875152587919 ], [ 126.122917175292969, 34.627361297607649 ], [ 126.134025573730469, 34.64152908325201 ], [ 126.127914428711165, 34.647914886474609 ], [ 126.117362976074219, 34.642360687255803 ], [ 126.114585876464844, 34.651248931884822 ], [ 126.127082824707372, 34.652084350586165 ], [ 126.130416870117188, 34.660415649414063 ], [ 126.138748168945313, 34.655418395996037 ], [ 126.153198242188182, 34.672916412353516 ] ] ], [ [ [ 127.471252441406477, 34.67430496215843 ], [ 127.469306945800781, 34.675140380859602 ], [ 127.471527099609489, 34.675693511963004 ], [ 127.471252441406477, 34.67430496215843 ] ] ], [ [ [ 125.846527099609375, 34.67402648925804 ], [ 125.852363586425895, 34.674583435058651 ], [ 125.84791564941429, 34.672084808349723 ], [ 125.846527099609375, 34.67402648925804 ] ] ], [ [ [ 126.24958038330135, 34.676250457763956 ], [ 126.250968933105469, 34.674861907959212 ], [ 126.24930572509777, 34.674861907959212 ], [ 126.24958038330135, 34.676250457763956 ] ] ], [ [ [ 126.15264129638706, 34.675693511963004 ], [ 126.154861450195767, 34.675415039062614 ], [ 126.154861450195767, 34.674583435058651 ], [ 126.15264129638706, 34.675693511963004 ] ] ], [ [ [ 127.680694580078125, 34.676528930664119 ], [ 127.684585571289176, 34.674861907959212 ], [ 127.680419921875341, 34.675140380859602 ], [ 127.680694580078125, 34.676528930664119 ] ] ], [ [ [ 126.440414428711051, 34.675693511963004 ], [ 126.443473815918082, 34.67430496215843 ], [ 126.441802978515625, 34.673473358154297 ], [ 126.440414428711051, 34.675693511963004 ] ] ], [ [ [ 127.70041656494152, 34.675415039062614 ], [ 127.704864501953125, 34.677639007568303 ], [ 127.705696105957031, 34.676250457763956 ], [ 127.70041656494152, 34.675415039062614 ] ] ], [ [ [ 127.44847106933662, 34.680694580078352 ], [ 127.451530456543651, 34.678195953369425 ], [ 127.44847106933662, 34.678749084472656 ], [ 127.44847106933662, 34.680694580078352 ] ] ], [ [ [ 126.162086486816406, 34.681804656982536 ], [ 126.164024353027457, 34.679862976074219 ], [ 126.16152954101608, 34.680694580078352 ], [ 126.162086486816406, 34.681804656982536 ] ] ], [ [ [ 127.739585876464844, 34.679584503173828 ], [ 127.74458312988304, 34.678470611572266 ], [ 127.74430847168037, 34.67680740356451 ], [ 127.739585876464844, 34.679584503173828 ] ] ], [ [ [ 126.010971069336506, 34.68597412109375 ], [ 126.014579772949219, 34.68319320678728 ], [ 126.010414123535384, 34.684581756592024 ], [ 126.010971069336506, 34.68597412109375 ] ] ], [ [ [ 127.451248168945313, 34.684860229492188 ], [ 127.454864501953125, 34.684028625488224 ], [ 127.454307556152344, 34.68319320678728 ], [ 127.451248168945313, 34.684860229492188 ] ] ], [ [ [ 126.005691528320313, 34.684581756592024 ], [ 126.006805419921875, 34.686527252197493 ], [ 126.007637023925895, 34.684860229492188 ], [ 126.005691528320313, 34.684581756592024 ] ] ], [ [ [ 127.790695190429688, 34.68597412109375 ], [ 127.793197631836506, 34.68597412109375 ], [ 127.793197631836506, 34.685138702392578 ], [ 127.790695190429688, 34.68597412109375 ] ] ], [ [ [ 127.704025268554801, 34.686527252197493 ], [ 127.707359313964957, 34.687084197998274 ], [ 127.706527709961165, 34.685138702392578 ], [ 127.704025268554801, 34.686527252197493 ] ] ], [ [ [ 125.176803588867301, 34.688194274902457 ], [ 125.181526184082031, 34.686248779296932 ], [ 125.178192138671875, 34.684860229492188 ], [ 125.176803588867301, 34.688194274902457 ] ] ], [ [ [ 127.708747863769531, 34.68902587890625 ], [ 127.711524963378906, 34.689304351806641 ], [ 127.710975646972656, 34.685138702392578 ], [ 127.708747863769531, 34.68902587890625 ] ] ], [ [ [ 126.07958221435581, 34.690692901611555 ], [ 126.069862365722997, 34.671527862548942 ], [ 126.065971374512173, 34.671249389648381 ], [ 126.064582824707259, 34.684028625488224 ], [ 126.07958221435581, 34.690692901611555 ] ] ], [ [ [ 127.320419311523438, 34.690692901611555 ], [ 127.32236480712902, 34.688751220703409 ], [ 127.319580078125, 34.68902587890625 ], [ 127.320419311523438, 34.690692901611555 ] ] ], [ [ [ 126.160140991211165, 34.690418243408146 ], [ 126.18180847168037, 34.68597412109375 ], [ 126.181526184082031, 34.679031372070426 ], [ 126.164024353027457, 34.68319320678728 ], [ 126.160140991211165, 34.690418243408146 ] ] ], [ [ [ 127.454582214356151, 34.687084197998274 ], [ 127.463752746582372, 34.689582824707202 ], [ 127.456527709960938, 34.68319320678728 ], [ 127.454582214356151, 34.687084197998274 ] ] ], [ [ [ 126.173751831054801, 34.6920814514163 ], [ 126.1754150390625, 34.690139770507756 ], [ 126.172637939453352, 34.690692901611555 ], [ 126.173751831054801, 34.6920814514163 ] ] ], [ [ [ 127.711250305176236, 34.6920814514163 ], [ 127.714584350585938, 34.693195343017805 ], [ 127.714584350585938, 34.6920814514163 ], [ 127.711250305176236, 34.6920814514163 ] ] ], [ [ [ 127.792083740234375, 34.692916870117415 ], [ 127.794303894042969, 34.692638397216854 ], [ 127.795974731445426, 34.691249847412109 ], [ 127.792083740234375, 34.692916870117415 ] ] ], [ [ [ 127.786529541016193, 34.694305419921989 ], [ 127.789024353027571, 34.694583892822379 ], [ 127.788192749023779, 34.693473815918196 ], [ 127.786529541016193, 34.694305419921989 ] ] ], [ [ [ 125.390975952148551, 34.696804046630916 ], [ 125.395416259765966, 34.690971374511946 ], [ 125.370140075683594, 34.665973663330192 ], [ 125.363746643067088, 34.66875076293968 ], [ 125.361251831054915, 34.675693511963004 ], [ 125.379859924316406, 34.681526184082145 ], [ 125.390975952148551, 34.696804046630916 ] ] ], [ [ [ 125.462081909179688, 34.696529388427678 ], [ 125.4637527465826, 34.695693969726563 ], [ 125.462638854980469, 34.695415496826172 ], [ 125.462081909179688, 34.696529388427678 ] ] ], [ [ [ 127.44541931152412, 34.696804046630916 ], [ 127.45291900634777, 34.689304351806641 ], [ 127.444305419921875, 34.694583892822379 ], [ 127.44541931152412, 34.696804046630916 ] ] ], [ [ [ 126.169860839844318, 34.695137023925781 ], [ 126.174308776855923, 34.694026947021769 ], [ 126.173751831054801, 34.692916870117415 ], [ 126.169860839844318, 34.695137023925781 ] ] ], [ [ [ 126.36846923828125, 34.697917938232422 ], [ 126.374862670898438, 34.688472747802848 ], [ 126.359580993652685, 34.677082061767749 ], [ 126.344581604004134, 34.686527252197493 ], [ 126.347358703613963, 34.694026947021769 ], [ 126.36846923828125, 34.697917938232422 ] ] ], [ [ [ 126.137359619141307, 34.695415496826172 ], [ 126.147361755371321, 34.692638397216854 ], [ 126.140975952148665, 34.687141418457031 ], [ 126.137359619141307, 34.695415496826172 ] ] ], [ [ [ 125.440971374511832, 34.699306488037337 ], [ 125.429031372070426, 34.684860229492188 ], [ 125.441528320312614, 34.683750152587834 ], [ 125.443748474121321, 34.694583892822379 ], [ 125.451805114746548, 34.689582824707202 ], [ 125.453750610351676, 34.695972442627124 ], [ 125.464584350586392, 34.686805725097884 ], [ 125.44486236572277, 34.681251525879134 ], [ 125.442359924316406, 34.663192749023722 ], [ 125.422363281250568, 34.659027099609659 ], [ 125.428192138671989, 34.645137786865462 ], [ 125.41124725341831, 34.645137786865462 ], [ 125.417358398437841, 34.64152908325201 ], [ 125.409309387207145, 34.636249542236271 ], [ 125.41124725341831, 34.623748779296989 ], [ 125.3951416015625, 34.629306793213118 ], [ 125.385139465332031, 34.643749237060547 ], [ 125.398193359375, 34.649028778076115 ], [ 125.386802673339957, 34.657917022705305 ], [ 125.408752441406932, 34.683471679687671 ], [ 125.40819549560581, 34.694305419921989 ], [ 125.440971374511832, 34.699306488037337 ] ] ], [ [ [ 126.38430786132858, 34.698471069336222 ], [ 126.386802673339957, 34.698749542236385 ], [ 126.386528015137287, 34.697917938232422 ], [ 126.38430786132858, 34.698471069336222 ] ] ], [ [ [ 126.24069213867233, 34.697082519531477 ], [ 126.244026184082031, 34.700695037841911 ], [ 126.244583129882813, 34.698192596435831 ], [ 126.24069213867233, 34.697082519531477 ] ] ], [ [ [ 127.421806335449219, 34.700138092041129 ], [ 127.447914123535497, 34.691249847412109 ], [ 127.447914123535497, 34.685138702392578 ], [ 127.429862976074446, 34.690418243408146 ], [ 127.421806335449219, 34.700138092041129 ] ] ], [ [ [ 125.461250305175781, 34.700973510742301 ], [ 125.467636108398892, 34.700138092041129 ], [ 125.468193054199219, 34.696804046630916 ], [ 125.461250305175781, 34.700973510742301 ] ] ], [ [ [ 127.42958068847679, 34.704029083251953 ], [ 127.433746337890739, 34.704303741455192 ], [ 127.434028625488281, 34.703472137451399 ], [ 127.42958068847679, 34.704029083251953 ] ] ], [ [ [ 127.41041564941429, 34.702362060547046 ], [ 127.420692443848225, 34.703193664550838 ], [ 127.421249389648438, 34.701248168945483 ], [ 127.41041564941429, 34.702362060547046 ] ] ], [ [ [ 127.449302673340412, 34.706527709961051 ], [ 127.450691223144531, 34.704582214355753 ], [ 127.448753356933821, 34.705696105957259 ], [ 127.449302673340412, 34.706527709961051 ] ] ], [ [ [ 126.370697021484943, 34.707084655761832 ], [ 126.371803283691406, 34.704860687256144 ], [ 126.370140075683821, 34.705696105957259 ], [ 126.370697021484943, 34.707084655761832 ] ] ], [ [ [ 127.422637939453125, 34.707084655761832 ], [ 127.42791748046875, 34.704860687256144 ], [ 127.421249389648438, 34.704029083251953 ], [ 127.422637939453125, 34.707084655761832 ] ] ], [ [ [ 126.192916870117188, 34.70930480957054 ], [ 126.201530456543196, 34.698749542236385 ], [ 126.192642211914176, 34.697360992431868 ], [ 126.197639465332713, 34.686805725097884 ], [ 126.188468933105696, 34.680416107177962 ], [ 126.178192138672216, 34.693195343017805 ], [ 126.192916870117188, 34.70930480957054 ] ] ], [ [ [ 126.381248474121094, 34.70930480957054 ], [ 126.382919311523665, 34.707916259765625 ], [ 126.381248474121094, 34.707359313964844 ], [ 126.381248474121094, 34.70930480957054 ] ] ], [ [ [ 127.292915344238509, 34.709026336670149 ], [ 127.294303894043423, 34.707359313964844 ], [ 127.292915344238509, 34.70624923706049 ], [ 127.292915344238509, 34.709026336670149 ] ] ], [ [ [ 127.695137023925781, 34.709026336670149 ], [ 127.6976394653326, 34.708751678466967 ], [ 127.697082519531477, 34.707916259765625 ], [ 127.695137023925781, 34.709026336670149 ] ] ], [ [ [ 126.141807556152457, 34.710140228271712 ], [ 126.14569091796875, 34.708751678466967 ], [ 126.144027709961165, 34.707084655761832 ], [ 126.141807556152457, 34.710140228271712 ] ] ], [ [ [ 127.70041656494152, 34.711807250976619 ], [ 127.710136413574332, 34.709026336670149 ], [ 127.712081909180029, 34.701805114746094 ], [ 127.704307556152457, 34.704303741455192 ], [ 127.70041656494152, 34.711807250976619 ] ] ], [ [ [ 126.064308166504588, 34.711807250976619 ], [ 126.068473815918082, 34.711250305176065 ], [ 126.067359924317088, 34.708473205566406 ], [ 126.064308166504588, 34.711807250976619 ] ] ], [ [ [ 126.110420227051236, 34.712917327880973 ], [ 126.112083435058821, 34.70375061035179 ], [ 126.096252441406477, 34.699859619140568 ], [ 126.095695495605469, 34.707916259765625 ], [ 126.110420227051236, 34.712917327880973 ] ] ], [ [ [ 126.121528625488963, 34.712638854980412 ], [ 126.134025573730469, 34.710693359375114 ], [ 126.1370849609375, 34.705970764160099 ], [ 126.123191833496548, 34.704860687256144 ], [ 126.121528625488963, 34.712638854980412 ] ] ], [ [ [ 126.412361145019645, 34.711807250976619 ], [ 126.415138244629475, 34.711807250976619 ], [ 126.412635803222656, 34.710414886474723 ], [ 126.412361145019645, 34.711807250976619 ] ] ], [ [ [ 127.706253051757813, 34.711807250976619 ], [ 127.710975646972656, 34.710971832275675 ], [ 127.711250305176236, 34.70930480957054 ], [ 127.706253051757813, 34.711807250976619 ] ] ], [ [ [ 126.389579772949787, 34.712917327880973 ], [ 126.392082214355696, 34.712638854980412 ], [ 126.392082214355696, 34.711807250976619 ], [ 126.389579772949787, 34.712917327880973 ] ] ], [ [ [ 125.940139770508495, 34.713195800781534 ], [ 125.942085266113281, 34.712360382080021 ], [ 125.940139770508495, 34.711250305176065 ], [ 125.940139770508495, 34.713195800781534 ] ] ], [ [ [ 125.999580383300781, 34.710693359375114 ], [ 126.004302978516193, 34.711250305176065 ], [ 126.003753662109375, 34.709026336670149 ], [ 125.999580383300781, 34.710693359375114 ] ] ], [ [ [ 126.07347106933662, 34.711250305176065 ], [ 126.082641601562841, 34.709861755371321 ], [ 126.080413818359602, 34.705696105957259 ], [ 126.07347106933662, 34.711250305176065 ] ] ], [ [ [ 126.379028320313182, 34.714584350585938 ], [ 126.374031066894645, 34.711250305176065 ], [ 126.376525878906364, 34.714305877685547 ], [ 126.379028320313182, 34.714584350585938 ] ] ], [ [ [ 127.414306640625114, 34.714027404785327 ], [ 127.422080993652344, 34.712081909179858 ], [ 127.412635803222997, 34.709026336670149 ], [ 127.414306640625114, 34.714027404785327 ] ] ], [ [ [ 125.902359008789176, 34.715972900390682 ], [ 125.90652465820358, 34.712638854980412 ], [ 125.905975341796989, 34.707637786865405 ], [ 125.90069580078125, 34.709026336670149 ], [ 125.902359008789176, 34.715972900390682 ] ] ], [ [ [ 125.2087478637701, 34.716526031494254 ], [ 125.212638854980582, 34.695137023925781 ], [ 125.20291900634777, 34.679862976074219 ], [ 125.192916870117756, 34.683471679687671 ], [ 125.197639465332031, 34.67430496215843 ], [ 125.18846893310581, 34.67430496215843 ], [ 125.187919616699219, 34.664859771728459 ], [ 125.18235778808662, 34.666805267333984 ], [ 125.178749084472997, 34.682918548584041 ], [ 125.192359924316634, 34.686248779296932 ], [ 125.201530456542969, 34.716251373291243 ], [ 125.2087478637701, 34.716526031494254 ] ] ], [ [ [ 127.709587097168651, 34.714305877685547 ], [ 127.712081909180029, 34.715415954590071 ], [ 127.712638854981151, 34.711528778076229 ], [ 127.709587097168651, 34.714305877685547 ] ] ], [ [ [ 126.079025268554688, 34.718193054199389 ], [ 126.084030151367756, 34.715415954590071 ], [ 126.083473205566634, 34.713470458984375 ], [ 126.079025268554688, 34.718193054199389 ] ] ], [ [ [ 126.071807861328239, 34.71847152709978 ], [ 126.074859619140739, 34.71847152709978 ], [ 126.074584960937614, 34.717361450195597 ], [ 126.071807861328239, 34.71847152709978 ] ] ], [ [ [ 125.404029846191406, 34.715972900390682 ], [ 125.409584045410725, 34.71513748168968 ], [ 125.405693054199446, 34.713748931884766 ], [ 125.404029846191406, 34.715972900390682 ] ] ], [ [ [ 125.187080383300895, 34.717918395996151 ], [ 125.190139770507926, 34.715972900390682 ], [ 125.18846893310581, 34.71513748168968 ], [ 125.187080383300895, 34.717918395996151 ] ] ], [ [ [ 125.195968627930256, 34.719581604004134 ], [ 125.198471069335938, 34.720695495605469 ], [ 125.198196411133154, 34.719028472900334 ], [ 125.195968627930256, 34.719581604004134 ] ] ], [ [ [ 127.713195800781364, 34.720138549804688 ], [ 127.708473205566406, 34.720138549804688 ], [ 127.714027404785156, 34.721527099609602 ], [ 127.713195800781364, 34.720138549804688 ] ] ], [ [ [ 125.894584655761719, 34.721805572509993 ], [ 125.891250610351563, 34.713470458984375 ], [ 125.886802673340412, 34.716526031494254 ], [ 125.890975952148438, 34.716804504394645 ], [ 125.894584655761719, 34.721805572509993 ] ] ], [ [ [ 127.447639465332031, 34.721805572509993 ], [ 127.44541931152412, 34.70930480957054 ], [ 127.438468933105469, 34.705696105957259 ], [ 127.435974121093977, 34.710971832275675 ], [ 127.447639465332031, 34.721805572509993 ] ] ], [ [ [ 127.718475341796875, 34.719581604004134 ], [ 127.732360839844318, 34.71847152709978 ], [ 127.727638244628906, 34.70958328247076 ], [ 127.742080688477131, 34.702915191650618 ], [ 127.719863891601676, 34.704860687256144 ], [ 127.718475341796875, 34.719581604004134 ] ] ], [ [ [ 126.005416870117188, 34.722084045410384 ], [ 126.009582519531591, 34.721805572509993 ], [ 126.009864807128906, 34.720973968505859 ], [ 126.005416870117188, 34.722084045410384 ] ] ], [ [ [ 126.079864501953125, 34.722362518310604 ], [ 126.087081909180256, 34.722362518310604 ], [ 126.086524963379134, 34.716526031494254 ], [ 126.079864501953125, 34.722362518310604 ] ] ], [ [ [ 127.395416259765739, 34.720417022705249 ], [ 127.399864196777344, 34.723751068115519 ], [ 127.400138854980469, 34.720973968505859 ], [ 127.395416259765739, 34.720417022705249 ] ] ], [ [ [ 125.197914123535156, 34.723751068115519 ], [ 125.201805114746776, 34.725418090820256 ], [ 125.200973510742188, 34.722915649414176 ], [ 125.197914123535156, 34.723751068115519 ] ] ], [ [ [ 127.300697326660156, 34.727916717529524 ], [ 127.304031372070767, 34.725971221924055 ], [ 127.300415039062955, 34.725418090820256 ], [ 127.300697326660156, 34.727916717529524 ] ] ], [ [ [ 127.307640075683594, 34.728473663330305 ], [ 127.315696716308707, 34.725971221924055 ], [ 127.313194274902798, 34.719028472900334 ], [ 127.305137634277344, 34.720695495605469 ], [ 127.307640075683594, 34.728473663330305 ] ] ], [ [ [ 126.037918090820313, 34.729305267334098 ], [ 126.039306640625114, 34.727359771728572 ], [ 126.038475036621094, 34.727085113525391 ], [ 126.037918090820313, 34.729305267334098 ] ] ], [ [ [ 126.02874755859375, 34.73014068603544 ], [ 126.02680206298885, 34.722637176513956 ], [ 126.016807556152571, 34.727916717529524 ], [ 126.017364501953239, 34.73014068603544 ], [ 126.02874755859375, 34.73014068603544 ] ] ], [ [ [ 125.446250915527344, 34.73014068603544 ], [ 125.446807861328125, 34.727359771728572 ], [ 125.444305419922443, 34.728473663330305 ], [ 125.446250915527344, 34.73014068603544 ] ] ], [ [ [ 125.997085571289063, 34.729862213134879 ], [ 126.00180816650402, 34.728195190429915 ], [ 126.000137329101563, 34.725692749023665 ], [ 125.997085571289063, 34.729862213134879 ] ] ], [ [ [ 125.991806030273551, 34.727359771728572 ], [ 125.995971679687955, 34.729305267334098 ], [ 125.994857788086051, 34.725971221924055 ], [ 125.991806030273551, 34.727359771728572 ] ] ], [ [ [ 126.185417175293196, 34.729305267334098 ], [ 126.189857482910156, 34.730415344238281 ], [ 126.190696716308594, 34.725692749023665 ], [ 126.185417175293196, 34.729305267334098 ] ] ], [ [ [ 126.437919616699332, 34.731803894043026 ], [ 126.442085266113281, 34.729862213134879 ], [ 126.438194274902344, 34.726528167724609 ], [ 126.437919616699332, 34.731803894043026 ] ] ], [ [ [ 126.419860839844091, 34.732639312744141 ], [ 126.422080993652798, 34.732082366943587 ], [ 126.420135498046875, 34.731529235839787 ], [ 126.419860839844091, 34.732639312744141 ] ] ], [ [ [ 127.734580993653026, 34.733470916748331 ], [ 127.736526489257813, 34.732082366943587 ], [ 127.734580993653026, 34.732360839843977 ], [ 127.734580993653026, 34.733470916748331 ] ] ], [ [ [ 127.74430847168037, 34.734027862548885 ], [ 127.78708648681652, 34.716804504394645 ], [ 127.789581298828693, 34.699306488037337 ], [ 127.77569580078125, 34.702083587646484 ], [ 127.77874755859375, 34.711528778076229 ], [ 127.77402496337902, 34.704582214355753 ], [ 127.76513671875, 34.710414886474723 ], [ 127.770416259765739, 34.701805114746094 ], [ 127.762916564941406, 34.705696105957259 ], [ 127.759025573730469, 34.70375061035179 ], [ 127.765975952148438, 34.694305419921989 ], [ 127.77958679199287, 34.697360992431868 ], [ 127.776527404785384, 34.680973052978572 ], [ 127.783195495605582, 34.671249389648381 ], [ 127.80014038085983, 34.667915344238509 ], [ 127.795417785645213, 34.660415649414063 ], [ 127.80625152587902, 34.661529541015568 ], [ 127.794303894042969, 34.645137786865462 ], [ 127.8004150390625, 34.629859924316349 ], [ 127.792640686035384, 34.630416870117472 ], [ 127.788192749023779, 34.607917785644645 ], [ 127.807914733886719, 34.597084045410156 ], [ 127.803474426269531, 34.586807250976733 ], [ 127.749305725097656, 34.59236145019554 ], [ 127.737083435058594, 34.611251831054915 ], [ 127.710136413574332, 34.621528625488281 ], [ 127.72430419921875, 34.634860992431925 ], [ 127.711524963378906, 34.642639160156193 ], [ 127.723472595214957, 34.655693054199446 ], [ 127.729026794433707, 34.655971527099837 ], [ 127.747642517089844, 34.66875076293968 ], [ 127.752914428710938, 34.681526184082145 ], [ 127.771804809570313, 34.684307098388786 ], [ 127.756530761719091, 34.690418243408146 ], [ 127.758468627929688, 34.712638854980412 ], [ 127.746528625488281, 34.714027404785327 ], [ 127.736526489257813, 34.728473663330305 ], [ 127.74430847168037, 34.734027862548885 ] ] ], [ [ [ 127.307083129883267, 34.734027862548885 ], [ 127.310142517090298, 34.732917785644531 ], [ 127.307357788085938, 34.732082366943587 ], [ 127.307083129883267, 34.734027862548885 ] ] ], [ [ [ 126.040138244628906, 34.734859466552678 ], [ 126.041809082031932, 34.734584808349837 ], [ 126.044860839844432, 34.732639312744141 ], [ 126.040138244628906, 34.734859466552678 ] ] ], [ [ [ 125.881530761719205, 34.734859466552678 ], [ 125.885414123535497, 34.734027862548885 ], [ 125.884864807128906, 34.733196258545092 ], [ 125.881530761719205, 34.734859466552678 ] ] ], [ [ [ 126.035140991211279, 34.735973358154411 ], [ 126.038192749023779, 34.736804962158203 ], [ 126.037361145019986, 34.735137939453239 ], [ 126.035140991211279, 34.735973358154411 ] ] ], [ [ [ 127.308197021484375, 34.73569488525402 ], [ 127.310417175292969, 34.736804962158203 ], [ 127.310142517090298, 34.7354164123538 ], [ 127.308197021484375, 34.73569488525402 ] ] ], [ [ [ 125.94180297851608, 34.736251831054801 ], [ 125.948471069335938, 34.735137939453239 ], [ 125.949859619140852, 34.733470916748331 ], [ 125.94180297851608, 34.736251831054801 ] ] ], [ [ [ 127.561531066894986, 34.734859466552678 ], [ 127.566253662109375, 34.7354164123538 ], [ 127.564857482910156, 34.732639312744141 ], [ 127.561531066894986, 34.734859466552678 ] ] ], [ [ [ 125.964302062988281, 34.737915039062727 ], [ 125.972084045410384, 34.716804504394645 ], [ 126.013748168945426, 34.701526641845703 ], [ 126.008468627929688, 34.687084197998274 ], [ 125.997085571289063, 34.689582824707202 ], [ 125.995414733886832, 34.680416107177962 ], [ 125.978752136230696, 34.672359466552734 ], [ 125.979309082031818, 34.662082672119368 ], [ 125.963470458984489, 34.65625 ], [ 125.953193664551009, 34.659027099609659 ], [ 125.954307556152344, 34.672637939453296 ], [ 125.940696716308707, 34.663749694824276 ], [ 125.931808471679801, 34.668193817138729 ], [ 125.932357788085938, 34.677917480468864 ], [ 125.920417785644531, 34.67097091674799 ], [ 125.914024353027685, 34.704582214355753 ], [ 125.936248779296875, 34.716526031494254 ], [ 125.935691833496094, 34.709861755371321 ], [ 125.945968627929688, 34.704860687256144 ], [ 125.947082519531818, 34.722362518310604 ], [ 125.960136413574332, 34.721805572509993 ], [ 125.964302062988281, 34.737915039062727 ] ] ], [ [ [ 127.312080383300895, 34.738193511962947 ], [ 127.314582824707713, 34.736804962158203 ], [ 127.313194274902798, 34.736251831054801 ], [ 127.312080383300895, 34.738193511962947 ] ] ], [ [ [ 127.67124938964912, 34.738750457763899 ], [ 127.673469543457031, 34.737915039062727 ], [ 127.672080993652912, 34.737083435058594 ], [ 127.67124938964912, 34.738750457763899 ] ] ], [ [ [ 127.55986022949287, 34.737640380859546 ], [ 127.561805725097656, 34.738750457763899 ], [ 127.560974121093864, 34.736804962158203 ], [ 127.55986022949287, 34.737640380859546 ] ] ], [ [ [ 125.98542022705135, 34.737640380859546 ], [ 125.989860534667969, 34.738471984863509 ], [ 125.985969543457031, 34.736526489257813 ], [ 125.98542022705135, 34.737640380859546 ] ] ], [ [ [ 126.330970764160497, 34.736251831054801 ], [ 126.334304809570313, 34.738471984863509 ], [ 126.333747863769531, 34.73569488525402 ], [ 126.330970764160497, 34.736251831054801 ] ] ], [ [ [ 125.948471069335938, 34.740970611572209 ], [ 125.953475952148551, 34.739582061767862 ], [ 125.953193664551009, 34.738750457763899 ], [ 125.948471069335938, 34.740970611572209 ] ] ], [ [ [ 127.656806945800781, 34.741806030273722 ], [ 127.658752441406477, 34.739860534668253 ], [ 127.656524658203239, 34.740139007568416 ], [ 127.656806945800781, 34.741806030273722 ] ] ], [ [ [ 125.455970764160156, 34.743194580078125 ], [ 125.480140686035156, 34.733749389648494 ], [ 125.462081909179688, 34.725692749023665 ], [ 125.463195800781477, 34.713470458984375 ], [ 125.448753356934048, 34.725692749023665 ], [ 125.458747863769872, 34.73014068603544 ], [ 125.455970764160156, 34.743194580078125 ] ] ], [ [ [ 125.444305419922443, 34.744026184082259 ], [ 125.451530456542969, 34.738471984863509 ], [ 125.445137023926236, 34.737083435058594 ], [ 125.449584960937841, 34.732639312744141 ], [ 125.436248779296875, 34.734584808349837 ], [ 125.444305419922443, 34.744026184082259 ] ] ], [ [ [ 126.322082519531477, 34.742916107177734 ], [ 126.324028015136719, 34.743194580078125 ], [ 126.323753356933594, 34.741806030273722 ], [ 126.322082519531477, 34.742916107177734 ] ] ], [ [ [ 126.173469543457145, 34.744583129882869 ], [ 126.177085876464844, 34.743751525879077 ], [ 126.173469543457145, 34.744026184082259 ], [ 126.173469543457145, 34.744583129882869 ] ] ], [ [ [ 125.940414428711165, 34.745418548583984 ], [ 125.944030761719318, 34.742362976074332 ], [ 125.94180297851608, 34.741527557373161 ], [ 125.940414428711165, 34.745418548583984 ] ] ], [ [ [ 127.662918090820426, 34.743751525879077 ], [ 127.666252136230582, 34.742362976074332 ], [ 127.663475036621094, 34.740139007568416 ], [ 127.662918090820426, 34.743751525879077 ] ] ], [ [ [ 125.429031372070426, 34.744304656982649 ], [ 125.4334716796875, 34.745418548583984 ], [ 125.434303283691634, 34.743751525879077 ], [ 125.429031372070426, 34.744304656982649 ] ] ], [ [ [ 126.065414428711051, 34.745971679687784 ], [ 126.063751220703466, 34.745971679687784 ], [ 126.065414428711051, 34.747360229492131 ], [ 126.065414428711051, 34.745971679687784 ] ] ], [ [ [ 127.467918395996321, 34.744583129882869 ], [ 127.46902465820358, 34.746807098388729 ], [ 127.469863891601563, 34.744304656982649 ], [ 127.467918395996321, 34.744583129882869 ] ] ], [ [ [ 126.01513671875, 34.749027252197436 ], [ 126.024864196777344, 34.74486160278343 ], [ 126.027641296387173, 34.731529235839787 ], [ 126.014030456543537, 34.732917785644531 ], [ 126.01513671875, 34.749027252197436 ] ] ], [ [ [ 127.563194274902571, 34.749584197998047 ], [ 127.568191528320313, 34.742916107177734 ], [ 127.566253662109375, 34.739307403564453 ], [ 127.55708312988304, 34.741249084472599 ], [ 127.563194274902571, 34.749584197998047 ] ] ], [ [ [ 126.36846923828125, 34.749027252197436 ], [ 126.369857788086165, 34.75041580200218 ], [ 126.370414733886832, 34.749305725097656 ], [ 126.36846923828125, 34.749027252197436 ] ] ], [ [ [ 127.757637023925895, 34.742637634277514 ], [ 127.76513671875, 34.745971679687784 ], [ 127.767913818359489, 34.751525878906364 ], [ 127.768470764160611, 34.743473052978516 ], [ 127.757637023925895, 34.742637634277514 ] ] ], [ [ [ 126.011802673340298, 34.751804351806754 ], [ 126.013191223145213, 34.750694274902571 ], [ 126.012359619140625, 34.75041580200218 ], [ 126.011802673340298, 34.751804351806754 ] ] ], [ [ [ 125.957916259765625, 34.748748779296875 ], [ 125.962638854980696, 34.752082824707145 ], [ 125.96208190918037, 34.746528625488338 ], [ 125.957916259765625, 34.748748779296875 ] ] ], [ [ [ 126.167640686035611, 34.751525878906364 ], [ 126.172637939453352, 34.749305725097656 ], [ 126.169029235840526, 34.747917175293082 ], [ 126.167640686035611, 34.751525878906364 ] ] ], [ [ [ 125.935142517089957, 34.753192901611499 ], [ 125.938468933105469, 34.751525878906364 ], [ 125.935142517089957, 34.751804351806754 ], [ 125.935142517089957, 34.753192901611499 ] ] ], [ [ [ 126.048469543457259, 34.751804351806754 ], [ 126.061248779297102, 34.755138397216797 ], [ 126.060142517089844, 34.740139007568416 ], [ 126.048469543457259, 34.751804351806754 ] ] ], [ [ [ 125.426803588867188, 34.757362365722713 ], [ 125.435417175293082, 34.754581451416243 ], [ 125.438468933105582, 34.748474121093864 ], [ 125.432083129882926, 34.747360229492131 ], [ 125.426803588867188, 34.757362365722713 ] ] ], [ [ [ 125.435974121094205, 34.755973815917969 ], [ 125.439025878906705, 34.756805419922102 ], [ 125.438751220703125, 34.755416870117358 ], [ 125.435974121094205, 34.755973815917969 ] ] ], [ [ [ 126.3609695434576, 34.757915496826286 ], [ 126.363197326660838, 34.755695343017578 ], [ 126.3609695434576, 34.757362365722713 ], [ 126.3609695434576, 34.757915496826286 ] ] ], [ [ [ 125.950141906738509, 34.755416870117358 ], [ 125.953475952148551, 34.754306793213004 ], [ 125.953193664551009, 34.75291824340826 ], [ 125.950141906738509, 34.755416870117358 ] ] ], [ [ [ 126.222358703613281, 34.759029388428019 ], [ 126.225135803222656, 34.758193969726676 ], [ 126.225135803222656, 34.757637023926065 ], [ 126.222358703613281, 34.759029388428019 ] ] ], [ [ [ 126.351249694824787, 34.751525878906364 ], [ 126.354309082031477, 34.756526947021712 ], [ 126.360137939453807, 34.745140075683821 ], [ 126.351249694824787, 34.751525878906364 ] ] ], [ [ [ 125.972084045410384, 34.759582519531421 ], [ 125.978195190429688, 34.755138397216797 ], [ 125.972640991211506, 34.754859924316406 ], [ 125.972084045410384, 34.759582519531421 ] ] ], [ [ [ 127.508468627929688, 34.758193969726676 ], [ 127.514862060547216, 34.758750915527628 ], [ 127.516250610352131, 34.754581451416243 ], [ 127.508468627929688, 34.758193969726676 ] ] ], [ [ [ 126.369857788086165, 34.761528015136719 ], [ 126.372642517089844, 34.760417938232365 ], [ 126.370414733886832, 34.759029388428019 ], [ 126.369857788086165, 34.761528015136719 ] ] ], [ [ [ 125.459304809570995, 34.762916564941634 ], [ 125.462081909179688, 34.762638092041072 ], [ 125.461807250976563, 34.761528015136719 ], [ 125.459304809570995, 34.762916564941634 ] ] ], [ [ [ 126.150138854981151, 34.763748168945426 ], [ 126.154586791992301, 34.763195037842024 ], [ 126.155136108398438, 34.7620849609375 ], [ 126.150138854981151, 34.763748168945426 ] ] ], [ [ [ 126.018470764160156, 34.766803741455135 ], [ 126.027084350586051, 34.763748168945426 ], [ 126.028472900390966, 34.754028320312443 ], [ 126.019584655761719, 34.754859924316406 ], [ 126.018470764160156, 34.766803741455135 ] ] ], [ [ [ 127.503471374512287, 34.76514053344755 ], [ 127.506805419921989, 34.764583587646598 ], [ 127.504585266113281, 34.762916564941634 ], [ 127.503471374512287, 34.76514053344755 ] ] ], [ [ [ 127.492080688476563, 34.767917633056641 ], [ 127.496246337890852, 34.760971069336165 ], [ 127.504859924316406, 34.754581451416243 ], [ 127.499305725097656, 34.751804351806754 ], [ 127.492080688476563, 34.767917633056641 ] ] ], [ [ [ 125.443748474121321, 34.768196105957202 ], [ 125.442916870117529, 34.759582519531421 ], [ 125.434028625488281, 34.757362365722713 ], [ 125.434303283691634, 34.766803741455135 ], [ 125.443748474121321, 34.768196105957202 ] ] ], [ [ [ 127.453475952148438, 34.767082214355696 ], [ 127.456527709960938, 34.767360687256087 ], [ 127.456253051757926, 34.766803741455135 ], [ 127.453475952148438, 34.767082214355696 ] ] ], [ [ [ 126.132637023925781, 34.769306182861555 ], [ 126.13541412353527, 34.76847076416044 ], [ 126.132080078125114, 34.76763916015625 ], [ 126.132637023925781, 34.769306182861555 ] ] ], [ [ [ 126.378196716308594, 34.769584655761946 ], [ 126.379859924316975, 34.76847076416044 ], [ 126.377082824707145, 34.768196105957202 ], [ 126.378196716308594, 34.769584655761946 ] ] ], [ [ [ 126.057357788085938, 34.770694732666129 ], [ 126.049583435058707, 34.757362365722713 ], [ 126.039306640625114, 34.755138397216797 ], [ 126.048469543457259, 34.766250610351733 ], [ 126.057357788085938, 34.770694732666129 ] ] ], [ [ [ 127.561531066894986, 34.770694732666129 ], [ 127.568191528320313, 34.76763916015625 ], [ 127.570968627929688, 34.762916564941634 ], [ 127.559585571289063, 34.762638092041072 ], [ 127.561531066894986, 34.770694732666129 ] ] ], [ [ [ 126.171524047851904, 34.771526336669922 ], [ 126.174858093261719, 34.771526336669922 ], [ 126.174308776855923, 34.770137786865348 ], [ 126.171524047851904, 34.771526336669922 ] ] ], [ [ [ 125.998748779296875, 34.773750305176009 ], [ 125.998191833496662, 34.7620849609375 ], [ 125.98569488525402, 34.77097320556652 ], [ 125.986808776855469, 34.773750305176009 ], [ 125.998748779296875, 34.773750305176009 ] ] ], [ [ [ 126.089302062988963, 34.774581909179972 ], [ 126.106803894043082, 34.766250610351733 ], [ 126.125137329101676, 34.77097320556652 ], [ 126.143196105957031, 34.751529693603743 ], [ 126.162086486816406, 34.757362365722713 ], [ 126.182914733886832, 34.723751068115519 ], [ 126.175140380859716, 34.70041656494169 ], [ 126.146530151367529, 34.701805114746094 ], [ 126.149864196777344, 34.710971832275675 ], [ 126.138748168945313, 34.721248626709041 ], [ 126.142082214355923, 34.727638244628963 ], [ 126.127082824707372, 34.726528167724609 ], [ 126.118194580078125, 34.714862823486328 ], [ 126.098472595215185, 34.720138549804688 ], [ 126.102363586425781, 34.736526489257813 ], [ 126.095413208008154, 34.734027862548885 ], [ 126.094306945800781, 34.742916107177734 ], [ 126.072639465332031, 34.732360839843977 ], [ 126.070968627929801, 34.741249084472599 ], [ 126.081802368164517, 34.750972747802791 ], [ 126.077079772949446, 34.763473510742415 ], [ 126.0665283203125, 34.764862060546989 ], [ 126.063751220703466, 34.76847076416044 ], [ 126.084030151367756, 34.763748168945426 ], [ 126.089302062988963, 34.774581909179972 ] ] ], [ [ [ 126.117362976074219, 34.774028778076172 ], [ 126.121803283691634, 34.776248931884709 ], [ 126.123748779296875, 34.772914886474837 ], [ 126.117362976074219, 34.774028778076172 ] ] ], [ [ [ 126.078193664550895, 34.772914886474837 ], [ 126.081527709960938, 34.775138854980526 ], [ 126.084861755371548, 34.77097320556652 ], [ 126.078193664550895, 34.772914886474837 ] ] ], [ [ [ 126.167640686035611, 34.774307250976563 ], [ 126.169586181640852, 34.774860382080362 ], [ 126.167915344238281, 34.773471832275618 ], [ 126.167640686035611, 34.774307250976563 ] ] ], [ [ [ 127.432083129883154, 34.775138854980526 ], [ 127.437080383300781, 34.77652740478527 ], [ 127.437080383300781, 34.774860382080362 ], [ 127.432083129883154, 34.775138854980526 ] ] ], [ [ [ 126.078475952148438, 34.777637481689624 ], [ 126.081253051757926, 34.777362823486442 ], [ 126.082084655761719, 34.775970458984318 ], [ 126.078475952148438, 34.777637481689624 ] ] ], [ [ [ 126.189025878906364, 34.777362823486442 ], [ 126.192642211914176, 34.777084350586051 ], [ 126.189025878906364, 34.775138854980526 ], [ 126.189025878906364, 34.777362823486442 ] ] ], [ [ [ 126.050971984863622, 34.77986145019554 ], [ 126.052360534668537, 34.780971527099894 ], [ 126.05291748046875, 34.781528472900447 ], [ 126.054031372070654, 34.780971527099894 ], [ 126.050971984863622, 34.77986145019554 ] ] ], [ [ [ 126.039024353027571, 34.782638549804631 ], [ 126.038749694824901, 34.772914886474837 ], [ 126.027359008789063, 34.778751373291186 ], [ 126.034027099609375, 34.778751373291186 ], [ 126.039024353027571, 34.782638549804631 ] ] ], [ [ [ 127.558746337890625, 34.782917022705192 ], [ 127.557357788086051, 34.780418395996094 ], [ 127.555694580078125, 34.78236007690424 ], [ 127.558746337890625, 34.782917022705192 ] ] ], [ [ [ 126.294303894043082, 34.783748626708984 ], [ 126.301803588867188, 34.776248931884709 ], [ 126.288192749023551, 34.777362823486442 ], [ 126.294303894043082, 34.783748626708984 ] ] ], [ [ [ 126.02652740478527, 34.784584045410156 ], [ 126.029029846192088, 34.782638549804631 ], [ 126.025970458985057, 34.783473968505973 ], [ 126.02652740478527, 34.784584045410156 ] ] ], [ [ [ 126.355697631836392, 34.784862518310547 ], [ 126.37541961669956, 34.770694732666129 ], [ 126.368751525878906, 34.762916564941634 ], [ 126.369308471680029, 34.758193969726676 ], [ 126.355697631836392, 34.784862518310547 ] ] ], [ [ [ 127.47208404541027, 34.781528472900447 ], [ 127.47513580322277, 34.784305572509766 ], [ 127.475418090820313, 34.782081604004077 ], [ 127.47208404541027, 34.781528472900447 ] ] ], [ [ [ 127.391250610352245, 34.783748626708984 ], [ 127.394027709960938, 34.783748626708984 ], [ 127.39291381835983, 34.782917022705192 ], [ 127.391250610352245, 34.783748626708984 ] ] ], [ [ [ 127.41625213623081, 34.786529541015852 ], [ 127.427360534668082, 34.78569412231468 ], [ 127.430694580078239, 34.779026031494368 ], [ 127.417358398437614, 34.781528472900447 ], [ 127.41625213623081, 34.786529541015852 ] ] ], [ [ [ 125.920417785644531, 34.785972595214901 ], [ 125.922637939453125, 34.784305572509766 ], [ 125.920692443848338, 34.781250000000284 ], [ 125.920417785644531, 34.785972595214901 ] ] ], [ [ [ 126.167915344238281, 34.786529541015852 ], [ 126.174858093261719, 34.783748626708984 ], [ 126.171524047851904, 34.777637481689624 ], [ 126.167915344238281, 34.786529541015852 ] ] ], [ [ [ 127.458473205566634, 34.786251068115462 ], [ 127.461524963379134, 34.786529541015852 ], [ 127.461250305176463, 34.783195495605753 ], [ 127.458473205566634, 34.786251068115462 ] ] ], [ [ [ 126.033195495605582, 34.788192749023608 ], [ 126.035415649414063, 34.787361145019815 ], [ 126.033470153808707, 34.785972595214901 ], [ 126.033195495605582, 34.788192749023608 ] ] ], [ [ [ 126.321250915527685, 34.788471221923999 ], [ 126.330696105957031, 34.781806945800838 ], [ 126.315971374511946, 34.766250610351733 ], [ 126.320968627929688, 34.763473510742415 ], [ 126.317916870117188, 34.758750915527628 ], [ 126.304306030273438, 34.770694732666129 ], [ 126.308197021484375, 34.782081604004077 ], [ 126.321250915527685, 34.788471221923999 ] ] ], [ [ [ 125.786804199219091, 34.789028167724553 ], [ 125.789024353027798, 34.785972595214901 ], [ 125.785415649414176, 34.786804199218864 ], [ 125.786804199219091, 34.789028167724553 ] ] ], [ [ [ 125.900970458984375, 34.788471221923999 ], [ 125.906250000000114, 34.784862518310547 ], [ 125.902359008789176, 34.784862518310547 ], [ 125.900970458984375, 34.788471221923999 ] ] ], [ [ [ 126.198471069336506, 34.788471221923999 ], [ 126.20124816894554, 34.788749694824162 ], [ 126.200973510742188, 34.787361145019815 ], [ 126.198471069336506, 34.788471221923999 ] ] ], [ [ [ 126.315696716309276, 34.789859771728516 ], [ 126.318748474121776, 34.789859771728516 ], [ 126.315971374511946, 34.788192749023608 ], [ 126.315696716309276, 34.789859771728516 ] ] ], [ [ [ 127.558746337890625, 34.790695190429688 ], [ 127.562362670898779, 34.789859771728516 ], [ 127.560417175293082, 34.787639617920206 ], [ 127.558746337890625, 34.790695190429688 ] ] ], [ [ [ 127.471527099609489, 34.792640686035384 ], [ 127.476249694824219, 34.792640686035384 ], [ 127.475975036621094, 34.790695190429688 ], [ 127.471527099609489, 34.792640686035384 ] ] ], [ [ [ 126.331253051757813, 34.794029235840128 ], [ 126.333747863769531, 34.792640686035384 ], [ 126.332641601562614, 34.790138244628906 ], [ 126.331253051757813, 34.794029235840128 ] ] ], [ [ [ 126.340415954589844, 34.794860839843921 ], [ 126.339584350585938, 34.783195495605753 ], [ 126.338195800781477, 34.782638549804631 ], [ 126.334030151367529, 34.788471221923999 ], [ 126.340415954589844, 34.794860839843921 ] ] ], [ [ [ 125.905418395996321, 34.792083740234602 ], [ 125.91680908203125, 34.791805267334212 ], [ 125.909858703613281, 34.787082672119254 ], [ 125.905418395996321, 34.792083740234602 ] ] ], [ [ [ 126.1381912231451, 34.799304962158317 ], [ 126.170135498046989, 34.795696258545036 ], [ 126.157081604004475, 34.782081604004077 ], [ 126.164024353027457, 34.76514053344755 ], [ 126.149581909180029, 34.770137786865348 ], [ 126.138748168945313, 34.761249542236328 ], [ 126.136253356933594, 34.770137786865348 ], [ 126.127357482910156, 34.780693054199332 ], [ 126.1048583984375, 34.777915954589844 ], [ 126.081802368164517, 34.788192749023608 ], [ 126.1381912231451, 34.799304962158317 ] ] ], [ [ [ 125.954582214355923, 34.799583435058707 ], [ 125.957916259765625, 34.797084808349609 ], [ 125.954582214355923, 34.797916412353743 ], [ 125.954582214355923, 34.799583435058707 ] ] ], [ [ [ 126.202362060546989, 34.798473358154524 ], [ 126.204864501953239, 34.798751831054744 ], [ 126.204582214355696, 34.797359466552791 ], [ 126.202362060546989, 34.798473358154524 ] ] ], [ [ [ 127.427360534668082, 34.80347061157255 ], [ 127.429306030273438, 34.802360534668196 ], [ 127.427360534668082, 34.801528930664006 ], [ 127.427360534668082, 34.80347061157255 ] ] ], [ [ [ 127.463752746582372, 34.805694580078239 ], [ 127.470695495605469, 34.787082672119254 ], [ 127.459861755371548, 34.792362213134822 ], [ 127.453193664551236, 34.778472900390625 ], [ 127.4395828247076, 34.779026031494368 ], [ 127.449302673340412, 34.787639617920206 ], [ 127.447364807128906, 34.798473358154524 ], [ 127.459861755371548, 34.792640686035384 ], [ 127.463752746582372, 34.805694580078239 ] ] ], [ [ [ 125.994026184082031, 34.807083129882813 ], [ 125.999031066894986, 34.781528472900447 ], [ 125.986808776855469, 34.78013992309593 ], [ 125.983192443848111, 34.76847076416044 ], [ 125.92986297607456, 34.762638092041072 ], [ 125.929306030273438, 34.749862670898438 ], [ 125.942642211914404, 34.733196258545092 ], [ 125.929031372070767, 34.728748321533317 ], [ 125.941253662109489, 34.728748321533317 ], [ 125.940139770508495, 34.721248626709041 ], [ 125.911804199218977, 34.716804504394645 ], [ 125.887359619140625, 34.731803894043026 ], [ 125.895141601562841, 34.760417938232365 ], [ 125.889030456543651, 34.766529083251896 ], [ 125.903198242187614, 34.771804809570313 ], [ 125.898750305176463, 34.78236007690424 ], [ 125.940971374512287, 34.777084350586051 ], [ 125.953750610352131, 34.783473968505973 ], [ 125.951530456543423, 34.789028167724553 ], [ 125.964584350585938, 34.786804199218864 ], [ 125.974861145020213, 34.80347061157255 ], [ 125.994026184082031, 34.807083129882813 ] ] ], [ [ [ 126.084304809570426, 34.806804656982422 ], [ 126.087364196777457, 34.803749084472713 ], [ 126.083747863769645, 34.801807403564396 ], [ 126.084304809570426, 34.806804656982422 ] ] ], [ [ [ 127.523750305175781, 34.807361602783374 ], [ 127.525970458984489, 34.805973052978629 ], [ 127.523750305175781, 34.805973052978629 ], [ 127.523750305175781, 34.807361602783374 ] ] ], [ [ [ 126.21152496337902, 34.807640075683764 ], [ 126.214859008789176, 34.807361602783374 ], [ 126.213470458985057, 34.804862976074446 ], [ 126.21152496337902, 34.807640075683764 ] ] ], [ [ [ 126.069862365722997, 34.809581756592081 ], [ 126.07958221435581, 34.797916412353743 ], [ 126.076805114746094, 34.794303894042969 ], [ 126.067916870117301, 34.800140380859659 ], [ 126.069862365722997, 34.809581756592081 ] ] ], [ [ [ 126.346801757812841, 34.809581756592081 ], [ 126.350692749023665, 34.806526184082031 ], [ 126.346801757812841, 34.80625152587902 ], [ 126.346801757812841, 34.809581756592081 ] ] ], [ [ [ 126.163192749023665, 34.809028625488281 ], [ 126.166809082031818, 34.809581756592081 ], [ 126.163749694824787, 34.80625152587902 ], [ 126.163192749023665, 34.809028625488281 ] ] ], [ [ [ 127.438468933105469, 34.811248779296818 ], [ 127.444030761719205, 34.806804656982422 ], [ 127.435974121093977, 34.809028625488281 ], [ 127.438468933105469, 34.811248779296818 ] ] ], [ [ [ 126.034027099609375, 34.809860229492472 ], [ 126.037086486816406, 34.809307098388672 ], [ 126.036247253418082, 34.807918548583928 ], [ 126.034027099609375, 34.809860229492472 ] ] ], [ [ [ 126.141807556152457, 34.805694580078239 ], [ 126.153747558593864, 34.809581756592081 ], [ 126.149024963378906, 34.798751831054744 ], [ 126.141807556152457, 34.805694580078239 ] ] ], [ [ [ 127.450973510742529, 34.811527252197379 ], [ 127.452362060547443, 34.810417175293026 ], [ 127.450141906738736, 34.809307098388672 ], [ 127.450973510742529, 34.811527252197379 ] ] ], [ [ [ 126.079864501953125, 34.813194274902344 ], [ 126.081527709960938, 34.814025878906477 ], [ 126.081253051757926, 34.811248779296818 ], [ 126.079864501953125, 34.813194274902344 ] ] ], [ [ [ 126.02874755859375, 34.813751220703296 ], [ 126.030975341796875, 34.813751220703296 ], [ 126.030418395996207, 34.812637329101733 ], [ 126.02874755859375, 34.813751220703296 ] ] ], [ [ [ 126.334861755371321, 34.81513977050804 ], [ 126.339859008789063, 34.813751220703296 ], [ 126.341529846191634, 34.810695648193587 ], [ 126.337913513183821, 34.809307098388672 ], [ 126.334861755371321, 34.81513977050804 ] ] ], [ [ [ 126.327362060546875, 34.815418243408203 ], [ 126.333190917969205, 34.796806335449389 ], [ 126.314582824707031, 34.791805267334212 ], [ 126.315971374511946, 34.808193206787166 ], [ 126.327362060546875, 34.815418243408203 ] ] ], [ [ [ 126.020416259765739, 34.816249847412394 ], [ 126.022087097167969, 34.815692901611442 ], [ 126.020416259765739, 34.814304351806868 ], [ 126.020416259765739, 34.816249847412394 ] ] ], [ [ [ 126.35514068603527, 34.816249847412394 ], [ 126.357360839843977, 34.814582824707088 ], [ 126.355972290039063, 34.814025878906477 ], [ 126.35514068603527, 34.816249847412394 ] ] ], [ [ [ 125.967918395996094, 34.819862365722656 ], [ 125.972915649414176, 34.812362670898551 ], [ 125.969581604004475, 34.811527252197379 ], [ 125.967918395996094, 34.819862365722656 ] ] ], [ [ [ 126.160972595214957, 34.821250915527571 ], [ 126.163475036621207, 34.817916870117301 ], [ 126.160415649414176, 34.819026947021655 ], [ 126.160972595214957, 34.821250915527571 ] ] ], [ [ [ 126.159584045410156, 34.823471069336108 ], [ 126.160140991211165, 34.815418243408203 ], [ 126.154861450195767, 34.812915802001953 ], [ 126.155136108398438, 34.820415496826399 ], [ 126.159584045410156, 34.823471069336108 ] ] ], [ [ [ 125.953475952148551, 34.819862365722656 ], [ 125.961524963379247, 34.822917938232479 ], [ 125.954307556152344, 34.813472747802734 ], [ 125.953475952148551, 34.819862365722656 ] ] ], [ [ [ 126.171249389648438, 34.823471069336108 ], [ 126.174583435058594, 34.822639465332315 ], [ 126.173751831054801, 34.82069396972679 ], [ 126.171249389648438, 34.823471069336108 ] ] ], [ [ [ 126.042358398437614, 34.825416564941577 ], [ 126.064308166504588, 34.818195343017862 ], [ 126.066802978515966, 34.810974121093977 ], [ 126.047080993652344, 34.81513977050804 ], [ 126.042358398437614, 34.825416564941577 ] ] ], [ [ [ 126.135971069336392, 34.827362060546932 ], [ 126.14013671875, 34.829582214355639 ], [ 126.141525268554801, 34.827362060546932 ], [ 126.135971069336392, 34.827362060546932 ] ] ], [ [ [ 126.334587097168651, 34.830696105957145 ], [ 126.337913513183821, 34.830970764160384 ], [ 126.335136413574332, 34.828193664550895 ], [ 126.334587097168651, 34.830696105957145 ] ] ], [ [ [ 126.057914733886946, 34.830417633056584 ], [ 126.059303283691861, 34.832084655761719 ], [ 126.063194274902344, 34.829029083252237 ], [ 126.057914733886946, 34.830417633056584 ] ] ], [ [ [ 125.951530456543423, 34.833473205566634 ], [ 125.953750610352131, 34.834583282470817 ], [ 125.953750610352131, 34.833751678466854 ], [ 125.951530456543423, 34.833473205566634 ] ] ], [ [ [ 126.36541748046875, 34.835693359375 ], [ 126.372917175293651, 34.832637786865291 ], [ 126.366531372070313, 34.832637786865291 ], [ 126.36541748046875, 34.835693359375 ] ] ], [ [ [ 126.171806335449219, 34.839027404785213 ], [ 126.173751831054801, 34.837360382080305 ], [ 126.172080993653026, 34.836807250976506 ], [ 126.171806335449219, 34.839027404785213 ] ] ], [ [ [ 126.303474426269645, 34.841804504394531 ], [ 126.308471679687841, 34.840137481689567 ], [ 126.304031372070426, 34.838195800781421 ], [ 126.303474426269645, 34.841804504394531 ] ] ], [ [ [ 126.312362670898438, 34.843750000000227 ], [ 126.311805725097656, 34.841251373291129 ], [ 126.310142517089957, 34.841526031494141 ], [ 126.309860229492756, 34.842918395996037 ], [ 126.312362670898438, 34.843750000000227 ] ] ], [ [ [ 127.644302368164517, 34.841526031494141 ], [ 127.647918701171875, 34.843193054199276 ], [ 127.648193359375341, 34.840972900390739 ], [ 127.644302368164517, 34.841526031494141 ] ] ], [ [ [ 126.054862976074446, 34.845695495605696 ], [ 126.057357788085938, 34.842361450195483 ], [ 126.054580688477245, 34.842361450195483 ], [ 126.054862976074446, 34.845695495605696 ] ] ], [ [ [ 126.0504150390625, 34.850139617920149 ], [ 126.05319213867233, 34.848472595214844 ], [ 126.05014038085983, 34.848751068115405 ], [ 126.0504150390625, 34.850139617920149 ] ] ], [ [ [ 127.643753051757926, 34.848194122314453 ], [ 127.646804809570426, 34.848751068115405 ], [ 127.647087097168082, 34.84708404541027 ], [ 127.643753051757926, 34.848194122314453 ] ] ], [ [ [ 126.21624755859375, 34.852085113525618 ], [ 126.220970153809162, 34.847637176513842 ], [ 126.214584350586051, 34.850418090820313 ], [ 126.21624755859375, 34.852085113525618 ] ] ], [ [ [ 126.29319763183662, 34.851528167724666 ], [ 126.295417785644531, 34.851528167724666 ], [ 126.294586181640739, 34.849861145019759 ], [ 126.29319763183662, 34.851528167724666 ] ] ], [ [ [ 127.617080688477245, 34.853473663330192 ], [ 127.620414733886946, 34.851528167724666 ], [ 127.616806030273438, 34.852916717529411 ], [ 127.617080688477245, 34.853473663330192 ] ] ], [ [ [ 126.361808776855923, 34.855972290039119 ], [ 126.360420227051009, 34.856529235840071 ], [ 126.362358093261719, 34.857917785644588 ], [ 126.361808776855923, 34.855972290039119 ] ] ], [ [ [ 126.154029846191975, 34.857082366943473 ], [ 126.157638549804801, 34.856529235840071 ], [ 126.156806945801009, 34.855140686035327 ], [ 126.154029846191975, 34.857082366943473 ] ] ], [ [ [ 126.355972290039063, 34.857360839844034 ], [ 126.359306335449219, 34.855693817138899 ], [ 126.359024047851563, 34.855140686035327 ], [ 126.355972290039063, 34.857360839844034 ] ] ], [ [ [ 126.396804809570313, 34.859027862548771 ], [ 126.398475646973338, 34.859027862548771 ], [ 126.398750305176009, 34.857360839844034 ], [ 126.396804809570313, 34.859027862548771 ] ] ], [ [ [ 126.067359924317088, 34.859027862548771 ], [ 126.068473815918082, 34.859584808349894 ], [ 126.069030761719205, 34.858749389648381 ], [ 126.067359924317088, 34.859027862548771 ] ] ], [ [ [ 126.019584655761719, 34.86152648925804 ], [ 126.01791381835983, 34.859859466552734 ], [ 126.017639160156364, 34.861251831054688 ], [ 126.019584655761719, 34.86152648925804 ] ] ], [ [ [ 126.386802673339957, 34.858749389648381 ], [ 126.388191223144872, 34.859859466552734 ], [ 126.388473510742188, 34.857917785644588 ], [ 126.386802673339957, 34.858749389648381 ] ] ], [ [ [ 126.265693664550895, 34.863750457763956 ], [ 126.267364501953125, 34.862915039062614 ], [ 126.265419006348225, 34.861251831054688 ], [ 126.265693664550895, 34.863750457763956 ] ] ], [ [ [ 125.96819305419956, 34.863471984863395 ], [ 125.972084045410384, 34.862361907959041 ], [ 125.967918395996094, 34.862361907959041 ], [ 125.96819305419956, 34.863471984863395 ] ] ], [ [ [ 127.71819305419956, 34.864028930664347 ], [ 127.720138549804801, 34.86430740356451 ], [ 127.719863891601676, 34.863750457763956 ], [ 127.71819305419956, 34.864028930664347 ] ] ], [ [ [ 126.10013580322277, 34.866527557373047 ], [ 126.103469848632926, 34.864028930664347 ], [ 126.0998611450201, 34.865695953369254 ], [ 126.10013580322277, 34.866527557373047 ] ] ], [ [ [ 126.281524658203239, 34.867916107177962 ], [ 126.283195495605469, 34.866249084472656 ], [ 126.280975341797102, 34.866527557373047 ], [ 126.281524658203239, 34.867916107177962 ] ] ], [ [ [ 126.369583129882813, 34.867916107177962 ], [ 126.372642517089844, 34.865139007568303 ], [ 126.369857788086165, 34.862640380859602 ], [ 126.369583129882813, 34.867916107177962 ] ] ], [ [ [ 127.728752136230696, 34.868194580078352 ], [ 127.730415344238281, 34.867362976074219 ], [ 127.728469848633495, 34.867637634277401 ], [ 127.728752136230696, 34.868194580078352 ] ] ], [ [ [ 127.685142517089957, 34.868473052978743 ], [ 127.686805725097656, 34.867362976074219 ], [ 127.684860229492756, 34.866806030273608 ], [ 127.685142517089957, 34.868473052978743 ] ] ], [ [ [ 126.097640991211392, 34.869583129882926 ], [ 126.0998611450201, 34.869026184082315 ], [ 126.097640991211392, 34.868751525878963 ], [ 126.097640991211392, 34.869583129882926 ] ] ], [ [ [ 127.619026184082031, 34.868194580078352 ], [ 127.623191833496776, 34.867362976074219 ], [ 127.619583129883154, 34.865139007568303 ], [ 127.619026184082031, 34.868194580078352 ] ] ], [ [ [ 127.612083435058707, 34.870693206787109 ], [ 127.609024047852017, 34.868751525878963 ], [ 127.612083435058707, 34.871528625488224 ], [ 127.612083435058707, 34.870693206787109 ] ] ], [ [ [ 126.37847137451206, 34.878471374511946 ], [ 126.367080688477131, 34.865695953369254 ], [ 126.357635498046989, 34.865417480468693 ], [ 126.362358093261719, 34.875137329101676 ], [ 126.37847137451206, 34.878471374511946 ] ] ], [ [ [ 126.087913513184048, 34.878192901611385 ], [ 126.08985900878929, 34.875694274902457 ], [ 126.08680725097679, 34.876251220703239 ], [ 126.087913513184048, 34.878192901611385 ] ] ], [ [ [ 126.096527099609489, 34.880416870117244 ], [ 126.094581604004361, 34.876533508300952 ], [ 126.090698242188068, 34.8795814514163 ], [ 126.096527099609489, 34.880416870117244 ] ] ], [ [ [ 126.108474731445313, 34.8795814514163 ], [ 126.13791656494152, 34.875137329101676 ], [ 126.142913818359716, 34.881805419922159 ], [ 126.157638549804801, 34.862361907959041 ], [ 126.131805419921989, 34.859584808349894 ], [ 126.149024963378906, 34.839305877685774 ], [ 126.133468627929688, 34.832084655761719 ], [ 126.121528625488963, 34.836528778076115 ], [ 126.11319732666027, 34.82652664184593 ], [ 126.122917175292969, 34.812084197998161 ], [ 126.119583129882926, 34.802082061767805 ], [ 126.094306945800781, 34.796806335449389 ], [ 126.090415954589957, 34.814861297607649 ], [ 126.074302673340412, 34.823749542236271 ], [ 126.058197021484602, 34.849304199218977 ], [ 126.086524963379134, 34.860694885253906 ], [ 126.114303588867529, 34.849582672119197 ], [ 126.119583129882926, 34.857639312744425 ], [ 126.110137939453125, 34.864028930664347 ], [ 126.114303588867529, 34.872638702392578 ], [ 126.108474731445313, 34.8795814514163 ] ] ], [ [ [ 127.610694885253906, 34.881805419922159 ], [ 127.630973815918082, 34.880695343017805 ], [ 127.630416870117301, 34.874862670898665 ], [ 127.610694885253906, 34.881805419922159 ] ] ], [ [ [ 126.346801757812841, 34.88236236572277 ], [ 126.349586486816406, 34.880695343017805 ], [ 126.347640991211165, 34.875694274902457 ], [ 126.346801757812841, 34.88236236572277 ] ] ], [ [ [ 126.16458129882858, 34.883193969726563 ], [ 126.169586181640852, 34.880416870117244 ], [ 126.168197631835938, 34.874862670898665 ], [ 126.16458129882858, 34.883193969726563 ] ] ], [ [ [ 126.386253356933707, 34.887084960937727 ], [ 126.387641906738281, 34.886249542236612 ], [ 126.385139465332372, 34.885417938232422 ], [ 126.386253356933707, 34.887084960937727 ] ] ], [ [ [ 126.115974426269645, 34.886528015136776 ], [ 126.120140075684048, 34.884860992431868 ], [ 126.115692138672443, 34.885139465332259 ], [ 126.115974426269645, 34.886528015136776 ] ] ], [ [ [ 126.106246948242301, 34.888473510742301 ], [ 126.111526489257813, 34.885417938232422 ], [ 126.105140686035497, 34.884860992431868 ], [ 126.106246948242301, 34.888473510742301 ] ] ], [ [ [ 126.166252136230696, 34.890140533447436 ], [ 126.169303894043196, 34.889026641845874 ], [ 126.166809082031818, 34.888748168945313 ], [ 126.166252136230696, 34.890140533447436 ] ] ], [ [ [ 126.218193054199332, 34.893196105957088 ], [ 126.222640991211279, 34.892360687256144 ], [ 126.217918395996662, 34.892082214355582 ], [ 126.218193054199332, 34.893196105957088 ] ] ], [ [ [ 127.76374816894554, 34.893196105957088 ], [ 127.765419006348111, 34.89152908325218 ], [ 127.762641906738281, 34.89152908325218 ], [ 127.76374816894554, 34.893196105957088 ] ] ], [ [ [ 126.091804504394531, 34.898750305176065 ], [ 126.090415954589957, 34.897361755371151 ], [ 126.089027404785156, 34.898193359375114 ], [ 126.091804504394531, 34.898750305176065 ] ] ], [ [ [ 126.143196105957031, 34.89708328247093 ], [ 126.145416259765625, 34.897640228271712 ], [ 126.145141601562614, 34.896526336670149 ], [ 126.143196105957031, 34.89708328247093 ] ] ], [ [ [ 127.717636108398438, 34.899028778076456 ], [ 127.747085571289063, 34.887359619140568 ], [ 127.730415344238281, 34.884304046631087 ], [ 127.722915649414176, 34.867916107177962 ], [ 127.696807861328807, 34.872638702392578 ], [ 127.701805114746094, 34.87652587890625 ], [ 127.69180297851608, 34.884582519531307 ], [ 127.717636108398438, 34.899028778076456 ] ] ], [ [ [ 126.167915344238281, 34.897914886474723 ], [ 126.171806335449219, 34.897640228271712 ], [ 126.172920227051009, 34.895694732666016 ], [ 126.167915344238281, 34.897914886474723 ] ] ], [ [ [ 126.19819641113304, 34.900695800781364 ], [ 126.200973510742188, 34.897914886474723 ], [ 126.197082519531591, 34.898750305176065 ], [ 126.19819641113304, 34.900695800781364 ] ] ], [ [ [ 126.100418090820426, 34.901527404785156 ], [ 126.102081298828807, 34.901527404785156 ], [ 126.102081298828807, 34.900417327880803 ], [ 126.100418090820426, 34.901527404785156 ] ] ], [ [ [ 126.005973815917969, 34.902084350585938 ], [ 126.008468627929688, 34.901527404785156 ], [ 126.008193969726676, 34.900695800781364 ], [ 126.005973815917969, 34.902084350585938 ] ] ], [ [ [ 126.178749084473338, 34.903194427490462 ], [ 126.189582824707145, 34.894306182861442 ], [ 126.17624664306652, 34.880695343017805 ], [ 126.172920227051009, 34.88791656494152 ], [ 126.180419921875455, 34.890693664551009 ], [ 126.178749084473338, 34.903194427490462 ] ] ], [ [ [ 126.258750915527571, 34.903472900390852 ], [ 126.263191223144986, 34.902362823486328 ], [ 126.258468627929915, 34.902915954590071 ], [ 126.258750915527571, 34.903472900390852 ] ] ], [ [ [ 126.19819641113304, 34.91180419921875 ], [ 126.200141906738281, 34.910415649414347 ], [ 126.197639465332713, 34.910694122314567 ], [ 126.19819641113304, 34.91180419921875 ] ] ], [ [ [ 126.003196716308594, 34.909027099609432 ], [ 126.008468627929688, 34.910972595214957 ], [ 126.008468627929688, 34.910415649414347 ], [ 126.003196716308594, 34.909027099609432 ] ] ], [ [ [ 126.351806640625114, 34.912082672119141 ], [ 126.356529235840185, 34.90597152709978 ], [ 126.351249694824787, 34.900695800781364 ], [ 126.344024658203125, 34.907917022705078 ], [ 126.351806640625114, 34.912082672119141 ] ] ], [ [ [ 126.276802062988622, 34.914306640625 ], [ 126.27569580078125, 34.912082672119141 ], [ 126.274581909179915, 34.914028167724609 ], [ 126.276802062988622, 34.914306640625 ] ] ], [ [ [ 126.208747863769531, 34.919582366943416 ], [ 126.21125030517635, 34.919029235840014 ], [ 126.209587097167969, 34.917362213134879 ], [ 126.208747863769531, 34.919582366943416 ] ] ], [ [ [ 126.198471069336506, 34.920299530029297 ], [ 126.197082519531591, 34.915138244628963 ], [ 126.194580078125682, 34.915138244628963 ], [ 126.188194274902344, 34.919029235840014 ], [ 126.198471069336506, 34.920299530029297 ] ] ], [ [ [ 126.165969848633495, 34.919029235840014 ], [ 126.169303894043196, 34.919582366943416 ], [ 126.17236328125, 34.918193817138672 ], [ 126.165969848633495, 34.919029235840014 ] ] ], [ [ [ 126.298469543457031, 34.922084808349837 ], [ 126.312362670898438, 34.907638549804688 ], [ 126.336250305176236, 34.909305572509993 ], [ 126.351524353027457, 34.898471832275504 ], [ 126.349586486816406, 34.886806488037166 ], [ 126.345138549805256, 34.894306182861442 ], [ 126.335693359375114, 34.886528015136776 ], [ 126.3256912231451, 34.890972137451229 ], [ 126.330139160156705, 34.8795814514163 ], [ 126.316253662109489, 34.88236236572277 ], [ 126.314857482910156, 34.875972747802848 ], [ 126.325141906738281, 34.872638702392578 ], [ 126.31402587890625, 34.867084503173828 ], [ 126.324302673340185, 34.860973358154297 ], [ 126.357360839843977, 34.863750457763956 ], [ 126.352638244628906, 34.858470916748217 ], [ 126.36069488525402, 34.851806640625057 ], [ 126.367919921875114, 34.857082366943473 ], [ 126.371528625488736, 34.842639923095874 ], [ 126.363197326660838, 34.841251373291129 ], [ 126.367919921875114, 34.824306488037223 ], [ 126.361251831054801, 34.819583892822266 ], [ 126.35208129882858, 34.822360992431925 ], [ 126.348747253417969, 34.814025878906477 ], [ 126.32763671875, 34.821529388427962 ], [ 126.344863891601676, 34.834026336670206 ], [ 126.344581604004134, 34.840415954590128 ], [ 126.337081909180029, 34.838748931884822 ], [ 126.323471069336392, 34.855693817138899 ], [ 126.316528320313068, 34.845695495605696 ], [ 126.31263732910179, 34.853195190429972 ], [ 126.27569580078125, 34.855415344238509 ], [ 126.262641906738395, 34.839862823486555 ], [ 126.22763824462902, 34.848751068115405 ], [ 126.232635498046875, 34.864582061767749 ], [ 126.261528015137401, 34.856529235840071 ], [ 126.267913818359602, 34.860973358154297 ], [ 126.270416259765625, 34.872638702392578 ], [ 126.274024963378906, 34.863750457763956 ], [ 126.284027099609602, 34.863471984863395 ], [ 126.280418395996776, 34.886806488037166 ], [ 126.292915344238281, 34.881526947021598 ], [ 126.303749084473225, 34.887084960937727 ], [ 126.280418395996776, 34.910137176513786 ], [ 126.298469543457031, 34.922084808349837 ] ] ], [ [ [ 126.384864807128906, 34.922359466552678 ], [ 126.38458251953125, 34.920696258544922 ], [ 126.382362365722656, 34.920696258544922 ], [ 126.384864807128906, 34.922359466552678 ] ] ], [ [ [ 126.287918090820881, 34.921806335449276 ], [ 126.291526794433594, 34.921249389648722 ], [ 126.287361145019759, 34.919029235840014 ], [ 126.287918090820881, 34.921806335449276 ] ] ], [ [ [ 126.051246643066406, 34.92319488525419 ], [ 126.05291748046875, 34.920970916748331 ], [ 126.050697326660156, 34.922084808349837 ], [ 126.051246643066406, 34.92319488525419 ] ] ], [ [ [ 126.323471069336392, 34.92319488525419 ], [ 126.325973510742301, 34.922359466552678 ], [ 126.322082519531477, 34.922359466552678 ], [ 126.323471069336392, 34.92319488525419 ] ] ], [ [ [ 126.015975952148438, 34.922916412353629 ], [ 126.020690917968864, 34.922359466552678 ], [ 126.020690917968864, 34.919303894043196 ], [ 126.015975952148438, 34.922916412353629 ] ] ], [ [ [ 126.151252746582145, 34.927917480468807 ], [ 126.154029846191975, 34.926807403564453 ], [ 126.150413513183821, 34.92652893066429 ], [ 126.151252746582145, 34.927917480468807 ] ] ], [ [ [ 126.274581909179915, 34.928749084472599 ], [ 126.276527404785156, 34.926807403564453 ], [ 126.275138854981037, 34.92652893066429 ], [ 126.274581909179915, 34.928749084472599 ] ] ], [ [ [ 126.192642211914176, 34.930973052978516 ], [ 126.196250915527798, 34.925140380859546 ], [ 126.1995849609375, 34.922916412353629 ], [ 126.194030761719091, 34.921527862548885 ], [ 126.192642211914176, 34.930973052978516 ] ] ], [ [ [ 126.019027709960938, 34.927360534668253 ], [ 126.022361755371435, 34.931251525878906 ], [ 126.022361755371435, 34.928470611572436 ], [ 126.019027709960938, 34.927360534668253 ] ] ], [ [ [ 126.274581909179915, 34.934028625488565 ], [ 126.277359008789745, 34.931526184082259 ], [ 126.273750305176122, 34.93236160278326 ], [ 126.274581909179915, 34.934028625488565 ] ] ], [ [ [ 126.210975646972884, 34.934860229492358 ], [ 126.213752746582031, 34.933750152588175 ], [ 126.21152496337902, 34.933193206787223 ], [ 126.210975646972884, 34.934860229492358 ] ] ], [ [ [ 126.201530456543196, 34.936805725097827 ], [ 126.207641601562727, 34.928470611572436 ], [ 126.206527709960938, 34.92652893066429 ], [ 126.195419311524006, 34.933750152588175 ], [ 126.201530456543196, 34.936805725097827 ] ] ], [ [ [ 126.230415344238395, 34.937637329101619 ], [ 126.253753662109375, 34.933193206787223 ], [ 126.25152587890625, 34.915138244628963 ], [ 126.245414733886719, 34.919029235840014 ], [ 126.233749389649006, 34.909305572509993 ], [ 126.221527099609375, 34.915973663330305 ], [ 126.219306945800781, 34.924861907958984 ], [ 126.230415344238395, 34.937637329101619 ] ] ], [ [ [ 126.057083129883154, 34.938751220703182 ], [ 126.079307556152344, 34.931251525878906 ], [ 126.078193664550895, 34.919860839843977 ], [ 126.090972900390739, 34.922637939453068 ], [ 126.083747863769645, 34.91180419921875 ], [ 126.098747253417969, 34.909862518310774 ], [ 126.082641601562841, 34.897640228271712 ], [ 126.098472595215185, 34.889583587646484 ], [ 126.085975646972656, 34.878749847412337 ], [ 126.085418701171875, 34.88791656494152 ], [ 126.080696105957145, 34.885692596435661 ], [ 126.084030151367756, 34.864028930664347 ], [ 126.063194274902344, 34.864860534668139 ], [ 126.066802978515966, 34.857360839844034 ], [ 126.052635192871207, 34.854026794433764 ], [ 126.04125213623081, 34.858749389648381 ], [ 126.047080993652344, 34.846527099609489 ], [ 126.043197631836051, 34.843193054199276 ], [ 126.032081604004588, 34.859306335449332 ], [ 126.022361755371435, 34.85625076293968 ], [ 126.02375030517635, 34.872081756592024 ], [ 126.008468627929688, 34.859027862548771 ], [ 125.998191833496662, 34.865970611572493 ], [ 125.977081298828125, 34.864028930664347 ], [ 125.979309082031818, 34.873748779296932 ], [ 125.967636108398438, 34.870971679687671 ], [ 125.96819305419956, 34.877361297607592 ], [ 125.99041748046875, 34.875415802002237 ], [ 125.992919921875455, 34.888473510742301 ], [ 126.003753662109375, 34.889583587646484 ], [ 126.013748168945426, 34.912082672119141 ], [ 126.032913208008381, 34.909027099609432 ], [ 126.039863586425895, 34.919582366943416 ], [ 126.04430389404331, 34.909862518310774 ], [ 126.055137634277457, 34.911529541015909 ], [ 126.061248779297102, 34.919860839843977 ], [ 126.057083129883154, 34.938751220703182 ] ] ], [ [ [ 126.196250915527798, 34.939582824707145 ], [ 126.194030761719091, 34.939861297607536 ], [ 126.196784973144531, 34.940692901611328 ], [ 126.196250915527798, 34.939582824707145 ] ] ], [ [ [ 126.27291870117233, 34.944583892822493 ], [ 126.276252746582031, 34.945415496826456 ], [ 126.27569580078125, 34.943748474121151 ], [ 126.27291870117233, 34.944583892822493 ] ] ], [ [ [ 125.954307556152344, 34.946529388428019 ], [ 125.956802368164631, 34.943748474121151 ], [ 125.953475952148551, 34.945415496826456 ], [ 125.954307556152344, 34.946529388428019 ] ] ], [ [ [ 126.27597045898483, 34.948192596435604 ], [ 126.277915954589957, 34.948192596435604 ], [ 126.277915954589957, 34.947360992431811 ], [ 126.27597045898483, 34.948192596435604 ] ] ], [ [ [ 126.193748474121094, 34.950416564941463 ], [ 126.205970764160611, 34.94708251953125 ], [ 126.209587097167969, 34.940418243408487 ], [ 126.188751220703352, 34.943195343017749 ], [ 126.193748474121094, 34.950416564941463 ] ] ], [ [ [ 126.115135192871321, 34.948749542236555 ], [ 126.117080688476563, 34.948749542236555 ], [ 126.117080688476563, 34.947917938232365 ], [ 126.115135192871321, 34.948749542236555 ] ] ], [ [ [ 126.250694274902344, 34.943748474121151 ], [ 126.254585266113281, 34.949028015136719 ], [ 126.254585266113281, 34.943195343017749 ], [ 126.250694274902344, 34.943748474121151 ] ] ], [ [ [ 127.731529235840526, 34.952083587646598 ], [ 127.739860534668423, 34.946529388428019 ], [ 127.737083435058594, 34.931526184082259 ], [ 127.765693664550781, 34.930973052978516 ], [ 127.783752441406364, 34.916248321533146 ], [ 127.785140991211279, 34.886249542236612 ], [ 127.776252746582031, 34.885971069336222 ], [ 127.767082214355696, 34.89125061035179 ], [ 127.783752441406364, 34.886806488037166 ], [ 127.784027099609375, 34.908195495605639 ], [ 127.77375030517635, 34.922084808349837 ], [ 127.76374816894554, 34.919029235840014 ], [ 127.766807556153026, 34.895416259765796 ], [ 127.742637634277344, 34.908195495605639 ], [ 127.704864501953125, 34.912082672119141 ], [ 127.704307556152457, 34.929584503174112 ], [ 127.731529235840526, 34.952083587646598 ] ] ], [ [ [ 126.228195190429688, 34.956806182861385 ], [ 126.229026794433594, 34.953750610351733 ], [ 126.227081298828693, 34.954303741455305 ], [ 126.228195190429688, 34.956806182861385 ] ] ], [ [ [ 126.239585876465071, 34.957637786865178 ], [ 126.24930572509777, 34.952083587646598 ], [ 126.243469238281364, 34.944026947021541 ], [ 126.230415344238395, 34.951248168945256 ], [ 126.239585876465071, 34.957637786865178 ] ] ], [ [ [ 126.379302978515852, 34.959304809570313 ], [ 126.377357482910156, 34.959583282470703 ], [ 126.379302978515852, 34.959861755371094 ], [ 126.379302978515852, 34.959304809570313 ] ] ], [ [ [ 127.761802673340298, 34.959861755371094 ], [ 127.768753051757813, 34.952915191650391 ], [ 127.767639160156818, 34.934307098388729 ], [ 127.745414733886832, 34.933750152588175 ], [ 127.740974426269531, 34.951805114746378 ], [ 127.761802673340298, 34.959861755371094 ] ] ], [ [ [ 126.159301757813182, 34.961528778076399 ], [ 126.160972595214957, 34.952362060546989 ], [ 126.165969848633495, 34.944026947021541 ], [ 126.160140991211165, 34.943195343017749 ], [ 126.159301757813182, 34.961528778076399 ] ] ], [ [ [ 126.258468627929915, 34.957084655761946 ], [ 126.266807556152344, 34.959026336670092 ], [ 126.263191223144986, 34.951805114746378 ], [ 126.258468627929915, 34.957084655761946 ] ] ], [ [ [ 126.201530456543196, 34.962360382080362 ], [ 126.204864501953239, 34.961528778076399 ], [ 126.202079772949332, 34.960140228271655 ], [ 126.201530456543196, 34.962360382080362 ] ] ], [ [ [ 126.122085571289176, 34.963470458984546 ], [ 126.124862670898665, 34.961807250976563 ], [ 126.123191833496548, 34.961250305176009 ], [ 126.122085571289176, 34.963470458984546 ] ] ], [ [ [ 126.195419311524006, 34.963470458984546 ], [ 126.199028015136832, 34.964027404785099 ], [ 126.199302673340298, 34.962638854980753 ], [ 126.195419311524006, 34.963470458984546 ] ] ], [ [ [ 127.763191223145213, 34.966804504394759 ], [ 127.76513671875, 34.966804504394759 ], [ 127.766807556153026, 34.964862823486442 ], [ 127.763191223145213, 34.966804504394759 ] ] ], [ [ [ 126.262916564941406, 34.966804504394759 ], [ 126.288475036621094, 34.962360382080362 ], [ 126.297080993652912, 34.932918548584212 ], [ 126.281250000000568, 34.935138702392521 ], [ 126.290969848633381, 34.944862365722884 ], [ 126.262916564941406, 34.966804504394759 ] ] ], [ [ [ 126.198471069336506, 34.968750000000284 ], [ 126.215141296386832, 34.972637176513729 ], [ 126.212638854980469, 34.953750610351733 ], [ 126.198471069336506, 34.968750000000284 ] ] ], [ [ [ 126.203475952148438, 34.976528167724553 ], [ 126.205413818359489, 34.976528167724553 ], [ 126.205139160156818, 34.974861145019645 ], [ 126.203475952148438, 34.976528167724553 ] ] ], [ [ [ 126.185142517089844, 34.978195190429858 ], [ 126.186805725097656, 34.978473663330078 ], [ 126.187080383300781, 34.976528167724553 ], [ 126.185142517089844, 34.978195190429858 ] ] ], [ [ [ 126.212638854980469, 34.984859466553019 ], [ 126.216529846191747, 34.979026794433651 ], [ 126.208747863769531, 34.979026794433651 ], [ 126.212638854980469, 34.984859466553019 ] ] ], [ [ [ 126.205139160156818, 34.984027862548828 ], [ 126.209861755371435, 34.982360839843921 ], [ 126.204864501953239, 34.981250762939567 ], [ 126.205139160156818, 34.984027862548828 ] ] ], [ [ [ 126.174858093261719, 34.987083435058707 ], [ 126.178192138672216, 34.985137939453182 ], [ 126.17624664306652, 34.98458480834978 ], [ 126.174858093261719, 34.987083435058707 ] ] ], [ [ [ 126.133468627929688, 34.993473052978629 ], [ 126.143196105957031, 34.985973358154524 ], [ 126.162086486816406, 34.989860534668196 ], [ 126.178192138672216, 34.983470916748274 ], [ 126.180137634277344, 34.973472595215071 ], [ 126.169303894043196, 34.967361450195369 ], [ 126.146804809570313, 34.970973968506144 ], [ 126.145973205566406, 34.953193664550781 ], [ 126.124305725097656, 34.94708251953125 ], [ 126.136528015136719, 34.966804504394759 ], [ 126.133468627929688, 34.993473052978629 ] ] ], [ [ [ 126.11319732666027, 34.994583129882813 ], [ 126.115135192871321, 34.994304656982422 ], [ 126.112915039062614, 34.992637634277287 ], [ 126.11319732666027, 34.994583129882813 ] ] ], [ [ [ 126.193748474121094, 34.996807098388672 ], [ 126.193191528320767, 34.99375152587902 ], [ 126.190696716308594, 34.993473052978629 ], [ 126.193748474121094, 34.996807098388672 ] ] ], [ [ [ 126.173751831054801, 34.995418548584155 ], [ 126.180137634277344, 34.994026184082202 ], [ 126.17624664306652, 34.988750457763842 ], [ 126.173751831054801, 34.995418548584155 ] ] ], [ [ [ 126.086524963379134, 34.996528625488509 ], [ 126.088752746582031, 34.996528625488509 ], [ 126.088752746582031, 34.995693206787337 ], [ 126.086524963379134, 34.996528625488509 ] ] ], [ [ [ 126.09708404541027, 34.998195648193416 ], [ 126.098472595215185, 34.997081756591911 ], [ 126.096527099609489, 34.997081756591911 ], [ 126.09708404541027, 34.998195648193416 ] ] ], [ [ [ 126.226524353027571, 35.000694274902344 ], [ 126.233192443847884, 34.997081756591911 ], [ 126.225692749023779, 34.997081756591911 ], [ 126.226524353027571, 35.000694274902344 ] ] ], [ [ [ 126.250694274902344, 35.007362365722656 ], [ 126.264579772949901, 35.003471374511832 ], [ 126.270416259765625, 34.975971221923999 ], [ 126.244308471680142, 34.975139617920206 ], [ 126.250694274902344, 35.007362365722656 ] ] ], [ [ [ 126.21125030517635, 35.009029388427962 ], [ 126.214859008789176, 35.010692596435547 ], [ 126.214859008789176, 35.009860992431754 ], [ 126.21125030517635, 35.009029388427962 ] ] ], [ [ [ 126.198471069336506, 35.01402664184576 ], [ 126.203750610351904, 35.007083892822266 ], [ 126.202919006348111, 35.005416870117131 ], [ 126.195137023925895, 35.005973815918253 ], [ 126.198471069336506, 35.01402664184576 ] ] ], [ [ [ 126.0998611450201, 35.010417938232706 ], [ 126.104026794433594, 35.013748168945369 ], [ 126.102638244629134, 35.009582519531364 ], [ 126.0998611450201, 35.010417938232706 ] ] ], [ [ [ 126.189857482910156, 35.014305114746321 ], [ 126.195693969726676, 35.009860992431754 ], [ 126.190696716308594, 35.006805419922046 ], [ 126.189857482910156, 35.014305114746321 ] ] ], [ [ [ 126.317085266113281, 35.015972137451286 ], [ 126.319580078125568, 35.007915496826399 ], [ 126.31402587890625, 34.99930572509777 ], [ 126.31097412109375, 35.01402664184576 ], [ 126.317085266113281, 35.015972137451286 ] ] ], [ [ [ 126.248191833496435, 35.015415191650675 ], [ 126.256530761718864, 35.012916564941406 ], [ 126.247085571289063, 35.012916564941406 ], [ 126.248191833496435, 35.015415191650675 ] ] ], [ [ [ 126.101249694824219, 35.018470764160384 ], [ 126.105415344238281, 35.016803741455078 ], [ 126.101524353027685, 35.017082214355469 ], [ 126.101249694824219, 35.018470764160384 ] ] ], [ [ [ 126.107086181640625, 35.019306182861328 ], [ 126.112358093261832, 35.01736068725603 ], [ 126.10902404785179, 35.015972137451286 ], [ 126.107086181640625, 35.019306182861328 ] ] ], [ [ [ 126.100975036621094, 35.022914886474609 ], [ 126.103195190429801, 35.021804809570597 ], [ 126.101249694824219, 35.022083282470817 ], [ 126.100975036621094, 35.022914886474609 ] ] ], [ [ [ 126.133193969726563, 35.027084350586165 ], [ 126.163192749023665, 35.018470764160384 ], [ 126.167083740234489, 35.01402664184576 ], [ 126.15875244140625, 35.007637023925838 ], [ 126.167640686035611, 35.008750915527401 ], [ 126.165695190429688, 35.003471374511832 ], [ 126.139579772949219, 34.997638702392862 ], [ 126.143196105957031, 34.992637634277287 ], [ 126.132919311523892, 35.002082824707259 ], [ 126.117362976074219, 34.996250152588118 ], [ 126.097640991211392, 35.000972747802734 ], [ 126.133193969726563, 35.027084350586165 ] ] ], [ [ [ 126.10569763183662, 35.02624893188505 ], [ 126.112083435058821, 35.024860382080305 ], [ 126.10569763183662, 35.024581909179744 ], [ 126.10569763183662, 35.02624893188505 ] ] ], [ [ [ 126.375137329101563, 35.028194427490519 ], [ 126.372085571289063, 35.024581909179744 ], [ 126.374031066894645, 35.028194427490519 ], [ 126.375137329101563, 35.028194427490519 ] ] ], [ [ [ 125.96819305419956, 35.028194427490519 ], [ 125.972915649414176, 35.030418395996264 ], [ 125.973472595215298, 35.029026031494311 ], [ 125.96819305419956, 35.028194427490519 ] ] ], [ [ [ 126.229858398437727, 35.031806945800781 ], [ 126.237358093261719, 35.030693054199446 ], [ 126.242637634277571, 35.019859313965128 ], [ 126.226249694824901, 35.019584655761889 ], [ 126.229858398437727, 35.031806945800781 ] ] ], [ [ [ 126.217636108398551, 35.03791809082054 ], [ 126.220970153809162, 35.033748626708928 ], [ 126.219306945800781, 35.033195495605526 ], [ 126.217636108398551, 35.03791809082054 ] ] ], [ [ [ 125.971801757813182, 35.039585113525447 ], [ 125.974304199219091, 35.039306640625057 ], [ 125.974304199219091, 35.038749694824503 ], [ 125.971801757813182, 35.039585113525447 ] ] ], [ [ [ 126.112083435058821, 35.053195953369084 ], [ 126.114585876464844, 35.054306030273438 ], [ 126.114585876464844, 35.052360534668139 ], [ 126.112083435058821, 35.053195953369084 ] ] ], [ [ [ 126.197364807128906, 35.059028625488452 ], [ 126.207359313965526, 35.05263900756853 ], [ 126.21125030517635, 35.04041671752924 ], [ 126.203193664550781, 35.040695190429801 ], [ 126.197364807128906, 35.059028625488452 ] ] ], [ [ [ 125.928749084472656, 35.055694580078352 ], [ 125.934028625488509, 35.057361602783317 ], [ 125.933746337890852, 35.054306030273438 ], [ 125.928749084472656, 35.055694580078352 ] ] ], [ [ [ 126.146804809570313, 35.061527252197322 ], [ 126.156524658203352, 35.053470611572493 ], [ 126.180419921875455, 35.05263900756853 ], [ 126.187080383300781, 35.039028167724894 ], [ 126.193191528320767, 35.045139312744425 ], [ 126.200973510742188, 35.04041671752924 ], [ 126.197364807128906, 35.017639160156421 ], [ 126.172080993653026, 35.030693054199446 ], [ 126.169586181640852, 35.024581909179744 ], [ 126.165695190429688, 35.037082672119368 ], [ 126.149581909180029, 35.030693054199446 ], [ 126.140693664551009, 35.041805267334155 ], [ 126.125694274902457, 35.037082672119368 ], [ 126.128753662109489, 35.051807403564737 ], [ 126.146804809570313, 35.061527252197322 ] ] ], [ [ [ 126.120414733886719, 35.063751220703239 ], [ 126.124031066894872, 35.064861297607422 ], [ 126.122917175292969, 35.062362670898665 ], [ 126.120414733886719, 35.063751220703239 ] ] ], [ [ [ 126.148193359375114, 35.063194274902628 ], [ 126.155418395996094, 35.062362670898665 ], [ 126.154861450195767, 35.060695648193359 ], [ 126.148193359375114, 35.063194274902628 ] ] ], [ [ [ 125.939308166503906, 35.058193206787109 ], [ 125.9495849609375, 35.062637329101506 ], [ 125.947914123535611, 35.056251525879134 ], [ 125.939308166503906, 35.058193206787109 ] ] ], [ [ [ 125.920974731445313, 35.061805725097713 ], [ 125.926528930664063, 35.066806793212891 ], [ 125.926528930664063, 35.060695648193359 ], [ 125.920974731445313, 35.061805725097713 ] ] ], [ [ [ 126.13541412353527, 35.068195343017635 ], [ 126.133193969726563, 35.066249847412337 ], [ 126.132637023925781, 35.067638397217081 ], [ 126.13541412353527, 35.068195343017635 ] ] ], [ [ [ 126.121528625488963, 35.069026947021428 ], [ 126.123191833496548, 35.067081451416129 ], [ 126.121803283691634, 35.066528320312727 ], [ 126.121528625488963, 35.069026947021428 ] ] ], [ [ [ 126.128753662109489, 35.071804046631087 ], [ 126.132919311523892, 35.073471069336051 ], [ 126.134582519531477, 35.070693969726563 ], [ 126.128753662109489, 35.071804046631087 ] ] ], [ [ [ 126.154586791992301, 35.072082519531477 ], [ 126.156806945801009, 35.070972442626953 ], [ 126.154861450195767, 35.069305419921989 ], [ 126.154586791992301, 35.072082519531477 ] ] ], [ [ [ 125.914306640625, 35.072360992431697 ], [ 125.91986083984375, 35.071529388427905 ], [ 125.920135498047216, 35.06986236572277 ], [ 125.914306640625, 35.072360992431697 ] ] ], [ [ [ 126.145141601562614, 35.077640533447266 ], [ 126.150138854981151, 35.074859619140796 ], [ 126.149581909180029, 35.072917938232649 ], [ 126.145141601562614, 35.077640533447266 ] ] ], [ [ [ 126.247360229492642, 35.075416564941349 ], [ 126.253753662109375, 35.077362060546875 ], [ 126.257362365722656, 35.070415496826342 ], [ 126.247360229492642, 35.075416564941349 ] ] ], [ [ [ 126.154861450195767, 35.080139160156534 ], [ 126.157081604004475, 35.077640533447266 ], [ 126.154029846191975, 35.077083587646484 ], [ 126.154861450195767, 35.080139160156534 ] ] ], [ [ [ 126.154304504394645, 35.084861755371321 ], [ 126.155418395996094, 35.082637786865234 ], [ 126.153472900390852, 35.083194732666186 ], [ 126.154304504394645, 35.084861755371321 ] ] ], [ [ [ 125.918197631836165, 35.085971832275504 ], [ 125.924583435058821, 35.078193664551009 ], [ 125.920974731445313, 35.074028015137003 ], [ 125.914581298828807, 35.080696105957088 ], [ 125.918197631836165, 35.085971832275504 ] ] ], [ [ [ 126.031524658203466, 35.092918395996378 ], [ 126.035140991211279, 35.090972900390852 ], [ 126.03125, 35.091804504394815 ], [ 126.031524658203466, 35.092918395996378 ] ] ], [ [ [ 126.134025573730469, 35.094860076904524 ], [ 126.146530151367529, 35.091804504394815 ], [ 126.147087097168651, 35.083751678466797 ], [ 126.129585266113281, 35.083194732666186 ], [ 126.134025573730469, 35.094860076904524 ] ] ], [ [ [ 126.044586181640625, 35.096805572509822 ], [ 126.048194885253906, 35.096805572509822 ], [ 126.048751831054915, 35.095695495605469 ], [ 126.044586181640625, 35.096805572509822 ] ] ], [ [ [ 125.977912902832713, 35.093193054199219 ], [ 125.98542022705135, 35.095138549804915 ], [ 125.983192443848111, 35.091526031494254 ], [ 125.977912902832713, 35.093193054199219 ] ] ], [ [ [ 126.037086486816406, 35.100971221923885 ], [ 126.039863586425895, 35.098751068115348 ], [ 126.037635803222656, 35.097637176513615 ], [ 126.037086486816406, 35.100971221923885 ] ] ], [ [ [ 126.114303588867529, 35.104026794433537 ], [ 126.119583129882926, 35.10263824462919 ], [ 126.123191833496548, 35.081249237060717 ], [ 126.10597229003929, 35.087081909179688 ], [ 126.115417480468977, 35.092361450195426 ], [ 126.114303588867529, 35.104026794433537 ] ] ], [ [ [ 126.016525268554915, 35.104305267334098 ], [ 126.032081604004588, 35.090415954589901 ], [ 126.027084350586051, 35.075973510742472 ], [ 126.011253356933707, 35.087081909179688 ], [ 126.016525268554915, 35.104305267334098 ] ] ], [ [ [ 125.986251831055142, 35.107639312744368 ], [ 125.989028930664176, 35.100418090820483 ], [ 125.977638244628906, 35.102085113525391 ], [ 125.977638244628906, 35.105415344238452 ], [ 125.986251831055142, 35.107639312744368 ] ] ], [ [ [ 126.193191528320767, 35.112361907958984 ], [ 126.203750610351904, 35.101528167724837 ], [ 126.216804504394531, 35.106529235840014 ], [ 126.228752136230469, 35.095417022705078 ], [ 126.242080688477245, 35.103195190429744 ], [ 126.249031066894759, 35.097637176513615 ], [ 126.243194580078239, 35.08430480957054 ], [ 126.24375152587902, 35.073749542236612 ], [ 126.255691528320881, 35.069305419921989 ], [ 126.262916564941406, 35.044029235840071 ], [ 126.275138854981037, 35.037639617920149 ], [ 126.264579772949901, 35.020694732666243 ], [ 126.249862670898551, 35.022083282470817 ], [ 126.230972290039176, 35.037639617920149 ], [ 126.235420227051122, 35.052082061767578 ], [ 126.225135803222656, 35.057361602783317 ], [ 126.172920227051009, 35.063194274902628 ], [ 126.179862976074332, 35.068473815918196 ], [ 126.168472290039404, 35.06735992431669 ], [ 126.168197631835938, 35.073471069336051 ], [ 126.160972595214957, 35.066528320312727 ], [ 126.164024353027457, 35.080417633056925 ], [ 126.167915344238281, 35.075416564941349 ], [ 126.171524047851904, 35.07902908325218 ], [ 126.157638549804801, 35.086807250976847 ], [ 126.157913208008267, 35.098472595214957 ], [ 126.193191528320767, 35.112361907958984 ] ] ], [ [ [ 126.057083129883154, 35.109584808349666 ], [ 126.066253662109375, 35.109027862549112 ], [ 126.067359924317088, 35.106250762939453 ], [ 126.057083129883154, 35.109584808349666 ] ] ], [ [ [ 126.048194885253906, 35.115970611572436 ], [ 126.052360534668537, 35.109859466552905 ], [ 126.05014038085983, 35.105415344238452 ], [ 126.041809082031932, 35.112083435058594 ], [ 126.048194885253906, 35.115970611572436 ] ] ], [ [ [ 126.190139770508267, 35.118473052978516 ], [ 126.194305419921875, 35.117637634277344 ], [ 126.194030761719091, 35.116806030273381 ], [ 126.190139770508267, 35.118473052978516 ] ] ], [ [ [ 126.219863891601563, 35.126804351806925 ], [ 126.218750000000455, 35.125137329101619 ], [ 126.219863891601563, 35.129028320312671 ], [ 126.219863891601563, 35.126804351806925 ] ] ], [ [ [ 126.204025268554688, 35.129306793212834 ], [ 126.210975646972884, 35.127082824707145 ], [ 126.207084655761719, 35.11069488525402 ], [ 126.200141906738281, 35.115970611572436 ], [ 126.204025268554688, 35.129306793212834 ] ] ], [ [ [ 126.082916259765625, 35.129306793212834 ], [ 126.080413818359602, 35.129306793212834 ], [ 126.082916259765625, 35.130416870117188 ], [ 126.082916259765625, 35.129306793212834 ] ] ], [ [ [ 126.148193359375114, 35.130138397217024 ], [ 126.150695800781364, 35.128192901611328 ], [ 126.149024963378906, 35.127639770507926 ], [ 126.148193359375114, 35.130138397217024 ] ] ], [ [ [ 126.168472290039404, 35.131526947021541 ], [ 126.170417785644645, 35.127639770507926 ], [ 126.165969848633495, 35.129028320312671 ], [ 126.168472290039404, 35.131526947021541 ] ] ], [ [ [ 126.10013580322277, 35.130138397217024 ], [ 126.101806640625, 35.131526947021541 ], [ 126.102638244629134, 35.129028320312671 ], [ 126.10013580322277, 35.130138397217024 ] ] ], [ [ [ 126.218750000000455, 35.133750915527457 ], [ 126.220970153809162, 35.133193969726847 ], [ 126.219024658203125, 35.131526947021541 ], [ 126.218750000000455, 35.133750915527457 ] ] ], [ [ [ 126.07653045654331, 35.137916564941463 ], [ 126.07958221435581, 35.137359619140909 ], [ 126.075691223144531, 35.136528015136946 ], [ 126.07653045654331, 35.137916564941463 ] ] ], [ [ [ 125.878753662109375, 35.140415191650561 ], [ 125.889305114746321, 35.139583587646769 ], [ 125.891807556152344, 35.134860992431641 ], [ 125.884864807128906, 35.131526947021541 ], [ 125.878753662109375, 35.140415191650561 ] ] ], [ [ [ 125.904586791992188, 35.142082214355696 ], [ 125.913475036621094, 35.135692596435774 ], [ 125.90958404541027, 35.130416870117188 ], [ 125.902084350586165, 35.132637023925724 ], [ 125.904586791992188, 35.142082214355696 ] ] ], [ [ [ 125.907081604003906, 35.141803741455305 ], [ 125.909858703613281, 35.141529083252124 ], [ 125.909858703613281, 35.140415191650561 ], [ 125.907081604003906, 35.141803741455305 ] ] ], [ [ [ 126.106246948242301, 35.14347076416027 ], [ 126.108474731445313, 35.143196105957031 ], [ 126.106529235840412, 35.142360687255916 ], [ 126.106246948242301, 35.14347076416027 ] ] ], [ [ [ 126.150413513183821, 35.147361755371094 ], [ 126.163192749023665, 35.145416259765568 ], [ 126.144859313964957, 35.137359619140909 ], [ 126.124305725097656, 35.135971069335994 ], [ 126.114028930664063, 35.111251831054801 ], [ 126.119308471680256, 35.104026794433537 ], [ 126.112640380859943, 35.107082366943587 ], [ 126.105415344238281, 35.101528167724837 ], [ 126.101806640625, 35.085693359375114 ], [ 126.122642517089957, 35.077915191650618 ], [ 126.108192443847997, 35.073471069336051 ], [ 126.11624908447277, 35.058750152588061 ], [ 126.100418090820426, 35.059581756591854 ], [ 126.107917785644531, 35.049861907959212 ], [ 126.07653045654331, 35.055694580078352 ], [ 126.07653045654331, 35.06958389282255 ], [ 126.059860229492188, 35.06735992431669 ], [ 126.064308166504588, 35.055416107177791 ], [ 126.057914733886946, 35.064304351806641 ], [ 126.037361145019986, 35.065692901611555 ], [ 126.059028625488395, 35.074306488037166 ], [ 126.042083740234602, 35.078472137451399 ], [ 126.0504150390625, 35.096805572509822 ], [ 126.056526184082031, 35.095432281494368 ], [ 126.049308776856037, 35.103195190429744 ], [ 126.078193664550895, 35.104862213134879 ], [ 126.114028930664063, 35.134304046630859 ], [ 126.114028930664063, 35.14347076416027 ], [ 126.143753051757813, 35.140140533447379 ], [ 126.150413513183821, 35.147361755371094 ] ] ], [ [ [ 126.200691223145213, 35.148471832275618 ], [ 126.201530456543196, 35.136806488037109 ], [ 126.193473815917969, 35.141250610351563 ], [ 126.192642211914176, 35.132083892822493 ], [ 126.181526184082031, 35.129581451416072 ], [ 126.182914733886832, 35.142639160156477 ], [ 126.200691223145213, 35.148471832275618 ] ] ], [ [ [ 126.335418701172443, 35.165695190429688 ], [ 126.338752746582145, 35.165138244629134 ], [ 126.337081909180029, 35.162082672119254 ], [ 126.335418701172443, 35.165695190429688 ] ] ], [ [ [ 126.353195190429688, 35.170970916748104 ], [ 126.3579177856451, 35.170139312744311 ], [ 126.357360839843977, 35.168750762939567 ], [ 126.353195190429688, 35.170970916748104 ] ] ], [ [ [ 126.341804504394645, 35.175415039062671 ], [ 126.344024658203125, 35.174304962158317 ], [ 126.339584350585938, 35.172359466553019 ], [ 126.341804504394645, 35.175415039062671 ] ] ], [ [ [ 126.205970764160611, 35.186248779297046 ], [ 126.214584350586051, 35.184028625488509 ], [ 126.205139160156818, 35.182918548584155 ], [ 126.205970764160611, 35.186248779297046 ] ] ], [ [ [ 126.360420227051009, 35.188751220703125 ], [ 126.3629150390625, 35.188751220703125 ], [ 126.3629150390625, 35.187915802001953 ], [ 126.360420227051009, 35.188751220703125 ] ] ], [ [ [ 126.219024658203125, 35.192638397216967 ], [ 126.223197937012401, 35.19041824340843 ], [ 126.219581604004247, 35.189861297607649 ], [ 126.219024658203125, 35.192638397216967 ] ] ], [ [ [ 126.129028320312614, 35.203472137451286 ], [ 126.132919311523892, 35.192081451416016 ], [ 126.121246337890625, 35.188472747802734 ], [ 126.121528625488963, 35.199584960937443 ], [ 126.129028320312614, 35.203472137451286 ] ] ], [ [ [ 126.244857788085938, 35.202915191650504 ], [ 126.250419616699673, 35.201805114746151 ], [ 126.243469238281364, 35.200973510742358 ], [ 126.244857788085938, 35.202915191650504 ] ] ], [ [ [ 125.905693054199787, 35.208751678467024 ], [ 125.91263580322277, 35.21041488647478 ], [ 125.911804199218977, 35.204860687255859 ], [ 125.905693054199787, 35.208751678467024 ] ] ], [ [ [ 126.156250000000682, 35.211807250976733 ], [ 126.144027709961165, 35.199859619140852 ], [ 126.131805419921989, 35.20152664184576 ], [ 126.140419006348338, 35.208751678467024 ], [ 126.156250000000682, 35.211807250976733 ] ] ], [ [ [ 125.899024963379134, 35.212081909179915 ], [ 125.905136108398665, 35.212360382080135 ], [ 125.905136108398665, 35.209861755371207 ], [ 125.899024963379134, 35.212081909179915 ] ] ], [ [ [ 126.101524353027685, 35.255973815918026 ], [ 126.101524353027685, 35.245693206787109 ], [ 126.090972900390739, 35.242916107177791 ], [ 126.090698242188068, 35.24902725219755 ], [ 126.101524353027685, 35.255973815918026 ] ] ], [ [ [ 126.082641601562841, 35.258472442626953 ], [ 126.08985900878929, 35.257637023925781 ], [ 126.082359313964844, 35.256248474121264 ], [ 126.082641601562841, 35.258472442626953 ] ] ], [ [ [ 126.114028930664063, 35.259029388427734 ], [ 126.120140075684048, 35.258193969726733 ], [ 126.112358093261832, 35.255138397217081 ], [ 126.114028930664063, 35.259029388427734 ] ] ], [ [ [ 126.209030151367642, 35.284305572509822 ], [ 126.212913513183935, 35.283748626709269 ], [ 126.212364196777344, 35.28125 ], [ 126.209030151367642, 35.284305572509822 ] ] ], [ [ [ 126.230415344238395, 35.292915344238281 ], [ 126.232360839844091, 35.291248321533374 ], [ 126.230972290039176, 35.29013824462919 ], [ 126.230415344238395, 35.292915344238281 ] ] ], [ [ [ 126.19819641113304, 35.294582366943587 ], [ 126.204582214355696, 35.293750762939453 ], [ 126.204307556153026, 35.290973663330135 ], [ 126.19819641113304, 35.294582366943587 ] ] ], [ [ [ 126.364303588867301, 35.295696258545149 ], [ 126.365974426269531, 35.294303894043196 ], [ 126.363471984863509, 35.293472290039063 ], [ 126.364303588867301, 35.295696258545149 ] ] ], [ [ [ 126.141525268554801, 35.300693511963118 ], [ 126.15264129638706, 35.290695190429744 ], [ 126.148475646972656, 35.270416259765625 ], [ 126.130416870117188, 35.284584045410213 ], [ 126.141525268554801, 35.300693511963118 ] ] ], [ [ [ 126.260971069336279, 35.312362670898608 ], [ 126.263748168945313, 35.312637329101847 ], [ 126.263473510742188, 35.311248779297102 ], [ 126.260971069336279, 35.312362670898608 ] ] ], [ [ [ 126.265693664550895, 35.319862365722884 ], [ 126.268196105957259, 35.318748474121378 ], [ 126.265419006348225, 35.318195343017578 ], [ 126.265693664550895, 35.319862365722884 ] ] ], [ [ [ 126.269027709961051, 35.320693969726676 ], [ 126.271804809570426, 35.318473815917969 ], [ 126.269859313964844, 35.318473815917969 ], [ 126.269027709961051, 35.320693969726676 ] ] ], [ [ [ 126.274024963378906, 35.322639465332031 ], [ 126.278198242188068, 35.32208251953125 ], [ 126.273475646972656, 35.320693969726676 ], [ 126.274024963378906, 35.322639465332031 ] ] ], [ [ [ 125.985137939453239, 35.335693359375227 ], [ 126.007919311524006, 35.333194732665959 ], [ 126.010971069336506, 35.328193664550952 ], [ 125.989860534667969, 35.317916870117415 ], [ 125.998474121093864, 35.329029083251953 ], [ 125.985137939453239, 35.335693359375227 ] ] ], [ [ [ 126.021247863769531, 35.364307403564624 ], [ 126.041809082031932, 35.345695495605412 ], [ 126.030975341796875, 35.334304809570313 ], [ 126.013473510742415, 35.331249237060661 ], [ 126.019584655761719, 35.339027404785327 ], [ 126.007919311524006, 35.344860076904297 ], [ 126.02375030517635, 35.346527099609602 ], [ 125.999862670898779, 35.351806640625171 ], [ 125.99458312988304, 35.357082366943359 ], [ 126.020690917968864, 35.35736083984375 ], [ 126.021247863769531, 35.364307403564624 ] ] ], [ [ [ 126.054580688477245, 35.367362976074276 ], [ 126.061531066894759, 35.365970611572379 ], [ 126.060691833496776, 35.364307403564624 ], [ 126.054580688477245, 35.367362976074276 ] ] ], [ [ [ 126.129585266113281, 35.371250152588118 ], [ 126.131805419921989, 35.370140075683594 ], [ 126.129585266113281, 35.370418548583984 ], [ 126.129585266113281, 35.371250152588118 ] ] ], [ [ [ 126.044029235839844, 35.37513732910179 ], [ 126.058197021484602, 35.372638702392692 ], [ 126.040969848632813, 35.370140075683594 ], [ 126.044029235839844, 35.37513732910179 ] ] ], [ [ [ 126.393196105957145, 35.374862670898551 ], [ 126.397361755371094, 35.371250152588118 ], [ 126.392639160156818, 35.372638702392692 ], [ 126.393196105957145, 35.374862670898551 ] ] ], [ [ [ 126.129585266113281, 35.37763977050804 ], [ 126.132637023925781, 35.37763977050804 ], [ 126.13236236572277, 35.375415802001953 ], [ 126.129585266113281, 35.37763977050804 ] ] ], [ [ [ 126.396804809570313, 35.383193969726619 ], [ 126.399581909179801, 35.381248474121321 ], [ 126.398475646973338, 35.380695343017521 ], [ 126.396804809570313, 35.383193969726619 ] ] ], [ [ [ 127.757637023925895, 34.742637634277514 ], [ 127.698196411132813, 34.720417022705249 ], [ 127.657913208008154, 34.755416870117358 ], [ 127.659301757813068, 34.745971679687784 ], [ 127.635139465332031, 34.719028472900334 ], [ 127.642913818359602, 34.706527709961051 ], [ 127.62652587890625, 34.711528778076229 ], [ 127.62652587890625, 34.71875 ], [ 127.622085571289063, 34.707359313964844 ], [ 127.614028930664745, 34.707084655761832 ], [ 127.628196716308594, 34.696250915527514 ], [ 127.623748779297102, 34.687362670898494 ], [ 127.638748168945313, 34.684028625488224 ], [ 127.617637634277457, 34.683750152587834 ], [ 127.640136718750114, 34.655418395996037 ], [ 127.634025573730582, 34.659027099609659 ], [ 127.629859924317088, 34.649581909179915 ], [ 127.642913818359602, 34.65041732788103 ], [ 127.63014221191429, 34.637359619140625 ], [ 127.643753051757926, 34.632362365722827 ], [ 127.647361755371548, 34.637638092041186 ], [ 127.651527404785156, 34.635417938232479 ], [ 127.636802673340412, 34.625694274902344 ], [ 127.587913513183935, 34.652362823486385 ], [ 127.575416564941406, 34.648750305175724 ], [ 127.582916259765739, 34.632362365722827 ], [ 127.58041381835983, 34.630138397216911 ], [ 127.565139770507813, 34.654026031494141 ], [ 127.553192138672557, 34.658473968506087 ], [ 127.552085876464844, 34.66875076293968 ], [ 127.563468933105582, 34.676250457763956 ], [ 127.550140380860057, 34.682914733886719 ], [ 127.558746337890625, 34.700138092041129 ], [ 127.572082519531591, 34.699306488037337 ], [ 127.579864501953239, 34.694026947021769 ], [ 127.580696105957031, 34.695693969726563 ], [ 127.572082519531591, 34.703472137451399 ], [ 127.563751220703693, 34.701526641845703 ], [ 127.563751220703693, 34.708751678466967 ], [ 127.55291748046875, 34.70041656494169 ], [ 127.55680847168037, 34.713748931884766 ], [ 127.549308776855469, 34.710414886474723 ], [ 127.54819488525402, 34.712917327880973 ], [ 127.563751220703693, 34.724029541015909 ], [ 127.561248779296875, 34.732082366943587 ], [ 127.579025268554915, 34.732917785644531 ], [ 127.582641601562727, 34.745414733886832 ], [ 127.597915649414063, 34.742916107177734 ], [ 127.602912902832486, 34.74486160278343 ], [ 127.583747863769531, 34.75013732910179 ], [ 127.590415954589844, 34.757362365722713 ], [ 127.583190917968864, 34.769027709960994 ], [ 127.572639465332713, 34.759582519531421 ], [ 127.575141906738622, 34.770137786865348 ], [ 127.558746337890625, 34.776805877685831 ], [ 127.573196411132926, 34.783195495605753 ], [ 127.558746337890625, 34.795696258545036 ], [ 127.557357788086051, 34.807083129882813 ], [ 127.524307250976563, 34.809028625488281 ], [ 127.526252746582145, 34.823192596435717 ], [ 127.543197631835938, 34.842082977294922 ], [ 127.525695800781364, 34.844306945800781 ], [ 127.514862060547216, 34.867637634277401 ], [ 127.517364501953125, 34.879306793212891 ], [ 127.490417480468864, 34.87319564819353 ], [ 127.49236297607456, 34.846527099609489 ], [ 127.485137939453125, 34.839584350586165 ], [ 127.467086791992188, 34.84458160400402 ], [ 127.442359924316634, 34.836528778076115 ], [ 127.437362670898892, 34.848472595214844 ], [ 127.433471679687841, 34.834583282470817 ], [ 127.397361755371548, 34.824859619140625 ], [ 127.383750915527344, 34.836528778076115 ], [ 127.359024047852245, 34.837360382080305 ], [ 127.392364501953239, 34.814304351806868 ], [ 127.42791748046875, 34.814025878906477 ], [ 127.395141601563068, 34.796527862548828 ], [ 127.386802673339844, 34.779026031494368 ], [ 127.365974426269759, 34.779582977294979 ], [ 127.402915954589844, 34.76847076416044 ], [ 127.373191833496207, 34.741806030273722 ], [ 127.377082824707486, 34.726249694824219 ], [ 127.407638549804801, 34.704582214355753 ], [ 127.402084350586051, 34.702640533447436 ], [ 127.406524658203466, 34.696804046630916 ], [ 127.424308776855582, 34.6920814514163 ], [ 127.432914733886946, 34.680416107177962 ], [ 127.427360534668082, 34.674861907959212 ], [ 127.447639465332031, 34.67402648925804 ], [ 127.445137023925781, 34.662082672119368 ], [ 127.457916259765625, 34.669303894043082 ], [ 127.457359313964844, 34.662082672119368 ], [ 127.467361450195995, 34.661251068115405 ], [ 127.470970153808821, 34.666526794433594 ], [ 127.462364196777457, 34.670696258545149 ], [ 127.4779129028326, 34.671806335449503 ], [ 127.469581604003906, 34.660972595215014 ], [ 127.491249084472656, 34.642360687255803 ], [ 127.477363586426009, 34.647914886474609 ], [ 127.473747253417969, 34.640693664550895 ], [ 127.464027404785156, 34.649028778076115 ], [ 127.459030151367756, 34.645137786865462 ], [ 127.467918395996321, 34.637084960937614 ], [ 127.493469238281364, 34.635971069335881 ], [ 127.508750915528026, 34.59375 ], [ 127.487915039062614, 34.582084655761946 ], [ 127.487358093261832, 34.573471069335938 ], [ 127.461524963379134, 34.580417633056811 ], [ 127.461524963379134, 34.590972900390796 ], [ 127.444305419921875, 34.576805114746207 ], [ 127.433746337890739, 34.588195800781477 ], [ 127.418197631835938, 34.582637786865519 ], [ 127.389030456543537, 34.600418090820369 ], [ 127.393470764160156, 34.585971832275618 ], [ 127.382919311523551, 34.592639923095703 ], [ 127.386802673339844, 34.586807250976733 ], [ 127.352912902832713, 34.585414886474666 ], [ 127.367919921875, 34.582637786865519 ], [ 127.364585876464844, 34.578193664550952 ], [ 127.35458374023483, 34.578472137451342 ], [ 127.355415344238622, 34.576805114746207 ], [ 127.392082214356037, 34.581527709961165 ], [ 127.393753051758154, 34.569583892822322 ], [ 127.408470153808594, 34.58013916015625 ], [ 127.397636413574446, 34.563194274902401 ], [ 127.393753051758154, 34.567359924316406 ], [ 127.367637634277344, 34.563194274902401 ], [ 127.381805419922102, 34.56291580200218 ], [ 127.373748779296875, 34.552639007568416 ], [ 127.418197631835938, 34.558750152587947 ], [ 127.424026489257926, 34.556526184082259 ], [ 127.416809082031932, 34.553195953369368 ], [ 127.41930389404331, 34.547637939453409 ], [ 127.43096923828125, 34.555137634277344 ], [ 127.427085876464957, 34.547916412353629 ], [ 127.432083129883154, 34.551807403564624 ], [ 127.438194274902685, 34.54819488525402 ], [ 127.42652893066429, 34.542915344238281 ], [ 127.436248779296989, 34.534862518310774 ], [ 127.422363281250341, 34.530418395996151 ], [ 127.42958068847679, 34.511806488037337 ], [ 127.407638549804801, 34.519584655761832 ], [ 127.404029846192088, 34.504859924316463 ], [ 127.389030456543537, 34.510139465332031 ], [ 127.377639770507813, 34.503471374511719 ], [ 127.391250610352245, 34.488750457763729 ], [ 127.382637023925895, 34.478473663330192 ], [ 127.379859924316406, 34.487361907959212 ], [ 127.369026184082259, 34.480415344238338 ], [ 127.35763549804733, 34.492084503173828 ], [ 127.349304199219091, 34.477359771728629 ], [ 127.340698242187727, 34.48930740356468 ], [ 127.341804504394986, 34.480140686035099 ], [ 127.325973510742642, 34.476528167724837 ], [ 127.337638854980582, 34.467361450195256 ], [ 127.322639465332031, 34.469581604003963 ], [ 127.318473815918196, 34.461807250976847 ], [ 127.337638854980582, 34.457359313965071 ], [ 127.340415954590071, 34.449859619140796 ], [ 127.328475952148551, 34.441249847412166 ], [ 127.305137634277344, 34.448749542236442 ], [ 127.317085266113281, 34.454582214355412 ], [ 127.309585571289176, 34.462638854980639 ], [ 127.302360534668196, 34.457084655761719 ], [ 127.300697326660156, 34.470417022705305 ], [ 127.267639160156364, 34.482082366943644 ], [ 127.273750305176009, 34.493194580078182 ], [ 127.282363891601904, 34.490970611572266 ], [ 127.280975341796989, 34.502361297607365 ], [ 127.254302978516307, 34.521251678466967 ], [ 127.244026184082372, 34.520973205566577 ], [ 127.243751525878906, 34.514583587646655 ], [ 127.230972290039063, 34.517917633056868 ], [ 127.233474731445426, 34.524860382080021 ], [ 127.221252441406705, 34.533473968505859 ], [ 127.21402740478527, 34.527084350585938 ], [ 127.217918395996094, 34.533195495605469 ], [ 127.20819091796875, 34.547637939453409 ], [ 127.209304809570654, 34.515972137451399 ], [ 127.182357788086051, 34.535415649414176 ], [ 127.173469543457031, 34.520137786865234 ], [ 127.168197631835938, 34.525970458984375 ], [ 127.137084960937727, 34.522914886474723 ], [ 127.121528625488395, 34.529861450195597 ], [ 127.122360229492188, 34.540695190429915 ], [ 127.112358093261832, 34.546249389648494 ], [ 127.116806030273779, 34.56263732910179 ], [ 127.14569091796875, 34.584861755371264 ], [ 127.148750305175781, 34.600692749023608 ], [ 127.158752441406932, 34.591251373291186 ], [ 127.172080993652457, 34.59486007690424 ], [ 127.172363281250568, 34.625972747802905 ], [ 127.196250915527344, 34.65041732788103 ], [ 127.227638244628906, 34.654026031494141 ], [ 127.232360839843977, 34.680694580078352 ], [ 127.243751525878906, 34.685138702392578 ], [ 127.236251831055256, 34.692638397216854 ], [ 127.254302978516307, 34.705696105957259 ], [ 127.2520828247076, 34.711807250976619 ], [ 127.280693054199787, 34.719028472900334 ], [ 127.279861450195995, 34.699306488037337 ], [ 127.286247253418196, 34.695972442627124 ], [ 127.2781982421875, 34.673751831054858 ], [ 127.314582824707713, 34.664585113525618 ], [ 127.332084655761832, 34.706806182861612 ], [ 127.34458160400402, 34.70958328247076 ], [ 127.332359313964844, 34.715415954590071 ], [ 127.325691223144531, 34.751804351806754 ], [ 127.304031372070767, 34.749584197998047 ], [ 127.292083740234716, 34.730415344238281 ], [ 127.272918701171875, 34.741249084472599 ], [ 127.263191223144531, 34.731250762939624 ], [ 127.244857788086165, 34.760139465331974 ], [ 127.229583740234943, 34.757637023926065 ], [ 127.1834716796875, 34.693748474121207 ], [ 127.14263916015625, 34.692638397216854 ], [ 127.12875366210983, 34.703193664550838 ], [ 127.097640991210938, 34.671249389648381 ], [ 127.06735992431652, 34.663471221924112 ], [ 127.045974731445767, 34.634582519531534 ], [ 127.013191223144645, 34.62430572509777 ], [ 126.966529846191406, 34.625137329101563 ], [ 126.957359313964844, 34.631805419921875 ], [ 126.954582214355469, 34.631805419921875 ], [ 126.970970153808594, 34.620693206787337 ], [ 126.994308471679801, 34.623195648193587 ], [ 126.993751525879134, 34.615139007568359 ], [ 127.009025573731151, 34.607360839843693 ], [ 126.997642517090412, 34.604026794433821 ], [ 126.992362976074219, 34.582359313964957 ], [ 126.979583740234375, 34.5745849609375 ], [ 126.997360229492301, 34.565692901611499 ], [ 127.006805419922443, 34.570137023925895 ], [ 127.005416870117529, 34.55708312988304 ], [ 126.988471984863281, 34.561248779297046 ], [ 126.988746643066861, 34.539585113525391 ], [ 126.972358703613395, 34.542915344238281 ], [ 126.960136413574673, 34.531528472900504 ], [ 126.978469848632926, 34.511806488037337 ], [ 126.96763610839912, 34.509304046631087 ], [ 126.963752746582031, 34.496528625488395 ], [ 126.976249694824219, 34.488471984863565 ], [ 126.978469848632926, 34.470695495605696 ], [ 126.967918395996094, 34.47763824462919 ], [ 126.963752746582031, 34.468193054199446 ], [ 126.955696105957259, 34.46875 ], [ 126.940971374511719, 34.489860534667912 ], [ 126.934585571289517, 34.494026184082145 ], [ 126.947364807129361, 34.456527709960938 ], [ 126.933197021484602, 34.446804046631144 ], [ 126.893753051757813, 34.459026336670036 ], [ 126.8709716796875, 34.455970764160156 ], [ 126.887084960937955, 34.434307098388672 ], [ 126.885414123535384, 34.421527862548828 ], [ 126.872642517090526, 34.437362670898722 ], [ 126.864585876465298, 34.434028625488452 ], [ 126.845138549804801, 34.45124816894554 ], [ 126.806808471679801, 34.450138092041016 ], [ 126.807640075683594, 34.468471527099609 ], [ 126.785697937011719, 34.469028472900561 ], [ 126.796806335449787, 34.479862213134936 ], [ 126.786804199218977, 34.513473510742301 ], [ 126.797920227050781, 34.547916412353629 ], [ 126.789306640625341, 34.553470611572209 ], [ 126.795417785644872, 34.567359924316406 ], [ 126.786247253418651, 34.576248168945597 ], [ 126.788749694824219, 34.586528778076172 ], [ 126.777915954590412, 34.594581604003849 ], [ 126.777915954590412, 34.619026184082031 ], [ 126.790412902832145, 34.638473510742188 ], [ 126.786804199218977, 34.639862060547102 ], [ 126.7701416015625, 34.615970611572322 ], [ 126.764030456542969, 34.533473968505859 ], [ 126.772918701171875, 34.527362823486499 ], [ 126.758750915527457, 34.52430725097679 ], [ 126.765975952148892, 34.499027252197493 ], [ 126.73902893066429, 34.486251831054858 ], [ 126.749031066894645, 34.472637176513672 ], [ 126.724029541015739, 34.442916870117301 ], [ 126.696250915527344, 34.441806793213118 ], [ 126.689857482910156, 34.431804656982592 ], [ 126.674308776855469, 34.42791748046875 ], [ 126.676803588867188, 34.415973663330249 ], [ 126.663475036621662, 34.426807403564737 ], [ 126.650413513183707, 34.422637939453352 ], [ 126.644859313965298, 34.409584045410327 ], [ 126.616531372070313, 34.402362823486612 ], [ 126.62180328369152, 34.395694732666129 ], [ 126.611808776855696, 34.385417938232706 ], [ 126.620697021484716, 34.379028320312784 ], [ 126.620140075683594, 34.358470916748104 ], [ 126.602081298828352, 34.349029541015682 ], [ 126.608749389648665, 34.343471527099553 ], [ 126.600135803222656, 34.335693359375284 ], [ 126.605697631836165, 34.314861297607365 ], [ 126.560417175293651, 34.322360992431641 ], [ 126.544586181641307, 34.302917480468864 ], [ 126.521804809570313, 34.292083740234546 ], [ 126.512359619140966, 34.318748474121207 ], [ 126.527084350585938, 34.333473205566577 ], [ 126.520690917969205, 34.360416412353629 ], [ 126.505416870117188, 34.365970611572379 ], [ 126.472915649414063, 34.348194122314737 ], [ 126.465415954590071, 34.357639312744311 ], [ 126.468750000000227, 34.363471984863281 ], [ 126.478469848633381, 34.355972290039006 ], [ 126.476249694824673, 34.364860534668026 ], [ 126.486526489257813, 34.364028930664233 ], [ 126.473472595214844, 34.377361297607479 ], [ 126.481246948242415, 34.382362365722884 ], [ 126.474861145019759, 34.381248474121321 ], [ 126.470970153808935, 34.384582519531193 ], [ 126.49847412109375, 34.3870849609375 ], [ 126.487083435058594, 34.408473968505973 ], [ 126.507080078125568, 34.400695800781477 ], [ 126.51625061035179, 34.414859771728686 ], [ 126.508750915527344, 34.439582824707259 ], [ 126.496803283691406, 34.431526184082031 ], [ 126.483192443847656, 34.434028625488452 ], [ 126.481803894043082, 34.425140380859432 ], [ 126.453750610351676, 34.44819259643549 ], [ 126.464302062988622, 34.454303741455249 ], [ 126.476249694824673, 34.449306488037223 ], [ 126.467918395996435, 34.456806182861328 ], [ 126.470970153808935, 34.470138549804915 ], [ 126.455413818359375, 34.477085113525618 ], [ 126.466247558593864, 34.483749389648551 ], [ 126.456253051757926, 34.489028930664119 ], [ 126.464027404785156, 34.49569320678728 ], [ 126.456253051757926, 34.50152587890625 ], [ 126.470413208007813, 34.508750915527287 ], [ 126.457084655761719, 34.523471832275675 ], [ 126.441802978515625, 34.52208328247093 ], [ 126.465141296386719, 34.53902816772478 ], [ 126.459030151367415, 34.544303894043196 ], [ 126.459587097168537, 34.537918090820426 ], [ 126.451530456542969, 34.54236221313505 ], [ 126.448196411132813, 34.535415649414176 ], [ 126.434585571289176, 34.535415649414176 ], [ 126.438194274902344, 34.537918090820426 ], [ 126.440414428711051, 34.551807403564624 ], [ 126.415695190429688, 34.559307098388899 ], [ 126.416809082031591, 34.546527862549055 ], [ 126.402084350586051, 34.546527862549055 ], [ 126.402359008789631, 34.538192749023665 ], [ 126.3870849609375, 34.532081604003906 ], [ 126.378753662109375, 34.53902816772478 ], [ 126.388473510742188, 34.55958175659174 ], [ 126.362640380859716, 34.558750152587947 ], [ 126.334861755371321, 34.572917938232536 ], [ 126.313751220703239, 34.566806793213175 ], [ 126.303749084473225, 34.576805114746207 ], [ 126.31263732910179, 34.587638854980526 ], [ 126.298469543457031, 34.590415954589844 ], [ 126.29652404785179, 34.59819412231451 ], [ 126.292083740234375, 34.591804504394588 ], [ 126.27597045898483, 34.595973968505973 ], [ 126.286247253417969, 34.606803894043139 ], [ 126.280418395996776, 34.621807098388842 ], [ 126.289306640625, 34.620693206787337 ], [ 126.29347229003929, 34.630695343017692 ], [ 126.260139465332486, 34.640693664550895 ], [ 126.254585266113281, 34.678195953369425 ], [ 126.262641906738395, 34.685417175293139 ], [ 126.259582519531364, 34.704303741455192 ], [ 126.274024963378906, 34.711807250976619 ], [ 126.28763580322277, 34.759582519531421 ], [ 126.29930877685581, 34.762359619140682 ], [ 126.30958557128929, 34.746250152588175 ], [ 126.318473815917969, 34.75041580200218 ], [ 126.317916870117188, 34.741249084472599 ], [ 126.329307556152912, 34.739582061767862 ], [ 126.330970764160497, 34.720138549804688 ], [ 126.349861145019872, 34.706806182861612 ], [ 126.332916259765625, 34.696250915527514 ], [ 126.334861755371321, 34.672359466552734 ], [ 126.32763671875, 34.662918090820313 ], [ 126.354309082031477, 34.651248931884822 ], [ 126.353195190429688, 34.625972747802905 ], [ 126.370697021484943, 34.617637634277628 ], [ 126.369026184082031, 34.605140686035384 ], [ 126.380691528320767, 34.617362976074276 ], [ 126.392082214355696, 34.604862213134993 ], [ 126.390693664550781, 34.609859466552791 ], [ 126.409584045410156, 34.60708236694353 ], [ 126.408752441406364, 34.600692749023608 ], [ 126.450973510742188, 34.581806182861555 ], [ 126.450141906738395, 34.589584350586051 ], [ 126.480972290039063, 34.602638244629077 ], [ 126.484863281250114, 34.616806030273665 ], [ 126.454864501953125, 34.608470916748047 ], [ 126.450141906738395, 34.633750915527571 ], [ 126.437637329101676, 34.623474121093977 ], [ 126.429031372070313, 34.644859313964901 ], [ 126.417640686035384, 34.642917633056754 ], [ 126.423194885253906, 34.658748626709098 ], [ 126.415138244629475, 34.65958404541027 ], [ 126.415969848633267, 34.666526794433594 ], [ 126.406806945800781, 34.666248321533374 ], [ 126.403472900390625, 34.655418395996037 ], [ 126.388748168945995, 34.647361755371378 ], [ 126.377639770508267, 34.655418395996037 ], [ 126.374305725097656, 34.681804656982536 ], [ 126.384025573730469, 34.681526184082145 ], [ 126.377082824707145, 34.673751831054858 ], [ 126.386528015137287, 34.661529541015568 ], [ 126.395690917969318, 34.67680740356451 ], [ 126.38735961914108, 34.696250915527514 ], [ 126.399307250977131, 34.68597412109375 ], [ 126.405136108398551, 34.691806793213061 ], [ 126.384864807128906, 34.713195800781534 ], [ 126.392913818359489, 34.708751678466967 ], [ 126.397636413574219, 34.71513748168968 ], [ 126.415695190429688, 34.684581756592024 ], [ 126.428192138671989, 34.686248779296932 ], [ 126.424858093261832, 34.692638397216854 ], [ 126.433197021485057, 34.701248168945483 ], [ 126.455970764160384, 34.698749542236385 ], [ 126.429031372070313, 34.667083740234375 ], [ 126.440971374511832, 34.655971527099837 ], [ 126.451248168945313, 34.659305572509879 ], [ 126.450973510742188, 34.651527404785384 ], [ 126.468193054199219, 34.640972137451456 ], [ 126.509864807129588, 34.636528015136832 ], [ 126.526527404785725, 34.624584197998161 ], [ 126.537086486816861, 34.636249542236271 ], [ 126.522918701172102, 34.639862060547102 ], [ 126.524581909179688, 34.651805877685774 ], [ 126.547920227050781, 34.649860382080078 ], [ 126.549583435058594, 34.638473510742188 ], [ 126.585693359375, 34.629859924316349 ], [ 126.623191833496094, 34.632362365722827 ], [ 126.593475341797443, 34.63874816894554 ], [ 126.561531066894645, 34.658195495605696 ], [ 126.556808471680029, 34.669860839844034 ], [ 126.564025878906477, 34.681526184082145 ], [ 126.538749694824446, 34.682640075683878 ], [ 126.530136108398438, 34.706527709961051 ], [ 126.497917175293537, 34.735973358154411 ], [ 126.471801757812727, 34.738193511962947 ], [ 126.456527709961506, 34.728473663330305 ], [ 126.448753356933594, 34.742916107177734 ], [ 126.427635192871207, 34.736251831054801 ], [ 126.429580688476904, 34.743194580078125 ], [ 126.414024353027344, 34.747638702392521 ], [ 126.388473510742188, 34.731529235839787 ], [ 126.363197326660838, 34.739582061767862 ], [ 126.36374664306652, 34.745971679687784 ], [ 126.383750915527457, 34.749862670898438 ], [ 126.386253356933707, 34.759860992431811 ], [ 126.37847137451206, 34.757083892822493 ], [ 126.384025573730469, 34.762916564941634 ], [ 126.378753662109375, 34.766250610351733 ], [ 126.391250610351904, 34.770416259765909 ], [ 126.393196105957145, 34.787361145019815 ], [ 126.369026184082031, 34.780693054199332 ], [ 126.361526489257813, 34.800693511962891 ], [ 126.389030456543196, 34.835140228271769 ], [ 126.412361145019645, 34.842918395996037 ], [ 126.3951416015625, 34.868473052978743 ], [ 126.402084350586051, 34.8795814514163 ], [ 126.394302368164404, 34.88236236572277 ], [ 126.397636413574219, 34.884582519531307 ], [ 126.414581298828352, 34.886806488037166 ], [ 126.417083740234375, 34.888748168945313 ], [ 126.395690917969318, 34.885971069336222 ], [ 126.386802673339957, 34.877639770507983 ], [ 126.391525268554688, 34.899860382080249 ], [ 126.400413513183594, 34.899860382080249 ], [ 126.405136108398551, 34.910972595214957 ], [ 126.391250610351904, 34.922084808349837 ], [ 126.398475646973338, 34.934581756591967 ], [ 126.387916564941406, 34.945693969726676 ], [ 126.393753051757813, 34.963748931884709 ], [ 126.379585266113509, 34.971248626708984 ], [ 126.373474121093864, 34.999027252197209 ], [ 126.367080688477131, 34.99375152587902 ], [ 126.36846923828125, 34.974582672119254 ], [ 126.359306335449219, 34.969581604004077 ], [ 126.360137939453807, 34.961807250976563 ], [ 126.375137329101563, 34.957084655761946 ], [ 126.36541748046875, 34.942916870117188 ], [ 126.374031066894645, 34.941806793212834 ], [ 126.366249084473338, 34.93208312988304 ], [ 126.36846923828125, 34.919303894043196 ], [ 126.355972290039063, 34.930137634277344 ], [ 126.357635498046989, 34.922084808349837 ], [ 126.344024658203125, 34.9148597717288 ], [ 126.329582214355582, 34.916248321533146 ], [ 126.327079772949219, 34.930416107177905 ], [ 126.306808471680256, 34.928195953369197 ], [ 126.304862976074219, 34.934581756591967 ], [ 126.320693969726563, 34.943748474121151 ], [ 126.294860839844205, 34.965694427490234 ], [ 126.312080383301463, 34.9879150390625 ], [ 126.309028625488963, 34.975692749023438 ], [ 126.319030761718977, 34.981529235840128 ], [ 126.32763671875, 34.966804504394759 ], [ 126.347640991211165, 34.975139617920206 ], [ 126.357635498046989, 34.992916107177848 ], [ 126.332916259765625, 34.994026184082202 ], [ 126.389862060546989, 35.024028778076342 ], [ 126.390975952148438, 35.030971527099666 ], [ 126.382362365722656, 35.046806335449162 ], [ 126.351806640625114, 35.039585113525447 ], [ 126.34902954101608, 35.057361602783317 ], [ 126.33152770996162, 35.060974121093921 ], [ 126.344863891601676, 35.069305419921989 ], [ 126.333473205566406, 35.087360382080249 ], [ 126.320419311523892, 35.089027404785156 ], [ 126.313194274902457, 35.081806182861271 ], [ 126.304580688477017, 35.093471527099609 ], [ 126.308197021484375, 35.081249237060717 ], [ 126.317916870117188, 35.07902908325218 ], [ 126.31402587890625, 35.06735992431669 ], [ 126.300971984863395, 35.060974121093921 ], [ 126.313751220703239, 35.053470611572493 ], [ 126.29652404785179, 35.040973663330362 ], [ 126.302085876464844, 35.046249389648608 ], [ 126.290412902832259, 35.048473358154297 ], [ 126.291252136230582, 35.059860229492415 ], [ 126.263191223144986, 35.052917480468693 ], [ 126.256805419921875, 35.07902908325218 ], [ 126.273193359375, 35.083194732666186 ], [ 126.282913208008154, 35.077362060546875 ], [ 126.283470153809276, 35.078472137451399 ], [ 126.271530151367415, 35.08430480957054 ], [ 126.24680328369152, 35.082359313965071 ], [ 126.250968933105469, 35.097362518310774 ], [ 126.267913818359602, 35.097637176513615 ], [ 126.244583129882813, 35.118194580078296 ], [ 126.25235748291027, 35.134304046630859 ], [ 126.261253356933594, 35.131805419921932 ], [ 126.256248474121207, 35.140972137451172 ], [ 126.2701416015625, 35.150417327881144 ], [ 126.279304504394531, 35.135417938232592 ], [ 126.292640686035497, 35.141803741455305 ], [ 126.308746337890625, 35.137359619140909 ], [ 126.307914733886719, 35.127361297607536 ], [ 126.321525573730469, 35.127918243408487 ], [ 126.331253051757813, 35.142082214355696 ], [ 126.324859619141307, 35.148750305175838 ], [ 126.346527099609375, 35.159862518310547 ], [ 126.347084045410156, 35.1376380920413 ], [ 126.339859008789063, 35.117362976074503 ], [ 126.33152770996162, 35.115139007568644 ], [ 126.33597564697277, 35.097084045410384 ], [ 126.330413818359375, 35.094028472900561 ], [ 126.343193054199219, 35.092082977295036 ], [ 126.352638244628906, 35.100971221923885 ], [ 126.345138549805256, 35.077915191650618 ], [ 126.365974426269531, 35.079303741455192 ], [ 126.368194580078125, 35.062362670898665 ], [ 126.387916564941406, 35.086807250976847 ], [ 126.400970458984716, 35.081806182861271 ], [ 126.390975952148438, 35.079860687255973 ], [ 126.38430786132858, 35.06735992431669 ], [ 126.389862060546989, 35.065139770507983 ], [ 126.396804809570313, 35.076805114746264 ], [ 126.40763854980537, 35.062915802002067 ], [ 126.398750305176009, 35.052917480468693 ], [ 126.409027099609489, 35.05263900756853 ], [ 126.390975952148438, 35.044582366943473 ], [ 126.401802062988509, 35.04347229003929 ], [ 126.402359008789631, 35.027915954589957 ], [ 126.4254150390625, 35.027637481689396 ], [ 126.419860839844091, 35.04375076293951 ], [ 126.44319152832054, 35.056804656982706 ], [ 126.457359313965298, 35.075695037841911 ], [ 126.435417175292969, 35.08430480957054 ], [ 126.4576416015625, 35.09013748168951 ], [ 126.464584350585938, 35.100418090820313 ], [ 126.421524047851676, 35.106803894043196 ], [ 126.404304504394531, 35.134304046630859 ], [ 126.3870849609375, 35.142639160156307 ], [ 126.383193969726676, 35.157360076904297 ], [ 126.360137939453807, 35.168193817138956 ], [ 126.363197326660838, 35.179862976074446 ], [ 126.352638244628906, 35.184028625488509 ], [ 126.371246337890625, 35.188751220703125 ], [ 126.367362976074332, 35.196529388427791 ], [ 126.377082824707145, 35.210971832275391 ], [ 126.357635498046989, 35.201805114746151 ], [ 126.359306335449219, 35.207637786865519 ], [ 126.346801757812841, 35.209583282470987 ], [ 126.338470458984943, 35.203472137451286 ], [ 126.341529846191634, 35.209861755371207 ], [ 126.335693359375114, 35.218471527099837 ], [ 126.339584350585938, 35.222915649414063 ], [ 126.325141906738281, 35.223472595214844 ], [ 126.339859008789063, 35.210140228271598 ], [ 126.339859008789063, 35.206527709961165 ], [ 126.333747863769531, 35.203472137451286 ], [ 126.317916870117188, 35.208194732666072 ], [ 126.313468933105582, 35.227085113525447 ], [ 126.299858093261946, 35.230693817138899 ], [ 126.311531066894531, 35.253192901611555 ], [ 126.3256912231451, 35.228473663330192 ], [ 126.340415954589844, 35.240417480468921 ], [ 126.333473205566406, 35.252918243408374 ], [ 126.350418090820995, 35.270973205566577 ], [ 126.329582214355582, 35.273750305175895 ], [ 126.336807250976563, 35.287361145019531 ], [ 126.368751525878906, 35.284305572509822 ], [ 126.373474121093864, 35.298751831054972 ], [ 126.381248474121094, 35.299304962158203 ], [ 126.375694274902344, 35.330417633056868 ], [ 126.396804809570313, 35.369304656982422 ], [ 126.404304504394531, 35.363193511963061 ], [ 126.419586181640625, 35.365970611572379 ], [ 126.429580688476904, 35.35736083984375 ], [ 126.446525573730582, 35.355693817138786 ], [ 126.417640686035384, 35.369583129882983 ], [ 126.409027099609489, 35.378749847412223 ], [ 126.419303894042969, 35.382915496826229 ], [ 126.40791320800804, 35.380695343017521 ], [ 126.40763854980537, 35.392917633056811 ], [ 126.402641296386832, 35.390415191650334 ], [ 126.402641296386832, 35.400417327881087 ], [ 126.409301757812955, 35.399028778076172 ], [ 126.403198242187955, 35.402637481689624 ], [ 126.406524658203125, 35.417362213134936 ], [ 126.422637939453125, 35.429862976074219 ], [ 126.468154907226676, 35.408546447754134 ], [ 126.467353820801122, 35.386051177978686 ], [ 126.4910888671875, 35.37109375 ], [ 126.503959655762401, 35.35780334472679 ], [ 126.502754211426236, 35.346050262451399 ], [ 126.563827514648551, 35.291656494140909 ], [ 126.614944458007926, 35.309906005859602 ], [ 126.665046691894531, 35.305786132812614 ], [ 126.709671020507813, 35.323410034179688 ], [ 126.743621826171875, 35.325103759765625 ], [ 126.789230346679688, 35.38877105712902 ], [ 126.79117584228527, 35.441486358642692 ], [ 126.875801086425781, 35.463966369628906 ], [ 126.957702636718977, 35.41229248046875 ], [ 126.970764160156477, 35.3907470703125 ], [ 126.993659973144759, 35.380996704101563 ], [ 127.051330566406364, 35.430908203125114 ], [ 127.064613342285384, 35.426189422607649 ], [ 127.090202331542969, 35.380825042724723 ], [ 127.113800048828466, 35.362396240234602 ], [ 127.106346130371094, 35.307350158691349 ], [ 127.143753051758154, 35.296249389648551 ], [ 127.22578430175804, 35.303241729736442 ], [ 127.291641235352017, 35.297817230224837 ], [ 127.319976806640739, 35.285278320312671 ], [ 127.341293334961279, 35.293762207031364 ], [ 127.393493652344205, 35.29327392578125 ], [ 127.426460266113281, 35.324020385742244 ], [ 127.51361083984375, 35.323913574218864 ], [ 127.617118835449219, 35.269691467285384 ], [ 127.610336303710938, 35.259948730468807 ], [ 127.62969970703125, 35.244689941406307 ], [ 127.641479492187614, 35.181884765625 ], [ 127.661499023437614, 35.13690185546875 ], [ 127.675720214843977, 35.121887207031307 ], [ 127.69952392578125, 35.113281250000227 ], [ 127.717956542968864, 35.074127197265625 ], [ 127.739898681640739, 35.048004150390796 ], [ 127.768402099609943, 35.033599853515909 ], [ 127.7908935546875, 34.993591308593693 ], [ 127.79229736328125, 34.986602783203125 ], [ 127.77911376953125, 34.981140136719034 ], [ 127.771347045898551, 34.965415954590014 ], [ 127.759582519531591, 34.971248626708984 ], [ 127.735969543457145, 34.955696105957031 ], [ 127.733749389648438, 34.981803894042969 ], [ 127.718750000000682, 34.999584197998331 ], [ 127.731803894043196, 34.954303741455305 ], [ 127.711807250976563, 34.935974121094034 ], [ 127.690414428711165, 34.929306030273551 ], [ 127.692642211914063, 34.914585113525561 ], [ 127.65958404541027, 34.903472900390852 ], [ 127.649024963379134, 34.89125061035179 ], [ 127.638748168945313, 34.903751373291072 ], [ 127.625694274902344, 34.90263748168951 ], [ 127.63903045654331, 34.88791656494152 ], [ 127.624031066894759, 34.902915954590071 ], [ 127.644302368164517, 34.907081604004134 ], [ 127.622360229492188, 34.905139923095987 ], [ 127.606246948242188, 34.924861907958984 ], [ 127.607917785644759, 34.946250915527457 ], [ 127.599861145019986, 34.952083587646598 ], [ 127.599029541016193, 34.925971984863338 ], [ 127.58347320556652, 34.926807403564453 ], [ 127.578193664551122, 34.919860839843807 ], [ 127.592361450195654, 34.91764068603527 ], [ 127.614303588867415, 34.892082214355582 ], [ 127.602912902832486, 34.901527404785156 ], [ 127.60375213623081, 34.886528015136776 ], [ 127.597084045410156, 34.896526336670149 ], [ 127.59124755859375, 34.892917633056697 ], [ 127.597358703613281, 34.886249542236442 ], [ 127.58041381835983, 34.894859313964844 ], [ 127.574028015136719, 34.890693664551009 ], [ 127.594306945800781, 34.882915496826172 ], [ 127.590415954589844, 34.872638702392578 ], [ 127.606246948242188, 34.851806640625057 ], [ 127.636802673340412, 34.845973968506087 ], [ 127.626808166504588, 34.834583282470817 ], [ 127.638191223144531, 34.821804046630973 ], [ 127.640975952148438, 34.832359313964901 ], [ 127.663749694824219, 34.824859619140625 ], [ 127.67569732666027, 34.833473205566634 ], [ 127.673469543457031, 34.840415954590128 ], [ 127.675415039062614, 34.845138549804744 ], [ 127.676528930664063, 34.836250305175952 ], [ 127.690696716308821, 34.840415954590128 ], [ 127.70041656494152, 34.852916717529411 ], [ 127.695137023925781, 34.86430740356451 ], [ 127.701530456543423, 34.85625076293968 ], [ 127.735137939453352, 34.864582061767749 ], [ 127.725135803222656, 34.857082366943473 ], [ 127.742919921875455, 34.850971221924112 ], [ 127.742362976074332, 34.857639312744425 ], [ 127.761253356933707, 34.865417480468693 ], [ 127.777641296386832, 34.858470916748217 ], [ 127.781524658203125, 34.851528167724666 ], [ 127.778198242187955, 34.853748321533203 ], [ 127.772087097167969, 34.851528167724666 ], [ 127.78291320800804, 34.844306945800781 ], [ 127.767913818359489, 34.831806182861499 ], [ 127.774864196777344, 34.822082519531364 ], [ 127.767364501953239, 34.818748474121094 ], [ 127.769027709960938, 34.800140380859659 ], [ 127.759582519531591, 34.800693511962891 ], [ 127.756248474121094, 34.784584045410156 ], [ 127.745140075684162, 34.777637481689624 ], [ 127.754028320313182, 34.763748168945426 ], [ 127.749862670898438, 34.746528625488338 ], [ 127.757637023925895, 34.742637634277514 ] ], [ [ 126.9293212890625, 35.218093872070256 ], [ 126.874649047851563, 35.218826293945426 ], [ 126.856109619140739, 35.195644378662223 ], [ 126.840087890625114, 35.191101074218977 ], [ 126.81684875488304, 35.193527221679688 ], [ 126.77642822265625, 35.218330383300952 ], [ 126.766456604003906, 35.216602325439567 ], [ 126.74285888671875, 35.187026977539063 ], [ 126.702514648437955, 35.175109863281307 ], [ 126.67512512207054, 35.136661529541243 ], [ 126.673706054687955, 35.109497070312557 ], [ 126.677421569824446, 35.103145599365348 ], [ 126.778709411621094, 35.082050323486499 ], [ 126.799659729004247, 35.047473907470646 ], [ 126.859329223632813, 35.054698944091911 ], [ 126.897842407226904, 35.043010711670149 ], [ 126.919136047363736, 35.072906494140739 ], [ 127.006103515625455, 35.087707519531307 ], [ 127.030456542969091, 35.139846801757926 ], [ 127.02850341796875, 35.152656555175895 ], [ 126.970703125000341, 35.170074462890796 ], [ 126.968505859375, 35.200683593750114 ], [ 126.9293212890625, 35.218093872070256 ] ] ] ] } },
{ "type": "Feature", "properties": { "ID_0": 211, "ISO": "KOR", "NAME_0": "South Korea", "ID_1": 15, "NAME_1": "Seoul", "NL_NAME_1": "?????", "VARNAME_1": "Keijo|Séoul|Seul|Seúl|Söul|Soul-t'ukpyolsi", "TYPE_1": "Teukbyeolsi", "ENGTYPE_1": "Capital Metropolitan City" }, "geometry": { "type": "Polygon", "coordinates": [ [ [ 127.0220947265625, 37.664916992187557 ], [ 127.100364685058707, 37.650184631347656 ], [ 127.117919921875227, 37.621093750000057 ], [ 127.125694274902798, 37.536865234375 ], [ 127.157104492187841, 37.535018920898494 ], [ 127.168525695800781, 37.52482986450201 ], [ 127.170890808105469, 37.517303466797102 ], [ 127.145034790039404, 37.494617462158203 ], [ 127.156135559082145, 37.456264495849553 ], [ 127.137481689453125, 37.434410095215128 ], [ 127.094177246093977, 37.428813934326172 ], [ 127.060729980469091, 37.415283203125057 ], [ 127.043701171875114, 37.422119140625057 ], [ 127.031677246093864, 37.4462890625 ], [ 127.020782470703125, 37.448516845703239 ], [ 126.970878601074673, 37.445648193359489 ], [ 126.939689636230469, 37.434913635254134 ], [ 126.896186828613509, 37.438327789306754 ], [ 126.869697570800781, 37.45543289184576 ], [ 126.821044921875227, 37.469890594482479 ], [ 126.82373046875, 37.507080078125284 ], [ 126.81529998779331, 37.519996643066463 ], [ 126.793792724609375, 37.510772705078296 ], [ 126.769859313965185, 37.515422821044922 ], [ 126.793273925781364, 37.560302734375114 ], [ 126.823486328125, 37.580688476562614 ], [ 126.851074218750114, 37.568481445312614 ], [ 126.877113342285384, 37.573162078857536 ], [ 126.909729003906477, 37.625488281250114 ], [ 126.965904235840071, 37.632122039794865 ], [ 127.0220947265625, 37.664916992187557 ] ] ] } },
{ "type": "Feature", "properties": { "ID_0": 211, "ISO": "KOR", "NAME_0": "South Korea", "ID_1": 16, "NAME_1": "Ulsan", "NL_NAME_1": "????? | ?????", "VARNAME_1": "Ulsan-gwangyoksi", "TYPE_1": "Metropolitan City", "ENGTYPE_1": "Metropolitan City" }, "geometry": { "type": "MultiPolygon", "coordinates": [ [ [ [ 129.349853515625455, 35.386249542236328 ], [ 129.352645874024006, 35.385139465332145 ], [ 129.350143432617188, 35.384860992431754 ], [ 129.349853515625455, 35.386249542236328 ] ] ], [ [ [ 129.359298706054688, 35.420970916748047 ], [ 129.361801147461506, 35.419029235840071 ], [ 129.35986328125, 35.417640686035156 ], [ 129.359298706054688, 35.420970916748047 ] ] ], [ [ [ 129.35958862304733, 35.449859619140625 ], [ 129.356246948242188, 35.449028015136832 ], [ 129.360137939453125, 35.45152664184593 ], [ 129.35958862304733, 35.449859619140625 ] ] ], [ [ [ 129.351257324219091, 35.449584960937784 ], [ 129.358474731445426, 35.451805114746094 ], [ 129.351806640625227, 35.448192596435831 ], [ 129.351257324219091, 35.449584960937784 ] ] ], [ [ [ 129.36874389648483, 35.538749694824219 ], [ 129.370971679687727, 35.540416717529524 ], [ 129.374023437500227, 35.537361145019815 ], [ 129.36874389648483, 35.538749694824219 ] ] ], [ [ [ 129.369033813476563, 35.541805267334269 ], [ 129.371810913086051, 35.542083740234432 ], [ 129.373199462890966, 35.540138244628963 ], [ 129.369033813476563, 35.541805267334269 ] ] ], [ [ [ 129.123474121093864, 35.678527832031193 ], [ 129.249847412109943, 35.656600952148608 ], [ 129.248291015625, 35.625671386719034 ], [ 129.275695800781364, 35.609497070312671 ], [ 129.318908691406477, 35.606323242187557 ], [ 129.337646484375455, 35.6314697265625 ], [ 129.420288085938182, 35.606689453125227 ], [ 129.447708129883267, 35.605163574218977 ], [ 129.452255249023438, 35.614860534667969 ], [ 129.459304809570313, 35.613750457763956 ], [ 129.465133666992529, 35.586250305175781 ], [ 129.453201293945313, 35.579582214355639 ], [ 129.458755493164063, 35.552360534668196 ], [ 129.45069885253929, 35.528472900390625 ], [ 129.439865112304688, 35.527084350585881 ], [ 129.447921752929801, 35.526248931884766 ], [ 129.445968627929688, 35.512638092041129 ], [ 129.432632446289517, 35.507915496826115 ], [ 129.44375610351608, 35.501804351806584 ], [ 129.43153381347679, 35.493473052978516 ], [ 129.446533203125, 35.491806030273438 ], [ 129.435409545898438, 35.48014068603544 ], [ 129.424865722656705, 35.483749389648551 ], [ 129.40570068359375, 35.472362518310604 ], [ 129.407363891601563, 35.494026184082145 ], [ 129.3951416015625, 35.501804351806584 ], [ 129.394027709961051, 35.520416259765796 ], [ 129.371246337890739, 35.544303894042969 ], [ 129.350418090820313, 35.547359466552848 ], [ 129.377914428711051, 35.529026031494254 ], [ 129.377090454101563, 35.518196105957088 ], [ 129.386520385742415, 35.516803741455135 ], [ 129.386245727539063, 35.501251220703352 ], [ 129.369857788085938, 35.500137329101676 ], [ 129.365142822265739, 35.5040283203125 ], [ 129.364578247070426, 35.503192901611499 ], [ 129.370132446289517, 35.497917175292969 ], [ 129.380416870117415, 35.500137329101676 ], [ 129.39208984375, 35.486251831054801 ], [ 129.392639160156705, 35.479305267333928 ], [ 129.388473510742188, 35.486804962158203 ], [ 129.380416870117415, 35.470973968505859 ], [ 129.36264038085983, 35.460140228271712 ], [ 129.372909545898438, 35.451805114746094 ], [ 129.372360229492642, 35.450138092041016 ], [ 129.355133056640966, 35.458751678466967 ], [ 129.336807250976676, 35.482639312744368 ], [ 129.329025268554688, 35.483470916748161 ], [ 129.345977783203693, 35.466251373291243 ], [ 129.346801757812955, 35.447082519531477 ], [ 129.359024047851676, 35.447639465332259 ], [ 129.354309082031591, 35.438472747802848 ], [ 129.369857788085938, 35.449306488037394 ], [ 129.363754272460938, 35.43902587890625 ], [ 129.368194580078239, 35.431526184081974 ], [ 129.351531982421875, 35.420970916748047 ], [ 129.363479614257813, 35.405971527099837 ], [ 129.352081298828693, 35.402362823486385 ], [ 129.355972290039176, 35.393749237060604 ], [ 129.34429931640625, 35.380695343017521 ], [ 129.356521606445313, 35.373195648193644 ], [ 129.360412597656591, 35.355693817138786 ], [ 129.336242675781818, 35.356250762939567 ], [ 129.324859619140625, 35.345985412597884 ], [ 129.297119140625, 35.39344787597679 ], [ 129.280517578125, 35.395080566406364 ], [ 129.263305664062727, 35.385681152343807 ], [ 129.246475219727017, 35.389442443847884 ], [ 129.227905273438068, 35.417907714843807 ], [ 129.1671142578125, 35.4334716796875 ], [ 129.140502929687841, 35.469909667968921 ], [ 129.1016845703125, 35.488525390625114 ], [ 129.081115722656705, 35.511108398437671 ], [ 129.017837524414745, 35.510448455810547 ], [ 129.015319824218864, 35.531494140625 ], [ 129.03448486328125, 35.553283691406477 ], [ 129.0380859375, 35.573486328125 ], [ 129.023910522461051, 35.5948486328125 ], [ 129.039306640625, 35.606704711914119 ], [ 129.072509765625, 35.602294921875 ], [ 129.076477050781477, 35.617919921875171 ], [ 129.065124511718864, 35.645080566406307 ], [ 129.069091796875455, 35.65167236328125 ], [ 129.123474121093864, 35.678527832031193 ] ] ] ] } }
]
}
